slot_id,night_id,timestamp_utc,duration_seconds,is_observable,seeing_arcsec,transparency,sky_quality,instrument_efficiency
N20261009-S001,N20261009,2026-10-10T00:15:00Z,900,true,1.288444,0.854179,0.722870,0.937228
N20261009-S002,N20261009,2026-10-10T00:30:00Z,900,true,0.969690,0.776836,0.903906,0.981959
N20261009-S003,N20261009,2026-10-10T00:45:00Z,900,true,1.380655,0.762751,0.779833,0.969869
N20261009-S004,N20261009,2026-10-10T01:00:00Z,900,true,1.090076,0.811680,0.866196,0.938748
N20261009-S005,N20261009,2026-10-10T01:15:00Z,900,true,1.208425,0.764195,0.814873,0.940388
N20261009-S006,N20261009,2026-10-10T01:30:00Z,900,true,1.332981,0.902368,0.904506,0.953073
N20261009-S007,N20261009,2026-10-10T01:45:00Z,900,true,1.132998,0.750731,0.867248,0.956951
N20261009-S008,N20261009,2026-10-10T02:00:00Z,900,true,0.916678,0.800242,0.808304,0.897537
N20261009-S009,N20261009,2026-10-10T02:15:00Z,900,true,1.127531,0.847451,0.706097,0.913316
N20261009-S010,N20261009,2026-10-10T02:30:00Z,900,true,1.395734,0.915752,0.755409,0.883796
N20261009-S011,N20261009,2026-10-10T02:45:00Z,900,true,1.059233,0.929652,0.888562,0.962065
N20261009-S012,N20261009,2026-10-10T03:00:00Z,900,true,1.123398,0.910910,0.867454,0.911165
N20261009-S013,N20261009,2026-10-10T03:15:00Z,900,true,1.114998,0.750378,0.876390,0.937123
N20261009-S014,N20261009,2026-10-10T03:30:00Z,900,true,0.984885,0.911931,0.720602,0.935723
N20261009-S015,N20261009,2026-10-10T03:45:00Z,900,true,1.245867,0.753529,0.818481,0.918108
N20261009-S016,N20261009,2026-10-10T04:00:00Z,900,true,0.999494,0.793339,0.919966,0.971428
N20261009-S017,N20261009,2026-10-10T04:15:00Z,900,true,0.969941,0.890184,0.883564,0.942597
N20261009-S018,N20261009,2026-10-10T04:30:00Z,900,true,1.170550,0.810148,0.752988,0.916639
N20261009-S019,N20261009,2026-10-10T04:45:00Z,900,true,1.133405,0.935635,0.762748,0.922349
N20261009-S020,N20261009,2026-10-10T05:00:00Z,900,true,0.974812,0.863052,0.880126,0.894038
N20261009-S021,N20261009,2026-10-10T05:15:00Z,900,true,1.117212,0.894899,0.914568,0.895696
N20261009-S022,N20261009,2026-10-10T05:30:00Z,900,true,1.396405,0.812942,0.910542,0.882172
N20261009-S023,N20261009,2026-10-10T05:45:00Z,900,true,0.901262,0.750393,0.892061,0.909896
N20261009-S024,N20261009,2026-10-10T06:00:00Z,900,true,1.003666,0.879334,0.884873,0.877713
N20261009-S025,N20261009,2026-10-10T06:15:00Z,900,true,1.161956,0.840635,0.870439,0.942421
N20261009-S026,N20261009,2026-10-10T06:30:00Z,900,true,0.975115,0.889492,0.807417,0.950121
N20261009-S027,N20261009,2026-10-10T06:45:00Z,900,true,1.371258,0.763799,0.861630,0.980927
N20261009-S028,N20261009,2026-10-10T07:00:00Z,900,true,1.054881,0.769832,0.864922,0.960629
N20261009-S029,N20261009,2026-10-10T07:15:00Z,900,true,0.972453,0.767048,0.779749,0.899999
N20261009-S030,N20261009,2026-10-10T07:30:00Z,900,true,0.927953,0.872683,0.780987,0.911986
N20261009-S031,N20261009,2026-10-10T07:45:00Z,900,true,1.274444,0.798711,0.802898,0.881963
N20261009-S032,N20261009,2026-10-10T08:00:00Z,900,true,1.022789,0.932295,0.886622,0.970916
N20261009-S033,N20261009,2026-10-10T08:15:00Z,900,true,1.115440,0.806338,0.746459,0.963960
N20261009-S034,N20261009,2026-10-10T08:30:00Z,900,true,1.170838,0.893892,0.894560,0.902975
N20261010-S001,N20261010,2026-10-11T00:15:00Z,900,true,1.271799,0.726702,0.749183,0.967539
N20261010-S002,N20261010,2026-10-11T00:30:00Z,900,true,1.221801,0.839024,0.828443,0.943679
N20261010-S003,N20261010,2026-10-11T00:45:00Z,900,true,0.902677,0.737168,0.867161,0.906404
N20261010-S004,N20261010,2026-10-11T01:00:00Z,900,true,1.132388,0.857746,0.859357,0.888486
N20261010-S005,N20261010,2026-10-11T01:15:00Z,900,true,1.146863,0.820969,0.846672,0.984263
N20261010-S006,N20261010,2026-10-11T01:30:00Z,900,true,1.100055,0.911423,0.906651,0.945631
N20261010-S007,N20261010,2026-10-11T01:45:00Z,900,true,1.128348,0.858705,0.773183,0.924982
N20261010-S008,N20261010,2026-10-11T02:00:00Z,900,true,1.108118,0.888609,0.778226,0.976006
N20261010-S009,N20261010,2026-10-11T02:15:00Z,900,true,1.172410,0.808963,0.790729,0.928051
N20261010-S010,N20261010,2026-10-11T02:30:00Z,900,true,1.055303,0.855598,0.830013,0.896773
N20261010-S011,N20261010,2026-10-11T02:45:00Z,900,true,1.380728,0.766773,0.792269,0.888552
N20261010-S012,N20261010,2026-10-11T03:00:00Z,900,true,0.961637,0.916534,0.831849,0.957374
N20261010-S013,N20261010,2026-10-11T03:15:00Z,900,true,1.255240,0.857693,0.813549,0.955432
N20261010-S014,N20261010,2026-10-11T03:30:00Z,900,true,1.312137,0.851727,0.807953,0.969866
N20261010-S015,N20261010,2026-10-11T03:45:00Z,900,true,1.187013,0.807903,0.748751,0.876093
N20261010-S016,N20261010,2026-10-11T04:00:00Z,900,true,1.293680,0.729853,0.895900,0.880803
N20261010-S017,N20261010,2026-10-11T04:15:00Z,900,true,0.931837,0.745927,0.896404,0.906678
N20261010-S018,N20261010,2026-10-11T04:30:00Z,900,true,1.196480,0.908721,0.836176,0.875557
N20261010-S019,N20261010,2026-10-11T04:45:00Z,900,true,1.353343,0.774386,0.919382,0.962622
N20261010-S020,N20261010,2026-10-11T05:00:00Z,900,true,1.016968,0.847544,0.820537,0.980787
N20261010-S021,N20261010,2026-10-11T05:15:00Z,900,true,0.936493,0.773800,0.924173,0.940963
N20261010-S022,N20261010,2026-10-11T05:30:00Z,900,true,1.169948,0.774893,0.901243,0.884427
N20261010-S023,N20261010,2026-10-11T05:45:00Z,900,true,1.059384,0.843581,0.899433,0.905838
N20261010-S024,N20261010,2026-10-11T06:00:00Z,900,false,1.065209,0.797791,0.763965,0.922904
N20261010-S025,N20261010,2026-10-11T06:15:00Z,900,true,1.130270,0.903381,0.897071,0.876881
N20261010-S026,N20261010,2026-10-11T06:30:00Z,900,true,1.088473,0.810785,0.924815,0.976991
N20261010-S027,N20261010,2026-10-11T06:45:00Z,900,true,0.969824,0.907701,0.707242,0.931723
N20261010-S028,N20261010,2026-10-11T07:00:00Z,900,true,1.249772,0.921919,0.725537,0.887644
N20261010-S029,N20261010,2026-10-11T07:15:00Z,900,true,1.011413,0.917075,0.722074,0.899839
N20261010-S030,N20261010,2026-10-11T07:30:00Z,900,true,1.276541,0.787959,0.920252,0.950900
N20261010-S031,N20261010,2026-10-11T07:45:00Z,900,false,1.097795,0.869428,0.805066,0.982545
N20261010-S032,N20261010,2026-10-11T08:00:00Z,900,true,1.156761,0.842747,0.751555,0.940985
N20261010-S033,N20261010,2026-10-11T08:15:00Z,900,true,1.176484,0.747869,0.775511,0.883636
N20261010-S034,N20261010,2026-10-11T08:30:00Z,900,true,1.144685,0.934394,0.909011,0.949995
N20261011-S001,N20261011,2026-10-12T00:15:00Z,900,true,1.188546,0.786399,0.761585,0.936122
N20261011-S002,N20261011,2026-10-12T00:30:00Z,900,true,0.985429,0.756426,0.807264,0.910343
N20261011-S003,N20261011,2026-10-12T00:45:00Z,900,false,1.075072,0.902362,0.837008,0.929630
N20261011-S004,N20261011,2026-10-12T01:00:00Z,900,true,0.961354,0.815608,0.762300,0.952099
N20261011-S005,N20261011,2026-10-12T01:15:00Z,900,true,1.380888,0.786615,0.729225,0.877537
N20261011-S006,N20261011,2026-10-12T01:30:00Z,900,true,1.315661,0.791948,0.712411,0.940812
N20261011-S007,N20261011,2026-10-12T01:45:00Z,900,true,0.903329,0.871866,0.911041,0.954857
N20261011-S008,N20261011,2026-10-12T02:00:00Z,900,false,1.273258,0.908892,0.737830,0.962351
N20261011-S009,N20261011,2026-10-12T02:15:00Z,900,true,1.220052,0.726518,0.901716,0.947442
N20261011-S010,N20261011,2026-10-12T02:30:00Z,900,true,0.923449,0.817482,0.771583,0.973816
N20261011-S011,N20261011,2026-10-12T02:45:00Z,900,true,1.123648,0.900626,0.816148,0.947079
N20261011-S012,N20261011,2026-10-12T03:00:00Z,900,true,1.238610,0.815295,0.843431,0.956580
N20261011-S013,N20261011,2026-10-12T03:15:00Z,900,true,1.118523,0.919030,0.792061,0.928688
N20261011-S014,N20261011,2026-10-12T03:30:00Z,900,true,0.894933,0.758624,0.808849,0.957442
N20261011-S015,N20261011,2026-10-12T03:45:00Z,900,true,1.196292,0.809109,0.782602,0.914873
N20261011-S016,N20261011,2026-10-12T04:00:00Z,900,true,1.085847,0.822168,0.706412,0.918709
N20261011-S017,N20261011,2026-10-12T04:15:00Z,900,true,0.905959,0.833885,0.855344,0.931975
N20261011-S018,N20261011,2026-10-12T04:30:00Z,900,true,0.947424,0.887917,0.740503,0.904962
N20261011-S019,N20261011,2026-10-12T04:45:00Z,900,true,1.088038,0.787537,0.817272,0.901454
N20261011-S020,N20261011,2026-10-12T05:00:00Z,900,true,1.298443,0.886517,0.790817,0.884747
N20261011-S021,N20261011,2026-10-12T05:15:00Z,900,true,1.096702,0.924907,0.881508,0.969762
N20261011-S022,N20261011,2026-10-12T05:30:00Z,900,true,0.919134,0.815496,0.841363,0.950285
N20261011-S023,N20261011,2026-10-12T05:45:00Z,900,true,1.146976,0.883154,0.786078,0.950379
N20261011-S024,N20261011,2026-10-12T06:00:00Z,900,true,1.258822,0.885087,0.751040,0.876325
N20261011-S025,N20261011,2026-10-12T06:15:00Z,900,true,1.197792,0.840548,0.838226,0.882053
N20261011-S026,N20261011,2026-10-12T06:30:00Z,900,true,1.143786,0.892005,0.785697,0.936445
N20261011-S027,N20261011,2026-10-12T06:45:00Z,900,true,0.950133,0.888418,0.851086,0.897000
N20261011-S028,N20261011,2026-10-12T07:00:00Z,900,true,1.251756,0.881858,0.762953,0.881694
N20261011-S029,N20261011,2026-10-12T07:15:00Z,900,true,0.958425,0.861767,0.888421,0.916334
N20261011-S030,N20261011,2026-10-12T07:30:00Z,900,true,1.146431,0.762110,0.754280,0.973625
N20261011-S031,N20261011,2026-10-12T07:45:00Z,900,true,1.243884,0.928344,0.869710,0.885729
N20261011-S032,N20261011,2026-10-12T08:00:00Z,900,true,1.308954,0.909779,0.888343,0.957904
N20261011-S033,N20261011,2026-10-12T08:15:00Z,900,true,1.131140,0.928642,0.730346,0.967419
N20261011-S034,N20261011,2026-10-12T08:30:00Z,900,true,1.304517,0.752368,0.872945,0.977534
N20261012-S001,N20261012,2026-10-13T00:15:00Z,900,true,1.295897,0.922236,0.873354,0.974821
N20261012-S002,N20261012,2026-10-13T00:30:00Z,900,true,1.246959,0.740120,0.829622,0.983200
N20261012-S003,N20261012,2026-10-13T00:45:00Z,900,true,1.162395,0.753808,0.771505,0.957185
N20261012-S004,N20261012,2026-10-13T01:00:00Z,900,true,0.962146,0.750284,0.902428,0.875833
N20261012-S005,N20261012,2026-10-13T01:15:00Z,900,true,0.976461,0.730870,0.898909,0.968365
N20261012-S006,N20261012,2026-10-13T01:30:00Z,900,true,1.132274,0.832537,0.892585,0.912402
N20261012-S007,N20261012,2026-10-13T01:45:00Z,900,true,0.958999,0.903213,0.835501,0.878025
N20261012-S008,N20261012,2026-10-13T02:00:00Z,900,true,1.259712,0.890632,0.763449,0.958434
N20261012-S009,N20261012,2026-10-13T02:15:00Z,900,true,1.283650,0.746374,0.844845,0.962300
N20261012-S010,N20261012,2026-10-13T02:30:00Z,900,true,1.106912,0.901604,0.751524,0.919573
N20261012-S011,N20261012,2026-10-13T02:45:00Z,900,true,0.951092,0.908776,0.880781,0.937798
N20261012-S012,N20261012,2026-10-13T03:00:00Z,900,true,1.198143,0.840794,0.812490,0.910672
N20261012-S013,N20261012,2026-10-13T03:15:00Z,900,true,1.266138,0.728745,0.854061,0.971187
N20261012-S014,N20261012,2026-10-13T03:30:00Z,900,true,1.072378,0.852644,0.801778,0.953859
N20261012-S015,N20261012,2026-10-13T03:45:00Z,900,true,1.211677,0.833567,0.819919,0.894181
N20261012-S016,N20261012,2026-10-13T04:00:00Z,900,true,1.285214,0.775046,0.817901,0.898417
N20261012-S017,N20261012,2026-10-13T04:15:00Z,900,false,0.928465,0.736244,0.743562,0.932821
N20261012-S018,N20261012,2026-10-13T04:30:00Z,900,true,1.059183,0.778345,0.854682,0.977353
N20261012-S019,N20261012,2026-10-13T04:45:00Z,900,true,1.061871,0.821125,0.838823,0.886524
N20261012-S020,N20261012,2026-10-13T05:00:00Z,900,false,1.156935,0.771729,0.827718,0.881636
N20261012-S021,N20261012,2026-10-13T05:15:00Z,900,true,1.190790,0.789353,0.901410,0.899530
N20261012-S022,N20261012,2026-10-13T05:30:00Z,900,true,1.198498,0.917486,0.784232,0.981112
N20261012-S023,N20261012,2026-10-13T05:45:00Z,900,true,1.199459,0.906308,0.896415,0.978778
N20261012-S024,N20261012,2026-10-13T06:00:00Z,900,true,1.039308,0.822751,0.811088,0.889386
N20261012-S025,N20261012,2026-10-13T06:15:00Z,900,true,1.092629,0.833884,0.739415,0.926508
N20261012-S026,N20261012,2026-10-13T06:30:00Z,900,true,0.972232,0.866178,0.808418,0.950795
N20261012-S027,N20261012,2026-10-13T06:45:00Z,900,true,0.944260,0.811973,0.744544,0.955305
N20261012-S028,N20261012,2026-10-13T07:00:00Z,900,true,1.087838,0.885492,0.779586,0.893882
N20261012-S029,N20261012,2026-10-13T07:15:00Z,900,true,1.355568,0.829376,0.833944,0.982694
N20261012-S030,N20261012,2026-10-13T07:30:00Z,900,true,1.013610,0.872914,0.761872,0.910693
N20261012-S031,N20261012,2026-10-13T07:45:00Z,900,true,1.161937,0.828747,0.825869,0.882233
N20261012-S032,N20261012,2026-10-13T08:00:00Z,900,true,1.017716,0.932456,0.825072,0.922190
N20261012-S033,N20261012,2026-10-13T08:15:00Z,900,true,1.162575,0.815364,0.904607,0.936425
N20261012-S034,N20261012,2026-10-13T08:30:00Z,900,true,1.022911,0.763478,0.716661,0.941298
N20261013-S001,N20261013,2026-10-14T00:15:00Z,900,true,1.241966,0.501282,0.501292,0.803154
N20261013-S002,N20261013,2026-10-14T00:30:00Z,900,true,1.553258,0.429154,0.743400,0.837592
N20261013-S003,N20261013,2026-10-14T00:45:00Z,900,true,1.576653,0.665692,0.703694,0.879283
N20261013-S004,N20261013,2026-10-14T01:00:00Z,900,true,1.682338,0.567090,0.558793,0.905426
N20261013-S005,N20261013,2026-10-14T01:15:00Z,900,true,1.493326,0.566952,0.436581,0.797336
N20261013-S006,N20261013,2026-10-14T01:30:00Z,900,true,1.261113,0.609573,0.497642,0.934027
N20261013-S007,N20261013,2026-10-14T01:45:00Z,900,true,1.340066,0.592401,0.483416,0.883822
N20261013-S008,N20261013,2026-10-14T02:00:00Z,900,true,1.504314,0.449179,0.742035,0.797935
N20261013-S009,N20261013,2026-10-14T02:15:00Z,900,false,1.354959,0.723145,0.731764,0.867310
N20261013-S010,N20261013,2026-10-14T02:30:00Z,900,true,1.467988,0.487681,0.497542,0.843394
N20261013-S011,N20261013,2026-10-14T02:45:00Z,900,true,1.565709,0.502818,0.687734,0.805493
N20261013-S012,N20261013,2026-10-14T03:00:00Z,900,true,1.592251,0.508882,0.435822,0.798670
N20261013-S013,N20261013,2026-10-14T03:15:00Z,900,true,1.884689,0.482398,0.633385,0.814558
N20261013-S014,N20261013,2026-10-14T03:30:00Z,900,true,1.770904,0.532441,0.517774,0.832891
N20261013-S015,N20261013,2026-10-14T03:45:00Z,900,false,1.236849,0.587472,0.598777,0.871024
N20261013-S016,N20261013,2026-10-14T04:00:00Z,900,true,1.772863,0.677017,0.448331,0.823169
N20261013-S017,N20261013,2026-10-14T04:15:00Z,900,true,1.297333,0.736995,0.665438,0.873186
N20261013-S018,N20261013,2026-10-14T04:30:00Z,900,true,1.237505,0.596847,0.662827,0.875209
N20261013-S019,N20261013,2026-10-14T04:45:00Z,900,true,1.870853,0.668755,0.537818,0.882356
N20261013-S020,N20261013,2026-10-14T05:00:00Z,900,true,1.614675,0.657462,0.678488,0.891763
N20261013-S021,N20261013,2026-10-14T05:15:00Z,900,true,1.677370,0.467373,0.556811,0.870131
N20261013-S022,N20261013,2026-10-14T05:30:00Z,900,true,1.522493,0.495941,0.629628,0.820738
N20261013-S023,N20261013,2026-10-14T05:45:00Z,900,false,1.744888,0.701073,0.573282,0.918174
N20261013-S024,N20261013,2026-10-14T06:00:00Z,900,true,1.688717,0.603293,0.536218,0.853336
N20261013-S025,N20261013,2026-10-14T06:15:00Z,900,true,1.575653,0.612259,0.754794,0.829838
N20261013-S026,N20261013,2026-10-14T06:30:00Z,900,true,1.635193,0.448428,0.643847,0.833849
N20261013-S027,N20261013,2026-10-14T06:45:00Z,900,true,1.379729,0.436345,0.509036,0.829720
N20261013-S028,N20261013,2026-10-14T07:00:00Z,900,true,1.265890,0.445438,0.464116,0.833607
N20261013-S029,N20261013,2026-10-14T07:15:00Z,900,true,1.258944,0.728278,0.693918,0.846739
N20261013-S030,N20261013,2026-10-14T07:30:00Z,900,false,1.890143,0.556012,0.561111,0.925938
N20261013-S031,N20261013,2026-10-14T07:45:00Z,900,true,1.212812,0.514143,0.577782,0.912991
N20261013-S032,N20261013,2026-10-14T08:00:00Z,900,true,1.512189,0.654459,0.748419,0.835715
N20261013-S033,N20261013,2026-10-14T08:15:00Z,900,true,1.356483,0.516397,0.638640,0.892948
N20261013-S034,N20261013,2026-10-14T08:30:00Z,900,true,1.690763,0.711654,0.696832,0.907836
N20261014-S001,N20261014,2026-10-15T00:15:00Z,900,true,1.243416,0.737372,0.922089,0.962260
N20261014-S002,N20261014,2026-10-15T00:30:00Z,900,true,1.284873,0.928125,0.767896,0.901188
N20261014-S003,N20261014,2026-10-15T00:45:00Z,900,true,1.348851,0.757989,0.720637,0.944231
N20261014-S004,N20261014,2026-10-15T01:00:00Z,900,true,1.077672,0.731662,0.756351,0.945401
N20261014-S005,N20261014,2026-10-15T01:15:00Z,900,false,1.338787,0.824067,0.792998,0.920966
N20261014-S006,N20261014,2026-10-15T01:30:00Z,900,true,1.198956,0.783065,0.922591,0.915448
N20261014-S007,N20261014,2026-10-15T01:45:00Z,900,true,1.231830,0.928987,0.708696,0.907968
N20261014-S008,N20261014,2026-10-15T02:00:00Z,900,true,0.945069,0.876493,0.898420,0.975760
N20261014-S009,N20261014,2026-10-15T02:15:00Z,900,true,1.076235,0.728592,0.855943,0.945245
N20261014-S010,N20261014,2026-10-15T02:30:00Z,900,true,1.309284,0.848401,0.778719,0.911792
N20261014-S011,N20261014,2026-10-15T02:45:00Z,900,true,1.265577,0.734807,0.716721,0.958778
N20261014-S012,N20261014,2026-10-15T03:00:00Z,900,true,1.211389,0.852628,0.850183,0.958603
N20261014-S013,N20261014,2026-10-15T03:15:00Z,900,true,1.104167,0.815623,0.914615,0.950172
N20261014-S014,N20261014,2026-10-15T03:30:00Z,900,true,1.050394,0.911864,0.907611,0.898176
N20261014-S015,N20261014,2026-10-15T03:45:00Z,900,true,1.083576,0.785266,0.799083,0.891463
N20261014-S016,N20261014,2026-10-15T04:00:00Z,900,true,0.993484,0.876434,0.857380,0.941386
N20261014-S017,N20261014,2026-10-15T04:15:00Z,900,true,1.287359,0.749365,0.870934,0.905941
N20261014-S018,N20261014,2026-10-15T04:30:00Z,900,true,1.144620,0.882971,0.763634,0.943915
N20261014-S019,N20261014,2026-10-15T04:45:00Z,900,true,1.140678,0.820312,0.857928,0.908978
N20261014-S020,N20261014,2026-10-15T05:00:00Z,900,true,1.323815,0.926099,0.859819,0.940772
N20261014-S021,N20261014,2026-10-15T05:15:00Z,900,true,0.993129,0.889992,0.918064,0.965302
N20261014-S022,N20261014,2026-10-15T05:30:00Z,900,true,1.129878,0.735242,0.836572,0.907842
N20261014-S023,N20261014,2026-10-15T05:45:00Z,900,true,1.383096,0.826432,0.839453,0.884482
N20261014-S024,N20261014,2026-10-15T06:00:00Z,900,true,1.017264,0.782822,0.867012,0.939226
N20261014-S025,N20261014,2026-10-15T06:15:00Z,900,true,1.002401,0.869611,0.922706,0.979485
N20261014-S026,N20261014,2026-10-15T06:30:00Z,900,true,1.407581,0.730164,0.889690,0.941774
N20261014-S027,N20261014,2026-10-15T06:45:00Z,900,true,1.187346,0.927557,0.874847,0.884891
N20261014-S028,N20261014,2026-10-15T07:00:00Z,900,true,1.393204,0.775487,0.835239,0.957589
N20261014-S029,N20261014,2026-10-15T07:15:00Z,900,true,1.157736,0.787663,0.885230,0.884677
N20261014-S030,N20261014,2026-10-15T07:30:00Z,900,false,1.286711,0.790725,0.887340,0.946248
N20261014-S031,N20261014,2026-10-15T07:45:00Z,900,true,1.403643,0.901214,0.741874,0.942659
N20261014-S032,N20261014,2026-10-15T08:00:00Z,900,true,1.187589,0.918293,0.877412,0.964005
N20261014-S033,N20261014,2026-10-15T08:15:00Z,900,true,1.239809,0.935819,0.799754,0.937283
N20261014-S034,N20261014,2026-10-15T08:30:00Z,900,true,0.894241,0.861067,0.822637,0.923550
N20261015-S001,N20261015,2026-10-16T00:15:00Z,900,true,1.214753,0.880515,0.874605,0.924274
N20261015-S002,N20261015,2026-10-16T00:30:00Z,900,true,1.300422,0.802169,0.807305,0.946672
N20261015-S003,N20261015,2026-10-16T00:45:00Z,900,true,1.138501,0.799134,0.917413,0.878639
N20261015-S004,N20261015,2026-10-16T01:00:00Z,900,true,1.024514,0.820826,0.815988,0.901064
N20261015-S005,N20261015,2026-10-16T01:15:00Z,900,true,1.056120,0.785312,0.773371,0.929639
N20261015-S006,N20261015,2026-10-16T01:30:00Z,900,true,1.374435,0.860322,0.865288,0.972161
N20261015-S007,N20261015,2026-10-16T01:45:00Z,900,true,1.144816,0.794098,0.809701,0.957756
N20261015-S008,N20261015,2026-10-16T02:00:00Z,900,true,1.264524,0.815295,0.864241,0.943441
N20261015-S009,N20261015,2026-10-16T02:15:00Z,900,true,1.174321,0.867281,0.885607,0.934713
N20261015-S010,N20261015,2026-10-16T02:30:00Z,900,true,1.145138,0.761043,0.802451,0.939803
N20261015-S011,N20261015,2026-10-16T02:45:00Z,900,true,1.336114,0.895230,0.716378,0.976350
N20261015-S012,N20261015,2026-10-16T03:00:00Z,900,true,1.304827,0.726736,0.784462,0.895706
N20261015-S013,N20261015,2026-10-16T03:15:00Z,900,true,1.045433,0.932192,0.864049,0.879708
N20261015-S014,N20261015,2026-10-16T03:30:00Z,900,true,1.324719,0.932572,0.841071,0.907532
N20261015-S015,N20261015,2026-10-16T03:45:00Z,900,true,1.226854,0.851345,0.731560,0.943456
N20261015-S016,N20261015,2026-10-16T04:00:00Z,900,true,0.907269,0.913724,0.748555,0.959306
N20261015-S017,N20261015,2026-10-16T04:15:00Z,900,true,1.081675,0.927404,0.807697,0.905303
N20261015-S018,N20261015,2026-10-16T04:30:00Z,900,false,1.059532,0.902421,0.784386,0.904615
N20261015-S019,N20261015,2026-10-16T04:45:00Z,900,true,1.090062,0.770216,0.910157,0.980130
N20261015-S020,N20261015,2026-10-16T05:00:00Z,900,true,1.250567,0.835827,0.825619,0.968131
N20261015-S021,N20261015,2026-10-16T05:15:00Z,900,true,1.219581,0.827397,0.733141,0.976708
N20261015-S022,N20261015,2026-10-16T05:30:00Z,900,true,1.006797,0.732302,0.718466,0.938870
N20261015-S023,N20261015,2026-10-16T05:45:00Z,900,true,1.272514,0.846896,0.769557,0.900455
N20261015-S024,N20261015,2026-10-16T06:00:00Z,900,true,1.301367,0.869910,0.787920,0.906468
N20261015-S025,N20261015,2026-10-16T06:15:00Z,900,true,1.020043,0.877621,0.742754,0.906322
N20261015-S026,N20261015,2026-10-16T06:30:00Z,900,false,1.253460,0.775330,0.810081,0.889711
N20261015-S027,N20261015,2026-10-16T06:45:00Z,900,true,1.203243,0.825879,0.732497,0.890712
N20261015-S028,N20261015,2026-10-16T07:00:00Z,900,true,1.243327,0.729594,0.814517,0.959377
N20261015-S029,N20261015,2026-10-16T07:15:00Z,900,false,1.018922,0.796528,0.755696,0.910178
N20261015-S030,N20261015,2026-10-16T07:30:00Z,900,true,1.340645,0.935772,0.711121,0.906043
N20261015-S031,N20261015,2026-10-16T07:45:00Z,900,false,0.980340,0.744715,0.888504,0.895337
N20261015-S032,N20261015,2026-10-16T08:00:00Z,900,true,1.110768,0.908474,0.723581,0.903442
N20261015-S033,N20261015,2026-10-16T08:15:00Z,900,false,1.318085,0.768873,0.890271,0.948803
N20261015-S034,N20261015,2026-10-16T08:30:00Z,900,true,1.313002,0.918815,0.753847,0.980540
N20261016-S001,N20261016,2026-10-17T00:15:00Z,900,true,0.911254,0.922167,0.896490,0.908865
N20261016-S002,N20261016,2026-10-17T00:30:00Z,900,true,1.245214,0.808973,0.748837,0.887832
N20261016-S003,N20261016,2026-10-17T00:45:00Z,900,true,1.047576,0.798835,0.874543,0.977764
N20261016-S004,N20261016,2026-10-17T01:00:00Z,900,true,1.154318,0.866772,0.922546,0.929100
N20261016-S005,N20261016,2026-10-17T01:15:00Z,900,true,1.053112,0.810862,0.886137,0.899750
N20261016-S006,N20261016,2026-10-17T01:30:00Z,900,true,1.132926,0.870788,0.861087,0.879568
N20261016-S007,N20261016,2026-10-17T01:45:00Z,900,true,0.994539,0.899020,0.860549,0.942205
N20261016-S008,N20261016,2026-10-17T02:00:00Z,900,true,1.369926,0.868297,0.851095,0.925903
N20261016-S009,N20261016,2026-10-17T02:15:00Z,900,false,1.003176,0.876060,0.868508,0.905111
N20261016-S010,N20261016,2026-10-17T02:30:00Z,900,true,1.223186,0.867668,0.812708,0.926328
N20261016-S011,N20261016,2026-10-17T02:45:00Z,900,true,1.287285,0.864520,0.852275,0.910956
N20261016-S012,N20261016,2026-10-17T03:00:00Z,900,true,0.920905,0.909693,0.732884,0.964717
N20261016-S013,N20261016,2026-10-17T03:15:00Z,900,false,1.380753,0.899333,0.893467,0.918763
N20261016-S014,N20261016,2026-10-17T03:30:00Z,900,true,1.009225,0.735690,0.853914,0.975692
N20261016-S015,N20261016,2026-10-17T03:45:00Z,900,true,1.205507,0.920767,0.729770,0.952443
N20261016-S016,N20261016,2026-10-17T04:00:00Z,900,true,1.338342,0.748082,0.712441,0.949152
N20261016-S017,N20261016,2026-10-17T04:15:00Z,900,true,1.390212,0.856470,0.784140,0.910837
N20261016-S018,N20261016,2026-10-17T04:30:00Z,900,true,0.925820,0.740515,0.889020,0.959051
N20261016-S019,N20261016,2026-10-17T04:45:00Z,900,true,1.007657,0.763962,0.832568,0.931458
N20261016-S020,N20261016,2026-10-17T05:00:00Z,900,true,1.106942,0.824438,0.800514,0.981224
N20261016-S021,N20261016,2026-10-17T05:15:00Z,900,true,0.901054,0.854299,0.764813,0.928382
N20261016-S022,N20261016,2026-10-17T05:30:00Z,900,true,1.161973,0.859796,0.711061,0.952004
N20261016-S023,N20261016,2026-10-17T05:45:00Z,900,true,1.106531,0.844071,0.804012,0.885216
N20261016-S024,N20261016,2026-10-17T06:00:00Z,900,true,0.936433,0.914668,0.726032,0.938265
N20261016-S025,N20261016,2026-10-17T06:15:00Z,900,true,0.987155,0.742614,0.912963,0.964476
N20261016-S026,N20261016,2026-10-17T06:30:00Z,900,true,1.390228,0.826000,0.847630,0.984067
N20261016-S027,N20261016,2026-10-17T06:45:00Z,900,true,1.023236,0.908381,0.797595,0.902771
N20261016-S028,N20261016,2026-10-17T07:00:00Z,900,true,1.068868,0.916315,0.786570,0.926263
N20261016-S029,N20261016,2026-10-17T07:15:00Z,900,true,1.167000,0.804049,0.915634,0.875334
N20261016-S030,N20261016,2026-10-17T07:30:00Z,900,true,1.002777,0.755027,0.756475,0.881080
N20261016-S031,N20261016,2026-10-17T07:45:00Z,900,true,1.087017,0.928882,0.925575,0.961265
N20261016-S032,N20261016,2026-10-17T08:00:00Z,900,true,1.067557,0.794667,0.720322,0.926710
N20261016-S033,N20261016,2026-10-17T08:15:00Z,900,true,1.295264,0.893785,0.829670,0.894087
N20261016-S034,N20261016,2026-10-17T08:30:00Z,900,true,0.994485,0.739849,0.848033,0.883490
N20261017-S001,N20261017,2026-10-18T00:15:00Z,900,true,1.869922,0.528427,0.743525,0.911767
N20261017-S002,N20261017,2026-10-18T00:30:00Z,900,true,1.716798,0.697946,0.681404,0.891949
N20261017-S003,N20261017,2026-10-18T00:45:00Z,900,true,1.862798,0.676569,0.644071,0.903211
N20261017-S004,N20261017,2026-10-18T01:00:00Z,900,true,1.374056,0.472830,0.419019,0.793080
N20261017-S005,N20261017,2026-10-18T01:15:00Z,900,true,1.933342,0.676972,0.558329,0.789802
N20261017-S006,N20261017,2026-10-18T01:30:00Z,900,false,1.331333,0.519723,0.765107,0.879995
N20261017-S007,N20261017,2026-10-18T01:45:00Z,900,true,1.538394,0.462175,0.584328,0.783842
N20261017-S008,N20261017,2026-10-18T02:00:00Z,900,true,1.645733,0.509014,0.473663,0.839587
N20261017-S009,N20261017,2026-10-18T02:15:00Z,900,true,1.357451,0.709074,0.614779,0.792608
N20261017-S010,N20261017,2026-10-18T02:30:00Z,900,true,1.275056,0.693727,0.444211,0.777949
N20261017-S011,N20261017,2026-10-18T02:45:00Z,900,true,1.494288,0.636357,0.439127,0.932781
N20261017-S012,N20261017,2026-10-18T03:00:00Z,900,true,1.480783,0.557725,0.633575,0.844843
N20261017-S013,N20261017,2026-10-18T03:15:00Z,900,true,1.407525,0.694844,0.749873,0.902508
N20261017-S014,N20261017,2026-10-18T03:30:00Z,900,true,1.350777,0.656770,0.650080,0.870000
N20261017-S015,N20261017,2026-10-18T03:45:00Z,900,true,1.876790,0.503914,0.730478,0.923931
N20261017-S016,N20261017,2026-10-18T04:00:00Z,900,true,1.957753,0.640674,0.749592,0.896557
N20261017-S017,N20261017,2026-10-18T04:15:00Z,900,true,1.329951,0.624231,0.455873,0.890995
N20261017-S018,N20261017,2026-10-18T04:30:00Z,900,true,1.415956,0.436468,0.654630,0.797864
N20261017-S019,N20261017,2026-10-18T04:45:00Z,900,false,1.453835,0.447169,0.560824,0.847227
N20261017-S020,N20261017,2026-10-18T05:00:00Z,900,true,1.692962,0.586233,0.617329,0.814017
N20261017-S021,N20261017,2026-10-18T05:15:00Z,900,true,1.489083,0.465508,0.487504,0.830706
N20261017-S022,N20261017,2026-10-18T05:30:00Z,900,true,1.684442,0.596408,0.466412,0.848806
N20261017-S023,N20261017,2026-10-18T05:45:00Z,900,true,1.322028,0.727735,0.715954,0.825583
N20261017-S024,N20261017,2026-10-18T06:00:00Z,900,true,1.363130,0.674445,0.594831,0.796721
N20261017-S025,N20261017,2026-10-18T06:15:00Z,900,true,1.504213,0.554958,0.655225,0.803812
N20261017-S026,N20261017,2026-10-18T06:30:00Z,900,true,1.909571,0.708465,0.618789,0.861590
N20261017-S027,N20261017,2026-10-18T06:45:00Z,900,true,1.249641,0.578571,0.680076,0.796456
N20261017-S028,N20261017,2026-10-18T07:00:00Z,900,true,1.288942,0.473355,0.739384,0.791956
N20261017-S029,N20261017,2026-10-18T07:15:00Z,900,true,1.311512,0.717878,0.538115,0.873028
N20261017-S030,N20261017,2026-10-18T07:30:00Z,900,true,1.382747,0.533487,0.495387,0.794927
N20261017-S031,N20261017,2026-10-18T07:45:00Z,900,true,1.930263,0.564965,0.474184,0.814569
N20261017-S032,N20261017,2026-10-18T08:00:00Z,900,true,1.836937,0.675024,0.432934,0.869968
N20261017-S033,N20261017,2026-10-18T08:15:00Z,900,true,1.907044,0.560705,0.577921,0.817285
N20261017-S034,N20261017,2026-10-18T08:30:00Z,900,true,1.944185,0.502036,0.589277,0.800648
N20261018-S001,N20261018,2026-10-19T00:15:00Z,900,true,1.059593,0.913055,0.715455,0.982367
N20261018-S002,N20261018,2026-10-19T00:30:00Z,900,false,1.223194,0.754056,0.723601,0.913664
N20261018-S003,N20261018,2026-10-19T00:45:00Z,900,true,1.128305,0.787555,0.787102,0.893521
N20261018-S004,N20261018,2026-10-19T01:00:00Z,900,false,1.189351,0.891883,0.738544,0.961124
N20261018-S005,N20261018,2026-10-19T01:15:00Z,900,true,1.063404,0.727502,0.820619,0.913408
N20261018-S006,N20261018,2026-10-19T01:30:00Z,900,true,0.984774,0.876970,0.754309,0.898165
N20261018-S007,N20261018,2026-10-19T01:45:00Z,900,true,1.402292,0.892313,0.864461,0.898684
N20261018-S008,N20261018,2026-10-19T02:00:00Z,900,true,1.146651,0.794404,0.713867,0.948610
N20261018-S009,N20261018,2026-10-19T02:15:00Z,900,true,1.244374,0.898515,0.845494,0.917016
N20261018-S010,N20261018,2026-10-19T02:30:00Z,900,true,1.264399,0.730989,0.787693,0.972295
N20261018-S011,N20261018,2026-10-19T02:45:00Z,900,true,1.321672,0.836465,0.781757,0.923607
N20261018-S012,N20261018,2026-10-19T03:00:00Z,900,true,1.282100,0.767081,0.773154,0.877738
N20261018-S013,N20261018,2026-10-19T03:15:00Z,900,true,1.101403,0.909821,0.823536,0.886706
N20261018-S014,N20261018,2026-10-19T03:30:00Z,900,true,1.265092,0.894451,0.891972,0.883617
N20261018-S015,N20261018,2026-10-19T03:45:00Z,900,true,1.292167,0.879856,0.812027,0.922941
N20261018-S016,N20261018,2026-10-19T04:00:00Z,900,true,1.105355,0.855104,0.737827,0.948966
N20261018-S017,N20261018,2026-10-19T04:15:00Z,900,true,1.337314,0.801325,0.899295,0.878049
N20261018-S018,N20261018,2026-10-19T04:30:00Z,900,true,1.189860,0.744893,0.914446,0.883866
N20261018-S019,N20261018,2026-10-19T04:45:00Z,900,true,1.201620,0.793539,0.880599,0.952032
N20261018-S020,N20261018,2026-10-19T05:00:00Z,900,true,1.100987,0.928227,0.911438,0.968597
N20261018-S021,N20261018,2026-10-19T05:15:00Z,900,true,1.296372,0.778805,0.853439,0.906968
N20261018-S022,N20261018,2026-10-19T05:30:00Z,900,true,0.997740,0.892022,0.844981,0.875417
N20261018-S023,N20261018,2026-10-19T05:45:00Z,900,true,1.204596,0.849000,0.880678,0.908469
N20261018-S024,N20261018,2026-10-19T06:00:00Z,900,true,0.995765,0.903015,0.720782,0.889056
N20261018-S025,N20261018,2026-10-19T06:15:00Z,900,true,1.382967,0.930549,0.889629,0.913646
N20261018-S026,N20261018,2026-10-19T06:30:00Z,900,true,1.187188,0.785061,0.786340,0.886119
N20261018-S027,N20261018,2026-10-19T06:45:00Z,900,true,1.193807,0.839004,0.749555,0.880888
N20261018-S028,N20261018,2026-10-19T07:00:00Z,900,true,0.959599,0.902579,0.869856,0.956161
N20261018-S029,N20261018,2026-10-19T07:15:00Z,900,true,0.923197,0.763031,0.864020,0.983518
N20261018-S030,N20261018,2026-10-19T07:30:00Z,900,true,1.233986,0.933430,0.839695,0.882663
N20261018-S031,N20261018,2026-10-19T07:45:00Z,900,true,1.176494,0.821475,0.874105,0.904410
N20261018-S032,N20261018,2026-10-19T08:00:00Z,900,true,1.062642,0.872913,0.736506,0.966767
N20261018-S033,N20261018,2026-10-19T08:15:00Z,900,true,1.131102,0.783485,0.778313,0.959726
N20261018-S034,N20261018,2026-10-19T08:30:00Z,900,true,1.355090,0.885619,0.746740,0.948336
N20261019-S001,N20261019,2026-10-20T00:15:00Z,900,true,2.002516,0.266834,0.471443,0.648916
N20261019-S002,N20261019,2026-10-20T00:30:00Z,900,false,1.661322,0.193242,0.485761,0.730095
N20261019-S003,N20261019,2026-10-20T00:45:00Z,900,false,2.422752,0.195452,0.511860,0.763725
N20261019-S004,N20261019,2026-10-20T01:00:00Z,900,true,2.146973,0.473870,0.428398,0.772915
N20261019-S005,N20261019,2026-10-20T01:15:00Z,900,true,2.421244,0.146212,0.226695,0.839405
N20261019-S006,N20261019,2026-10-20T01:30:00Z,900,false,1.825756,0.343955,0.282469,0.632322
N20261019-S007,N20261019,2026-10-20T01:45:00Z,900,true,2.135400,0.304243,0.321487,0.620841
N20261019-S008,N20261019,2026-10-20T02:00:00Z,900,true,2.000456,0.474209,0.478649,0.813318
N20261019-S009,N20261019,2026-10-20T02:15:00Z,900,true,2.391604,0.147908,0.409570,0.672268
N20261019-S010,N20261019,2026-10-20T02:30:00Z,900,true,2.584318,0.343603,0.265777,0.619096
N20261019-S011,N20261019,2026-10-20T02:45:00Z,900,false,1.696494,0.511983,0.242035,0.663400
N20261019-S012,N20261019,2026-10-20T03:00:00Z,900,true,1.827621,0.223530,0.217500,0.791118
N20261019-S013,N20261019,2026-10-20T03:15:00Z,900,true,2.053521,0.442074,0.377869,0.781742
N20261019-S014,N20261019,2026-10-20T03:30:00Z,900,true,2.210391,0.176246,0.193669,0.619371
N20261019-S015,N20261019,2026-10-20T03:45:00Z,900,true,1.815241,0.462912,0.524606,0.823685
N20261019-S016,N20261019,2026-10-20T04:00:00Z,900,false,2.119358,0.361284,0.531948,0.638394
N20261019-S017,N20261019,2026-10-20T04:15:00Z,900,false,2.103941,0.517703,0.174545,0.750766
N20261019-S018,N20261019,2026-10-20T04:30:00Z,900,true,1.747758,0.500118,0.525732,0.827233
N20261019-S019,N20261019,2026-10-20T04:45:00Z,900,true,2.257822,0.447388,0.206467,0.836037
N20261019-S020,N20261019,2026-10-20T05:00:00Z,900,true,2.005269,0.484022,0.495631,0.642427
N20261019-S021,N20261019,2026-10-20T05:15:00Z,900,true,1.897594,0.198176,0.378103,0.826050
N20261019-S022,N20261019,2026-10-20T05:30:00Z,900,true,2.457603,0.253171,0.334095,0.694713
N20261019-S023,N20261019,2026-10-20T05:45:00Z,900,false,2.292980,0.164472,0.344070,0.769780
N20261019-S024,N20261019,2026-10-20T06:00:00Z,900,true,2.278628,0.215549,0.162846,0.624106
N20261019-S025,N20261019,2026-10-20T06:15:00Z,900,true,2.341150,0.261563,0.478686,0.805039
N20261019-S026,N20261019,2026-10-20T06:30:00Z,900,true,1.748823,0.282187,0.230556,0.672461
N20261019-S027,N20261019,2026-10-20T06:45:00Z,900,true,1.810768,0.355533,0.459116,0.817483
N20261019-S028,N20261019,2026-10-20T07:00:00Z,900,false,2.467813,0.323214,0.309383,0.761502
N20261019-S029,N20261019,2026-10-20T07:15:00Z,900,true,1.693076,0.516136,0.383383,0.628636
N20261019-S030,N20261019,2026-10-20T07:30:00Z,900,true,2.077664,0.163154,0.306069,0.691215
N20261019-S031,N20261019,2026-10-20T07:45:00Z,900,true,2.474867,0.402201,0.277589,0.658147
N20261019-S032,N20261019,2026-10-20T08:00:00Z,900,true,2.596293,0.276522,0.318996,0.809404
N20261019-S033,N20261019,2026-10-20T08:15:00Z,900,true,2.319450,0.309362,0.444625,0.756053
N20261020-S001,N20261020,2026-10-21T00:15:00Z,900,true,0.926432,0.907117,0.806196,0.884341
N20261020-S002,N20261020,2026-10-21T00:30:00Z,900,true,1.050961,0.778081,0.801529,0.955808
N20261020-S003,N20261020,2026-10-21T00:45:00Z,900,true,1.100626,0.766492,0.773942,0.944480
N20261020-S004,N20261020,2026-10-21T01:00:00Z,900,true,1.126114,0.741341,0.811293,0.887691
N20261020-S005,N20261020,2026-10-21T01:15:00Z,900,true,0.943356,0.923584,0.756982,0.878818
N20261020-S006,N20261020,2026-10-21T01:30:00Z,900,true,1.342228,0.927001,0.724364,0.964474
N20261020-S007,N20261020,2026-10-21T01:45:00Z,900,true,1.338201,0.854574,0.812841,0.976624
N20261020-S008,N20261020,2026-10-21T02:00:00Z,900,false,1.278931,0.818307,0.764436,0.974145
N20261020-S009,N20261020,2026-10-21T02:15:00Z,900,false,1.344951,0.886570,0.862777,0.949402
N20261020-S010,N20261020,2026-10-21T02:30:00Z,900,true,1.389007,0.888959,0.841234,0.925199
N20261020-S011,N20261020,2026-10-21T02:45:00Z,900,true,0.961831,0.847233,0.915906,0.969805
N20261020-S012,N20261020,2026-10-21T03:00:00Z,900,true,0.987122,0.837573,0.809998,0.984712
N20261020-S013,N20261020,2026-10-21T03:15:00Z,900,false,1.277651,0.867245,0.915263,0.910632
N20261020-S014,N20261020,2026-10-21T03:30:00Z,900,true,1.361155,0.932860,0.901913,0.940860
N20261020-S015,N20261020,2026-10-21T03:45:00Z,900,true,1.247352,0.726751,0.844382,0.879081
N20261020-S016,N20261020,2026-10-21T04:00:00Z,900,true,1.295441,0.904496,0.712490,0.973062
N20261020-S017,N20261020,2026-10-21T04:15:00Z,900,true,1.369722,0.788863,0.911051,0.910241
N20261020-S018,N20261020,2026-10-21T04:30:00Z,900,true,1.104752,0.814663,0.850315,0.937623
N20261020-S019,N20261020,2026-10-21T04:45:00Z,900,true,1.044029,0.878561,0.755802,0.982224
N20261020-S020,N20261020,2026-10-21T05:00:00Z,900,true,1.208412,0.915055,0.768870,0.964277
N20261020-S021,N20261020,2026-10-21T05:15:00Z,900,true,1.006867,0.779723,0.745296,0.942944
N20261020-S022,N20261020,2026-10-21T05:30:00Z,900,true,1.268556,0.756472,0.888458,0.940749
N20261020-S023,N20261020,2026-10-21T05:45:00Z,900,true,1.070069,0.793823,0.805454,0.974406
N20261020-S024,N20261020,2026-10-21T06:00:00Z,900,true,1.325130,0.731502,0.781715,0.962545
N20261020-S025,N20261020,2026-10-21T06:15:00Z,900,true,1.350585,0.882471,0.771078,0.911162
N20261020-S026,N20261020,2026-10-21T06:30:00Z,900,true,0.986227,0.810457,0.884147,0.883506
N20261020-S027,N20261020,2026-10-21T06:45:00Z,900,true,1.381522,0.746234,0.773901,0.950231
N20261020-S028,N20261020,2026-10-21T07:00:00Z,900,true,1.158261,0.744499,0.725640,0.975460
N20261020-S029,N20261020,2026-10-21T07:15:00Z,900,true,1.113588,0.819893,0.825438,0.983331
N20261020-S030,N20261020,2026-10-21T07:30:00Z,900,true,1.151097,0.833723,0.855187,0.886140
N20261020-S031,N20261020,2026-10-21T07:45:00Z,900,true,0.897268,0.887545,0.717480,0.945199
N20261020-S032,N20261020,2026-10-21T08:00:00Z,900,true,1.025162,0.850950,0.798921,0.901421
N20261020-S033,N20261020,2026-10-21T08:15:00Z,900,true,1.310263,0.749939,0.785017,0.933470
N20261021-S001,N20261021,2026-10-22T00:15:00Z,900,true,1.183422,0.774166,0.743907,0.909347
N20261021-S002,N20261021,2026-10-22T00:30:00Z,900,true,0.957436,0.911262,0.915491,0.933077
N20261021-S003,N20261021,2026-10-22T00:45:00Z,900,true,1.406914,0.794273,0.736487,0.901209
N20261021-S004,N20261021,2026-10-22T01:00:00Z,900,true,1.115965,0.886917,0.808332,0.881417
N20261021-S005,N20261021,2026-10-22T01:15:00Z,900,true,1.145763,0.789213,0.898969,0.887849
N20261021-S006,N20261021,2026-10-22T01:30:00Z,900,true,1.015449,0.862139,0.784127,0.876238
N20261021-S007,N20261021,2026-10-22T01:45:00Z,900,true,0.983173,0.800983,0.906787,0.880593
N20261021-S008,N20261021,2026-10-22T02:00:00Z,900,true,1.326965,0.903877,0.875721,0.898211
N20261021-S009,N20261021,2026-10-22T02:15:00Z,900,true,1.338136,0.783786,0.734061,0.937459
N20261021-S010,N20261021,2026-10-22T02:30:00Z,900,false,0.899673,0.866481,0.923959,0.897010
N20261021-S011,N20261021,2026-10-22T02:45:00Z,900,true,1.195158,0.922474,0.913594,0.945959
N20261021-S012,N20261021,2026-10-22T03:00:00Z,900,true,1.326694,0.771178,0.840772,0.972332
N20261021-S013,N20261021,2026-10-22T03:15:00Z,900,false,1.081651,0.825169,0.846988,0.919312
N20261021-S014,N20261021,2026-10-22T03:30:00Z,900,true,1.200831,0.914153,0.842096,0.980958
N20261021-S015,N20261021,2026-10-22T03:45:00Z,900,true,1.092543,0.934019,0.922315,0.878076
N20261021-S016,N20261021,2026-10-22T04:00:00Z,900,true,1.281886,0.784650,0.896199,0.907813
N20261021-S017,N20261021,2026-10-22T04:15:00Z,900,true,1.032669,0.872079,0.863168,0.967322
N20261021-S018,N20261021,2026-10-22T04:30:00Z,900,true,1.286630,0.829397,0.731915,0.937528
N20261021-S019,N20261021,2026-10-22T04:45:00Z,900,true,1.103032,0.900707,0.735536,0.984518
N20261021-S020,N20261021,2026-10-22T05:00:00Z,900,true,1.227213,0.909192,0.850506,0.936128
N20261021-S021,N20261021,2026-10-22T05:15:00Z,900,true,1.232237,0.728632,0.827195,0.973147
N20261021-S022,N20261021,2026-10-22T05:30:00Z,900,false,1.306591,0.920044,0.755300,0.899159
N20261021-S023,N20261021,2026-10-22T05:45:00Z,900,true,1.030594,0.814922,0.924650,0.894629
N20261021-S024,N20261021,2026-10-22T06:00:00Z,900,true,1.338128,0.910465,0.905705,0.945205
N20261021-S025,N20261021,2026-10-22T06:15:00Z,900,true,1.210651,0.737139,0.854303,0.886303
N20261021-S026,N20261021,2026-10-22T06:30:00Z,900,true,1.047620,0.778701,0.795202,0.934666
N20261021-S027,N20261021,2026-10-22T06:45:00Z,900,true,1.080495,0.727792,0.864811,0.881136
N20261021-S028,N20261021,2026-10-22T07:00:00Z,900,true,1.138808,0.751238,0.796362,0.976241
N20261021-S029,N20261021,2026-10-22T07:15:00Z,900,true,1.389083,0.910025,0.919056,0.909421
N20261021-S030,N20261021,2026-10-22T07:30:00Z,900,true,1.188663,0.866525,0.796193,0.922484
N20261021-S031,N20261021,2026-10-22T07:45:00Z,900,true,0.891880,0.833653,0.836878,0.900789
N20261021-S032,N20261021,2026-10-22T08:00:00Z,900,true,0.995229,0.730244,0.774926,0.878475
N20261021-S033,N20261021,2026-10-22T08:15:00Z,900,true,1.078253,0.728035,0.869183,0.906147
N20261022-S001,N20261022,2026-10-23T00:15:00Z,900,true,0.904337,0.843031,0.719757,0.897437
N20261022-S002,N20261022,2026-10-23T00:30:00Z,900,true,1.062614,0.879793,0.886986,0.951653
N20261022-S003,N20261022,2026-10-23T00:45:00Z,900,true,1.250219,0.878432,0.876784,0.964624
N20261022-S004,N20261022,2026-10-23T01:00:00Z,900,true,1.021332,0.849872,0.758043,0.892173
N20261022-S005,N20261022,2026-10-23T01:15:00Z,900,true,1.333343,0.807156,0.786276,0.876244
N20261022-S006,N20261022,2026-10-23T01:30:00Z,900,true,0.999539,0.820055,0.852624,0.968148
N20261022-S007,N20261022,2026-10-23T01:45:00Z,900,true,1.176280,0.751416,0.766783,0.899464
N20261022-S008,N20261022,2026-10-23T02:00:00Z,900,true,1.132669,0.864686,0.833945,0.901382
N20261022-S009,N20261022,2026-10-23T02:15:00Z,900,true,1.291669,0.809292,0.719481,0.936578
N20261022-S010,N20261022,2026-10-23T02:30:00Z,900,true,1.215636,0.877187,0.852543,0.899033
N20261022-S011,N20261022,2026-10-23T02:45:00Z,900,true,1.387851,0.792401,0.814221,0.977556
N20261022-S012,N20261022,2026-10-23T03:00:00Z,900,true,0.935956,0.756305,0.824255,0.951365
N20261022-S013,N20261022,2026-10-23T03:15:00Z,900,true,1.047820,0.821577,0.890286,0.875564
N20261022-S014,N20261022,2026-10-23T03:30:00Z,900,true,1.152907,0.751621,0.767166,0.982490
N20261022-S015,N20261022,2026-10-23T03:45:00Z,900,false,1.026905,0.821021,0.887817,0.968170
N20261022-S016,N20261022,2026-10-23T04:00:00Z,900,true,0.943566,0.771430,0.803197,0.882730
N20261022-S017,N20261022,2026-10-23T04:15:00Z,900,true,0.921143,0.838480,0.865920,0.981738
N20261022-S018,N20261022,2026-10-23T04:30:00Z,900,true,1.105666,0.750240,0.786313,0.878941
N20261022-S019,N20261022,2026-10-23T04:45:00Z,900,true,1.391636,0.873421,0.915324,0.951290
N20261022-S020,N20261022,2026-10-23T05:00:00Z,900,true,1.127742,0.811368,0.721827,0.955764
N20261022-S021,N20261022,2026-10-23T05:15:00Z,900,true,0.909364,0.934248,0.847375,0.893295
N20261022-S022,N20261022,2026-10-23T05:30:00Z,900,true,1.016255,0.856448,0.757590,0.965502
N20261022-S023,N20261022,2026-10-23T05:45:00Z,900,true,1.006356,0.828286,0.816195,0.948388
N20261022-S024,N20261022,2026-10-23T06:00:00Z,900,true,1.158793,0.775511,0.852632,0.907270
N20261022-S025,N20261022,2026-10-23T06:15:00Z,900,true,0.952129,0.918327,0.737467,0.907738
N20261022-S026,N20261022,2026-10-23T06:30:00Z,900,true,1.198560,0.814620,0.742354,0.930851
N20261022-S027,N20261022,2026-10-23T06:45:00Z,900,true,1.300939,0.857840,0.824921,0.913924
N20261022-S028,N20261022,2026-10-23T07:00:00Z,900,true,1.300248,0.792409,0.725432,0.952288
N20261022-S029,N20261022,2026-10-23T07:15:00Z,900,true,1.028022,0.840686,0.780446,0.887186
N20261022-S030,N20261022,2026-10-23T07:30:00Z,900,true,0.946315,0.879677,0.764827,0.975831
N20261022-S031,N20261022,2026-10-23T07:45:00Z,900,false,1.391435,0.827462,0.748435,0.956688
N20261022-S032,N20261022,2026-10-23T08:00:00Z,900,true,1.215951,0.859440,0.724003,0.896483
N20261022-S033,N20261022,2026-10-23T08:15:00Z,900,true,1.348427,0.801708,0.738708,0.969934
N20261023-S001,N20261023,2026-10-24T00:15:00Z,900,true,1.016860,0.779091,0.752494,0.938186
N20261023-S002,N20261023,2026-10-24T00:30:00Z,900,true,0.960787,0.750162,0.832353,0.877047
N20261023-S003,N20261023,2026-10-24T00:45:00Z,900,true,0.908370,0.821010,0.801031,0.948119
N20261023-S004,N20261023,2026-10-24T01:00:00Z,900,true,1.336758,0.752451,0.791695,0.964742
N20261023-S005,N20261023,2026-10-24T01:15:00Z,900,true,1.049225,0.806712,0.877730,0.900004
N20261023-S006,N20261023,2026-10-24T01:30:00Z,900,true,1.053628,0.762915,0.765612,0.931508
N20261023-S007,N20261023,2026-10-24T01:45:00Z,900,true,1.159576,0.729315,0.707288,0.925820
N20261023-S008,N20261023,2026-10-24T02:00:00Z,900,true,1.023531,0.896001,0.741338,0.911227
N20261023-S009,N20261023,2026-10-24T02:15:00Z,900,true,1.073997,0.904286,0.867801,0.893044
N20261023-S010,N20261023,2026-10-24T02:30:00Z,900,true,0.973430,0.846334,0.729746,0.882295
N20261023-S011,N20261023,2026-10-24T02:45:00Z,900,true,1.193743,0.795296,0.728911,0.875982
N20261023-S012,N20261023,2026-10-24T03:00:00Z,900,true,1.320595,0.849590,0.812377,0.886033
N20261023-S013,N20261023,2026-10-24T03:15:00Z,900,true,1.000573,0.742440,0.878816,0.876199
N20261023-S014,N20261023,2026-10-24T03:30:00Z,900,true,0.932387,0.913792,0.853856,0.935520
N20261023-S015,N20261023,2026-10-24T03:45:00Z,900,true,1.017047,0.735267,0.765964,0.970624
N20261023-S016,N20261023,2026-10-24T04:00:00Z,900,true,1.280133,0.896402,0.837013,0.959220
N20261023-S017,N20261023,2026-10-24T04:15:00Z,900,true,1.144451,0.793318,0.905081,0.942804
N20261023-S018,N20261023,2026-10-24T04:30:00Z,900,true,1.197642,0.893047,0.715397,0.949495
N20261023-S019,N20261023,2026-10-24T04:45:00Z,900,false,1.011306,0.888481,0.736057,0.980054
N20261023-S020,N20261023,2026-10-24T05:00:00Z,900,true,1.379611,0.768004,0.772111,0.931671
N20261023-S021,N20261023,2026-10-24T05:15:00Z,900,true,1.320697,0.863893,0.769658,0.971809
N20261023-S022,N20261023,2026-10-24T05:30:00Z,900,true,0.963062,0.744565,0.825982,0.980499
N20261023-S023,N20261023,2026-10-24T05:45:00Z,900,true,0.964674,0.872156,0.738432,0.875524
N20261023-S024,N20261023,2026-10-24T06:00:00Z,900,true,1.235929,0.815147,0.868248,0.901100
N20261023-S025,N20261023,2026-10-24T06:15:00Z,900,true,1.027438,0.888453,0.727913,0.913410
N20261023-S026,N20261023,2026-10-24T06:30:00Z,900,true,1.377816,0.902511,0.786118,0.950644
N20261023-S027,N20261023,2026-10-24T06:45:00Z,900,true,1.401346,0.733992,0.834445,0.958461
N20261023-S028,N20261023,2026-10-24T07:00:00Z,900,true,1.242485,0.907352,0.815528,0.892743
N20261023-S029,N20261023,2026-10-24T07:15:00Z,900,true,1.167902,0.931906,0.718775,0.895994
N20261023-S030,N20261023,2026-10-24T07:30:00Z,900,true,1.283928,0.804300,0.717615,0.883855
N20261023-S031,N20261023,2026-10-24T07:45:00Z,900,true,0.947315,0.925745,0.829705,0.900209
N20261023-S032,N20261023,2026-10-24T08:00:00Z,900,true,1.218379,0.864349,0.858539,0.984990
N20261023-S033,N20261023,2026-10-24T08:15:00Z,900,false,1.217539,0.809155,0.793635,0.883829
N20261024-S001,N20261024,2026-10-25T00:15:00Z,900,true,1.296726,0.919078,0.900234,0.884265
N20261024-S002,N20261024,2026-10-25T00:30:00Z,900,true,1.400571,0.844236,0.885119,0.962018
N20261024-S003,N20261024,2026-10-25T00:45:00Z,900,true,1.307457,0.935703,0.908430,0.951415
N20261024-S004,N20261024,2026-10-25T01:00:00Z,900,true,0.934464,0.752269,0.834623,0.940128
N20261024-S005,N20261024,2026-10-25T01:15:00Z,900,true,1.085211,0.883446,0.722313,0.933842
N20261024-S006,N20261024,2026-10-25T01:30:00Z,900,true,0.984906,0.743660,0.737909,0.954223
N20261024-S007,N20261024,2026-10-25T01:45:00Z,900,true,1.083421,0.767546,0.826619,0.933697
N20261024-S008,N20261024,2026-10-25T02:00:00Z,900,true,1.276466,0.888271,0.919655,0.969663
N20261024-S009,N20261024,2026-10-25T02:15:00Z,900,true,1.056361,0.880984,0.828561,0.944918
N20261024-S010,N20261024,2026-10-25T02:30:00Z,900,true,0.904113,0.852944,0.829334,0.927792
N20261024-S011,N20261024,2026-10-25T02:45:00Z,900,true,1.360594,0.791551,0.794175,0.931784
N20261024-S012,N20261024,2026-10-25T03:00:00Z,900,true,1.262143,0.894710,0.733419,0.909742
N20261024-S013,N20261024,2026-10-25T03:15:00Z,900,true,1.350535,0.758694,0.839254,0.944612
N20261024-S014,N20261024,2026-10-25T03:30:00Z,900,true,1.386346,0.859825,0.831386,0.891852
N20261024-S015,N20261024,2026-10-25T03:45:00Z,900,true,0.984130,0.729139,0.794088,0.947461
N20261024-S016,N20261024,2026-10-25T04:00:00Z,900,true,0.965487,0.935186,0.900395,0.945236
N20261024-S017,N20261024,2026-10-25T04:15:00Z,900,true,0.942143,0.852372,0.795681,0.890506
N20261024-S018,N20261024,2026-10-25T04:30:00Z,900,true,0.960411,0.862629,0.712242,0.947334
N20261024-S019,N20261024,2026-10-25T04:45:00Z,900,true,0.985488,0.735580,0.836416,0.934108
N20261024-S020,N20261024,2026-10-25T05:00:00Z,900,true,1.141279,0.838564,0.793937,0.961200
N20261024-S021,N20261024,2026-10-25T05:15:00Z,900,true,1.200534,0.901292,0.715398,0.956050
N20261024-S022,N20261024,2026-10-25T05:30:00Z,900,true,0.952128,0.801970,0.772704,0.908521
N20261024-S023,N20261024,2026-10-25T05:45:00Z,900,false,1.312102,0.782023,0.835539,0.879260
N20261024-S024,N20261024,2026-10-25T06:00:00Z,900,true,1.249150,0.841944,0.757977,0.944614
N20261024-S025,N20261024,2026-10-25T06:15:00Z,900,true,0.909511,0.891815,0.784796,0.899793
N20261024-S026,N20261024,2026-10-25T06:30:00Z,900,true,1.221249,0.935937,0.891718,0.893787
N20261024-S027,N20261024,2026-10-25T06:45:00Z,900,true,1.155771,0.787856,0.786360,0.943298
N20261024-S028,N20261024,2026-10-25T07:00:00Z,900,true,1.075068,0.742573,0.818223,0.889588
N20261024-S029,N20261024,2026-10-25T07:15:00Z,900,true,1.042899,0.858876,0.916564,0.979114
N20261024-S030,N20261024,2026-10-25T07:30:00Z,900,true,0.903039,0.928688,0.862520,0.935043
N20261024-S031,N20261024,2026-10-25T07:45:00Z,900,true,1.332435,0.894556,0.779261,0.913451
N20261024-S032,N20261024,2026-10-25T08:00:00Z,900,true,1.318764,0.851415,0.804973,0.886762
N20261024-S033,N20261024,2026-10-25T08:15:00Z,900,true,0.974142,0.903155,0.861612,0.907152
N20261025-S001,N20261025,2026-10-26T00:15:00Z,900,true,1.275496,0.679561,0.423931,0.918234
N20261025-S002,N20261025,2026-10-26T00:30:00Z,900,true,1.593118,0.500914,0.459760,0.904834
N20261025-S003,N20261025,2026-10-26T00:45:00Z,900,true,1.739051,0.505266,0.631207,0.905311
N20261025-S004,N20261025,2026-10-26T01:00:00Z,900,true,1.635605,0.526522,0.596332,0.907920
N20261025-S005,N20261025,2026-10-26T01:15:00Z,900,true,1.796989,0.713086,0.746603,0.841371
N20261025-S006,N20261025,2026-10-26T01:30:00Z,900,true,1.336682,0.656628,0.750684,0.832184
N20261025-S007,N20261025,2026-10-26T01:45:00Z,900,true,1.867109,0.548055,0.764391,0.821662
N20261025-S008,N20261025,2026-10-26T02:00:00Z,900,true,1.816984,0.761512,0.567107,0.827877
N20261025-S009,N20261025,2026-10-26T02:15:00Z,900,true,1.641902,0.446686,0.457902,0.902784
N20261025-S010,N20261025,2026-10-26T02:30:00Z,900,true,1.300617,0.455828,0.673832,0.818326
N20261025-S011,N20261025,2026-10-26T02:45:00Z,900,true,1.338149,0.590844,0.632735,0.800767
N20261025-S012,N20261025,2026-10-26T03:00:00Z,900,true,1.513121,0.697680,0.625551,0.934512
N20261025-S013,N20261025,2026-10-26T03:15:00Z,900,true,1.769890,0.523622,0.731162,0.915776
N20261025-S014,N20261025,2026-10-26T03:30:00Z,900,false,1.500022,0.433672,0.590303,0.913713
N20261025-S015,N20261025,2026-10-26T03:45:00Z,900,true,1.274758,0.595113,0.414621,0.887798
N20261025-S016,N20261025,2026-10-26T04:00:00Z,900,true,1.452342,0.727047,0.463977,0.917049
N20261025-S017,N20261025,2026-10-26T04:15:00Z,900,true,1.473786,0.692595,0.643202,0.903073
N20261025-S018,N20261025,2026-10-26T04:30:00Z,900,true,1.267937,0.593288,0.535250,0.812862
N20261025-S019,N20261025,2026-10-26T04:45:00Z,900,true,1.269048,0.642342,0.422585,0.849335
N20261025-S020,N20261025,2026-10-26T05:00:00Z,900,true,1.492473,0.581027,0.685804,0.785264
N20261025-S021,N20261025,2026-10-26T05:15:00Z,900,true,1.690761,0.732229,0.599429,0.791863
N20261025-S022,N20261025,2026-10-26T05:30:00Z,900,true,1.290970,0.680051,0.472641,0.822207
N20261025-S023,N20261025,2026-10-26T05:45:00Z,900,true,1.407452,0.549307,0.587116,0.914707
N20261025-S024,N20261025,2026-10-26T06:00:00Z,900,true,1.574142,0.729624,0.605524,0.783349
N20261025-S025,N20261025,2026-10-26T06:15:00Z,900,false,1.796916,0.613806,0.538950,0.854254
N20261025-S026,N20261025,2026-10-26T06:30:00Z,900,true,1.537125,0.517940,0.494022,0.868143
N20261025-S027,N20261025,2026-10-26T06:45:00Z,900,false,1.374789,0.579441,0.673157,0.783537
N20261025-S028,N20261025,2026-10-26T07:00:00Z,900,true,1.921264,0.571131,0.640778,0.809249
N20261025-S029,N20261025,2026-10-26T07:15:00Z,900,true,1.299309,0.724429,0.714820,0.913237
N20261025-S030,N20261025,2026-10-26T07:30:00Z,900,true,1.228956,0.706553,0.569646,0.873176
N20261025-S031,N20261025,2026-10-26T07:45:00Z,900,false,1.214010,0.579576,0.457768,0.854651
N20261025-S032,N20261025,2026-10-26T08:00:00Z,900,false,1.789721,0.728276,0.433279,0.843883
N20261025-S033,N20261025,2026-10-26T08:15:00Z,900,true,1.360023,0.453656,0.466861,0.815107
N20261026-S001,N20261026,2026-10-27T00:15:00Z,900,true,1.102915,0.783708,0.833924,0.924168
N20261026-S002,N20261026,2026-10-27T00:30:00Z,900,true,1.140927,0.738423,0.728388,0.984848
N20261026-S003,N20261026,2026-10-27T00:45:00Z,900,true,1.078879,0.765602,0.715124,0.933660
N20261026-S004,N20261026,2026-10-27T01:00:00Z,900,true,1.156507,0.751379,0.874672,0.972967
N20261026-S005,N20261026,2026-10-27T01:15:00Z,900,true,1.305125,0.869596,0.841806,0.920498
N20261026-S006,N20261026,2026-10-27T01:30:00Z,900,true,1.067213,0.866866,0.883602,0.976433
N20261026-S007,N20261026,2026-10-27T01:45:00Z,900,true,1.271843,0.830657,0.781066,0.935449
N20261026-S008,N20261026,2026-10-27T02:00:00Z,900,true,1.119518,0.926479,0.825949,0.948921
N20261026-S009,N20261026,2026-10-27T02:15:00Z,900,true,1.008968,0.791418,0.707977,0.911672
N20261026-S010,N20261026,2026-10-27T02:30:00Z,900,true,1.371442,0.926585,0.774972,0.940494
N20261026-S011,N20261026,2026-10-27T02:45:00Z,900,true,1.089857,0.833306,0.922959,0.956157
N20261026-S012,N20261026,2026-10-27T03:00:00Z,900,true,1.132339,0.737438,0.775196,0.954845
N20261026-S013,N20261026,2026-10-27T03:15:00Z,900,true,1.123490,0.831806,0.862862,0.875731
N20261026-S014,N20261026,2026-10-27T03:30:00Z,900,true,1.186243,0.830422,0.763229,0.931408
N20261026-S015,N20261026,2026-10-27T03:45:00Z,900,true,1.006902,0.816090,0.896550,0.936528
N20261026-S016,N20261026,2026-10-27T04:00:00Z,900,true,0.927342,0.859174,0.714239,0.959801
N20261026-S017,N20261026,2026-10-27T04:15:00Z,900,false,1.403040,0.869079,0.917886,0.916922
N20261026-S018,N20261026,2026-10-27T04:30:00Z,900,true,1.232066,0.797137,0.737880,0.978443
N20261026-S019,N20261026,2026-10-27T04:45:00Z,900,true,1.244750,0.884630,0.828732,0.966342
N20261026-S020,N20261026,2026-10-27T05:00:00Z,900,true,0.891976,0.727628,0.897825,0.941261
N20261026-S021,N20261026,2026-10-27T05:15:00Z,900,true,1.225340,0.802325,0.848471,0.971539
N20261026-S022,N20261026,2026-10-27T05:30:00Z,900,true,1.070223,0.783649,0.744932,0.889070
N20261026-S023,N20261026,2026-10-27T05:45:00Z,900,true,1.038078,0.762372,0.819267,0.930089
N20261026-S024,N20261026,2026-10-27T06:00:00Z,900,true,0.944162,0.899097,0.868736,0.912336
N20261026-S025,N20261026,2026-10-27T06:15:00Z,900,true,0.949908,0.920064,0.736766,0.970471
N20261026-S026,N20261026,2026-10-27T06:30:00Z,900,true,1.187155,0.787203,0.848614,0.925145
N20261026-S027,N20261026,2026-10-27T06:45:00Z,900,true,1.249217,0.798950,0.751645,0.886573
N20261026-S028,N20261026,2026-10-27T07:00:00Z,900,true,1.095666,0.742440,0.902303,0.899581
N20261026-S029,N20261026,2026-10-27T07:15:00Z,900,true,1.214503,0.919166,0.909408,0.959814
N20261026-S030,N20261026,2026-10-27T07:30:00Z,900,true,1.374649,0.890067,0.756351,0.960101
N20261026-S031,N20261026,2026-10-27T07:45:00Z,900,true,1.109645,0.839008,0.741585,0.893570
N20261026-S032,N20261026,2026-10-27T08:00:00Z,900,true,1.086388,0.840106,0.721078,0.925263
N20261026-S033,N20261026,2026-10-27T08:15:00Z,900,true,1.264712,0.815121,0.738816,0.899770
N20261027-S001,N20261027,2026-10-28T00:15:00Z,900,true,1.496573,0.575533,0.685482,0.932443
N20261027-S002,N20261027,2026-10-28T00:30:00Z,900,true,1.820368,0.572609,0.479325,0.876791
N20261027-S003,N20261027,2026-10-28T00:45:00Z,900,true,1.602035,0.694148,0.581897,0.802758
N20261027-S004,N20261027,2026-10-28T01:00:00Z,900,true,1.659149,0.431739,0.566444,0.782773
N20261027-S005,N20261027,2026-10-28T01:15:00Z,900,true,1.827366,0.656655,0.753512,0.834291
N20261027-S006,N20261027,2026-10-28T01:30:00Z,900,true,1.521378,0.601199,0.515086,0.852860
N20261027-S007,N20261027,2026-10-28T01:45:00Z,900,true,1.674808,0.456850,0.442064,0.842109
N20261027-S008,N20261027,2026-10-28T02:00:00Z,900,true,1.818489,0.659022,0.593047,0.849288
N20261027-S009,N20261027,2026-10-28T02:15:00Z,900,true,1.610112,0.472037,0.561694,0.857828
N20261027-S010,N20261027,2026-10-28T02:30:00Z,900,true,1.316372,0.675596,0.413822,0.783024
N20261027-S011,N20261027,2026-10-28T02:45:00Z,900,true,1.820379,0.556707,0.681706,0.808985
N20261027-S012,N20261027,2026-10-28T03:00:00Z,900,true,1.742121,0.518523,0.570293,0.884371
N20261027-S013,N20261027,2026-10-28T03:15:00Z,900,true,1.886252,0.567258,0.522638,0.877106
N20261027-S014,N20261027,2026-10-28T03:30:00Z,900,true,1.814703,0.709901,0.697681,0.917816
N20261027-S015,N20261027,2026-10-28T03:45:00Z,900,true,1.799593,0.489458,0.598514,0.916558
N20261027-S016,N20261027,2026-10-28T04:00:00Z,900,true,1.246754,0.463633,0.560979,0.808114
N20261027-S017,N20261027,2026-10-28T04:15:00Z,900,true,1.619935,0.444088,0.414857,0.816529
N20261027-S018,N20261027,2026-10-28T04:30:00Z,900,true,1.856623,0.684643,0.445442,0.927010
N20261027-S019,N20261027,2026-10-28T04:45:00Z,900,true,1.237041,0.661988,0.469920,0.865592
N20261027-S020,N20261027,2026-10-28T05:00:00Z,900,true,1.272446,0.549802,0.408806,0.924938
N20261027-S021,N20261027,2026-10-28T05:15:00Z,900,true,1.783499,0.609769,0.646429,0.803797
N20261027-S022,N20261027,2026-10-28T05:30:00Z,900,true,1.464676,0.543418,0.751393,0.854364
N20261027-S023,N20261027,2026-10-28T05:45:00Z,900,false,1.831274,0.717359,0.449359,0.876744
N20261027-S024,N20261027,2026-10-28T06:00:00Z,900,true,1.333858,0.759477,0.413311,0.826483
N20261027-S025,N20261027,2026-10-28T06:15:00Z,900,true,1.470951,0.593918,0.553640,0.823579
N20261027-S026,N20261027,2026-10-28T06:30:00Z,900,true,1.869084,0.613526,0.667868,0.785312
N20261027-S027,N20261027,2026-10-28T06:45:00Z,900,true,1.360186,0.758533,0.677258,0.811491
N20261027-S028,N20261027,2026-10-28T07:00:00Z,900,true,1.345982,0.714418,0.645640,0.793220
N20261027-S029,N20261027,2026-10-28T07:15:00Z,900,true,1.603904,0.686399,0.433803,0.828093
N20261027-S030,N20261027,2026-10-28T07:30:00Z,900,true,1.442935,0.465327,0.737992,0.920133
N20261027-S031,N20261027,2026-10-28T07:45:00Z,900,true,1.951171,0.757314,0.541876,0.856246
N20261027-S032,N20261027,2026-10-28T08:00:00Z,900,false,1.748427,0.732813,0.551828,0.856727
N20261027-S033,N20261027,2026-10-28T08:15:00Z,900,true,1.442272,0.472798,0.643961,0.927374
N20261028-S001,N20261028,2026-10-29T00:15:00Z,900,true,1.384089,0.923945,0.807472,0.892819
N20261028-S002,N20261028,2026-10-29T00:30:00Z,900,true,1.030660,0.799063,0.856212,0.895620
N20261028-S003,N20261028,2026-10-29T00:45:00Z,900,true,1.028053,0.931599,0.817647,0.931171
N20261028-S004,N20261028,2026-10-29T01:00:00Z,900,true,1.022207,0.853835,0.839154,0.982427
N20261028-S005,N20261028,2026-10-29T01:15:00Z,900,true,1.155142,0.883564,0.884223,0.932768
N20261028-S006,N20261028,2026-10-29T01:30:00Z,900,true,1.006887,0.785915,0.902320,0.901853
N20261028-S007,N20261028,2026-10-29T01:45:00Z,900,true,1.123758,0.895229,0.860179,0.956812
N20261028-S008,N20261028,2026-10-29T02:00:00Z,900,false,1.194392,0.830366,0.740541,0.983346
N20261028-S009,N20261028,2026-10-29T02:15:00Z,900,true,1.016041,0.727825,0.735556,0.984648
N20261028-S010,N20261028,2026-10-29T02:30:00Z,900,true,1.367154,0.847463,0.830955,0.915708
N20261028-S011,N20261028,2026-10-29T02:45:00Z,900,true,1.254467,0.890189,0.839205,0.883843
N20261028-S012,N20261028,2026-10-29T03:00:00Z,900,true,1.089283,0.916770,0.772662,0.918837
N20261028-S013,N20261028,2026-10-29T03:15:00Z,900,true,0.987308,0.889523,0.706583,0.876640
N20261028-S014,N20261028,2026-10-29T03:30:00Z,900,false,0.924308,0.885695,0.811126,0.953402
N20261028-S015,N20261028,2026-10-29T03:45:00Z,900,true,1.156007,0.882657,0.806292,0.899884
N20261028-S016,N20261028,2026-10-29T04:00:00Z,900,true,1.355363,0.860201,0.714828,0.965669
N20261028-S017,N20261028,2026-10-29T04:15:00Z,900,true,1.311117,0.829945,0.746873,0.919968
N20261028-S018,N20261028,2026-10-29T04:30:00Z,900,true,1.059437,0.929214,0.738838,0.906636
N20261028-S019,N20261028,2026-10-29T04:45:00Z,900,true,1.018270,0.820783,0.739037,0.979502
N20261028-S020,N20261028,2026-10-29T05:00:00Z,900,true,1.390999,0.812787,0.825536,0.881540
N20261028-S021,N20261028,2026-10-29T05:15:00Z,900,true,1.058276,0.833020,0.765095,0.917224
N20261028-S022,N20261028,2026-10-29T05:30:00Z,900,true,1.275264,0.807871,0.713874,0.876443
N20261028-S023,N20261028,2026-10-29T05:45:00Z,900,true,0.981797,0.880975,0.804426,0.953269
N20261028-S024,N20261028,2026-10-29T06:00:00Z,900,true,1.098342,0.844437,0.873797,0.891183
N20261028-S025,N20261028,2026-10-29T06:15:00Z,900,true,1.302666,0.888165,0.842648,0.970664
N20261028-S026,N20261028,2026-10-29T06:30:00Z,900,true,1.317697,0.855984,0.855711,0.984829
N20261028-S027,N20261028,2026-10-29T06:45:00Z,900,true,0.906674,0.850532,0.834732,0.962344
N20261028-S028,N20261028,2026-10-29T07:00:00Z,900,true,1.140812,0.871684,0.795795,0.971096
N20261028-S029,N20261028,2026-10-29T07:15:00Z,900,true,1.308091,0.732515,0.757454,0.884085
N20261028-S030,N20261028,2026-10-29T07:30:00Z,900,true,1.165339,0.802601,0.886943,0.899929
N20261028-S031,N20261028,2026-10-29T07:45:00Z,900,true,1.352708,0.851485,0.709944,0.921859
N20261028-S032,N20261028,2026-10-29T08:00:00Z,900,true,1.392758,0.779171,0.748058,0.876497
N20261028-S033,N20261028,2026-10-29T08:15:00Z,900,true,1.293789,0.887829,0.727884,0.900067
N20261029-S001,N20261029,2026-10-30T00:30:00Z,900,true,0.929362,0.731122,0.915476,0.898074
N20261029-S002,N20261029,2026-10-30T00:45:00Z,900,true,1.064171,0.908476,0.805810,0.954948
N20261029-S003,N20261029,2026-10-30T01:00:00Z,900,true,1.215991,0.897920,0.797042,0.945297
N20261029-S004,N20261029,2026-10-30T01:15:00Z,900,true,1.088892,0.922317,0.750901,0.922724
N20261029-S005,N20261029,2026-10-30T01:30:00Z,900,true,1.387023,0.861667,0.823714,0.962827
N20261029-S006,N20261029,2026-10-30T01:45:00Z,900,true,0.987890,0.918923,0.897878,0.890491
N20261029-S007,N20261029,2026-10-30T02:00:00Z,900,true,1.006663,0.882031,0.813466,0.977603
N20261029-S008,N20261029,2026-10-30T02:15:00Z,900,true,1.144296,0.875731,0.925128,0.897285
N20261029-S009,N20261029,2026-10-30T02:30:00Z,900,true,1.011072,0.771040,0.756274,0.926144
N20261029-S010,N20261029,2026-10-30T02:45:00Z,900,true,1.336939,0.891671,0.909046,0.931306
N20261029-S011,N20261029,2026-10-30T03:00:00Z,900,true,1.266075,0.905782,0.716689,0.948075
N20261029-S012,N20261029,2026-10-30T03:15:00Z,900,true,0.985796,0.757389,0.752864,0.883337
N20261029-S013,N20261029,2026-10-30T03:30:00Z,900,true,1.284403,0.890944,0.922734,0.909682
N20261029-S014,N20261029,2026-10-30T03:45:00Z,900,true,1.058193,0.868525,0.898790,0.921708
N20261029-S015,N20261029,2026-10-30T04:00:00Z,900,true,1.359768,0.866771,0.761223,0.951374
N20261029-S016,N20261029,2026-10-30T04:15:00Z,900,true,1.244822,0.898702,0.718981,0.895473
N20261029-S017,N20261029,2026-10-30T04:30:00Z,900,true,1.006415,0.901078,0.791187,0.878000
N20261029-S018,N20261029,2026-10-30T04:45:00Z,900,true,0.908594,0.880020,0.755383,0.922261
N20261029-S019,N20261029,2026-10-30T05:00:00Z,900,true,1.321852,0.870714,0.834901,0.879349
N20261029-S020,N20261029,2026-10-30T05:15:00Z,900,true,1.134469,0.935356,0.788131,0.962939
N20261029-S021,N20261029,2026-10-30T05:30:00Z,900,true,1.079181,0.788815,0.899244,0.924243
N20261029-S022,N20261029,2026-10-30T05:45:00Z,900,true,1.402028,0.804115,0.845458,0.877448
N20261029-S023,N20261029,2026-10-30T06:00:00Z,900,true,1.027359,0.896969,0.901538,0.976890
N20261029-S024,N20261029,2026-10-30T06:15:00Z,900,true,1.312828,0.746847,0.804113,0.959965
N20261029-S025,N20261029,2026-10-30T06:30:00Z,900,true,1.319143,0.790947,0.721113,0.981209
N20261029-S026,N20261029,2026-10-30T06:45:00Z,900,true,1.390602,0.741892,0.754549,0.974395
N20261029-S027,N20261029,2026-10-30T07:00:00Z,900,true,1.235653,0.880949,0.771452,0.880162
N20261029-S028,N20261029,2026-10-30T07:15:00Z,900,true,1.165378,0.763959,0.804587,0.929540
N20261029-S029,N20261029,2026-10-30T07:30:00Z,900,true,1.152606,0.839419,0.855376,0.943763
N20261029-S030,N20261029,2026-10-30T07:45:00Z,900,true,1.041909,0.890324,0.844429,0.918439
N20261029-S031,N20261029,2026-10-30T08:00:00Z,900,true,1.399460,0.868509,0.836538,0.883941
N20261029-S032,N20261029,2026-10-30T08:15:00Z,900,false,0.990232,0.876560,0.920472,0.875057
N20261030-S001,N20261030,2026-10-31T00:30:00Z,900,true,0.944772,0.865637,0.730649,0.968719
N20261030-S002,N20261030,2026-10-31T00:45:00Z,900,false,1.141557,0.810730,0.742671,0.940439
N20261030-S003,N20261030,2026-10-31T01:00:00Z,900,true,1.093126,0.761528,0.804322,0.964648
N20261030-S004,N20261030,2026-10-31T01:15:00Z,900,true,0.923633,0.909220,0.804257,0.945514
N20261030-S005,N20261030,2026-10-31T01:30:00Z,900,true,1.256667,0.845914,0.909905,0.940093
N20261030-S006,N20261030,2026-10-31T01:45:00Z,900,true,1.028390,0.783366,0.707038,0.881957
N20261030-S007,N20261030,2026-10-31T02:00:00Z,900,true,1.303989,0.863996,0.881481,0.890602
N20261030-S008,N20261030,2026-10-31T02:15:00Z,900,true,1.110758,0.933906,0.910779,0.905207
N20261030-S009,N20261030,2026-10-31T02:30:00Z,900,true,1.366365,0.795084,0.875927,0.911039
N20261030-S010,N20261030,2026-10-31T02:45:00Z,900,true,1.298515,0.830252,0.737627,0.974044
N20261030-S011,N20261030,2026-10-31T03:00:00Z,900,true,1.074346,0.842265,0.809279,0.920084
N20261030-S012,N20261030,2026-10-31T03:15:00Z,900,true,0.998214,0.878336,0.842764,0.928957
N20261030-S013,N20261030,2026-10-31T03:30:00Z,900,true,0.980185,0.853704,0.912261,0.877924
N20261030-S014,N20261030,2026-10-31T03:45:00Z,900,false,0.897731,0.846376,0.800903,0.888742
N20261030-S015,N20261030,2026-10-31T04:00:00Z,900,true,1.316088,0.730121,0.718476,0.910566
N20261030-S016,N20261030,2026-10-31T04:15:00Z,900,true,1.161555,0.776145,0.816241,0.964850
N20261030-S017,N20261030,2026-10-31T04:30:00Z,900,false,0.930871,0.758209,0.834515,0.929069
N20261030-S018,N20261030,2026-10-31T04:45:00Z,900,true,0.973356,0.933191,0.769701,0.966260
N20261030-S019,N20261030,2026-10-31T05:00:00Z,900,true,1.273128,0.877833,0.727927,0.969020
N20261030-S020,N20261030,2026-10-31T05:15:00Z,900,true,0.975908,0.735548,0.835150,0.939166
N20261030-S021,N20261030,2026-10-31T05:30:00Z,900,true,1.358079,0.893839,0.807370,0.908677
N20261030-S022,N20261030,2026-10-31T05:45:00Z,900,true,1.137568,0.804313,0.909470,0.931874
N20261030-S023,N20261030,2026-10-31T06:00:00Z,900,true,1.078548,0.909230,0.874919,0.882408
N20261030-S024,N20261030,2026-10-31T06:15:00Z,900,true,1.059886,0.931545,0.911707,0.935310
N20261030-S025,N20261030,2026-10-31T06:30:00Z,900,true,1.029862,0.843022,0.761756,0.956967
N20261030-S026,N20261030,2026-10-31T06:45:00Z,900,true,1.079828,0.819622,0.884188,0.933890
N20261030-S027,N20261030,2026-10-31T07:00:00Z,900,true,1.111318,0.895001,0.724697,0.951366
N20261030-S028,N20261030,2026-10-31T07:15:00Z,900,true,1.192491,0.748278,0.872283,0.945967
N20261030-S029,N20261030,2026-10-31T07:30:00Z,900,true,1.065003,0.745035,0.883451,0.970650
N20261030-S030,N20261030,2026-10-31T07:45:00Z,900,true,1.101933,0.818411,0.753290,0.914079
N20261030-S031,N20261030,2026-10-31T08:00:00Z,900,true,0.991697,0.893288,0.832802,0.933662
N20261030-S032,N20261030,2026-10-31T08:15:00Z,900,true,1.366920,0.798528,0.725265,0.911178
N20261031-S001,N20261031,2026-11-01T00:30:00Z,900,true,0.939733,0.755880,0.720028,0.969208
N20261031-S002,N20261031,2026-11-01T00:45:00Z,900,true,1.066431,0.789856,0.839651,0.895169
N20261031-S003,N20261031,2026-11-01T01:00:00Z,900,true,1.381981,0.736348,0.751790,0.974890
N20261031-S004,N20261031,2026-11-01T01:15:00Z,900,true,1.264250,0.787826,0.817990,0.909898
N20261031-S005,N20261031,2026-11-01T01:30:00Z,900,true,0.891451,0.838988,0.829768,0.931863
N20261031-S006,N20261031,2026-11-01T01:45:00Z,900,true,1.382000,0.795055,0.815543,0.973135
N20261031-S007,N20261031,2026-11-01T02:00:00Z,900,true,1.026596,0.736390,0.780263,0.906198
N20261031-S008,N20261031,2026-11-01T02:15:00Z,900,true,1.314511,0.804282,0.732795,0.937548
N20261031-S009,N20261031,2026-11-01T02:30:00Z,900,true,0.889909,0.907972,0.832650,0.984684
N20261031-S010,N20261031,2026-11-01T02:45:00Z,900,true,0.991028,0.893373,0.922081,0.897430
N20261031-S011,N20261031,2026-11-01T03:00:00Z,900,true,1.312249,0.814554,0.874961,0.878331
N20261031-S012,N20261031,2026-11-01T03:15:00Z,900,true,0.997422,0.896415,0.921738,0.889026
N20261031-S013,N20261031,2026-11-01T03:30:00Z,900,true,1.226796,0.832818,0.714711,0.884939
N20261031-S014,N20261031,2026-11-01T03:45:00Z,900,true,1.311434,0.860014,0.762950,0.894043
N20261031-S015,N20261031,2026-11-01T04:00:00Z,900,true,1.136531,0.778039,0.714519,0.942598
N20261031-S016,N20261031,2026-11-01T04:15:00Z,900,true,0.969726,0.826177,0.789729,0.876854
N20261031-S017,N20261031,2026-11-01T04:30:00Z,900,true,1.256349,0.893607,0.750058,0.941118
N20261031-S018,N20261031,2026-11-01T04:45:00Z,900,true,0.990004,0.746417,0.850667,0.962079
N20261031-S019,N20261031,2026-11-01T05:00:00Z,900,true,0.937589,0.923975,0.912273,0.980240
N20261031-S020,N20261031,2026-11-01T05:15:00Z,900,true,1.265465,0.852008,0.847818,0.960269
N20261031-S021,N20261031,2026-11-01T05:30:00Z,900,true,1.157824,0.809535,0.756012,0.923711
N20261031-S022,N20261031,2026-11-01T05:45:00Z,900,true,0.950081,0.731784,0.855258,0.955544
N20261031-S023,N20261031,2026-11-01T06:00:00Z,900,true,1.180553,0.780346,0.839640,0.979380
N20261031-S024,N20261031,2026-11-01T06:15:00Z,900,true,1.380381,0.755518,0.758047,0.919930
N20261031-S025,N20261031,2026-11-01T06:30:00Z,900,true,1.192731,0.840829,0.897980,0.958236
N20261031-S026,N20261031,2026-11-01T06:45:00Z,900,true,1.204237,0.854903,0.831099,0.903600
N20261031-S027,N20261031,2026-11-01T07:00:00Z,900,true,0.900855,0.841661,0.823227,0.912636
N20261031-S028,N20261031,2026-11-01T07:15:00Z,900,true,1.321066,0.784535,0.865379,0.961014
N20261031-S029,N20261031,2026-11-01T07:30:00Z,900,true,1.150191,0.773208,0.819257,0.984531
N20261031-S030,N20261031,2026-11-01T07:45:00Z,900,true,1.140637,0.807056,0.876040,0.896027
N20261031-S031,N20261031,2026-11-01T08:00:00Z,900,true,1.253127,0.881902,0.760676,0.971752
N20261031-S032,N20261031,2026-11-01T08:15:00Z,900,true,1.194727,0.820136,0.918199,0.921329
N20261101-S001,N20261101,2026-11-02T00:30:00Z,900,true,1.048535,0.881760,0.747154,0.910637
N20261101-S002,N20261101,2026-11-02T00:45:00Z,900,true,1.226469,0.838252,0.792604,0.951695
N20261101-S003,N20261101,2026-11-02T01:00:00Z,900,true,1.004286,0.927336,0.905155,0.907800
N20261101-S004,N20261101,2026-11-02T01:15:00Z,900,true,1.242880,0.824401,0.818302,0.973110
N20261101-S005,N20261101,2026-11-02T01:30:00Z,900,false,1.217152,0.848970,0.741781,0.984434
N20261101-S006,N20261101,2026-11-02T01:45:00Z,900,true,1.134422,0.749777,0.810130,0.961826
N20261101-S007,N20261101,2026-11-02T02:00:00Z,900,true,1.304198,0.766198,0.793943,0.901003
N20261101-S008,N20261101,2026-11-02T02:15:00Z,900,true,1.043732,0.734497,0.863369,0.884519
N20261101-S009,N20261101,2026-11-02T02:30:00Z,900,true,0.934596,0.933128,0.826858,0.880376
N20261101-S010,N20261101,2026-11-02T02:45:00Z,900,true,1.138951,0.930765,0.730286,0.950572
N20261101-S011,N20261101,2026-11-02T03:00:00Z,900,true,1.197849,0.855654,0.731664,0.918225
N20261101-S012,N20261101,2026-11-02T03:15:00Z,900,true,1.213049,0.933911,0.869459,0.927315
N20261101-S013,N20261101,2026-11-02T03:30:00Z,900,true,1.124750,0.875135,0.732962,0.943185
N20261101-S014,N20261101,2026-11-02T03:45:00Z,900,false,0.988908,0.862227,0.735467,0.980457
N20261101-S015,N20261101,2026-11-02T04:00:00Z,900,true,1.353330,0.886662,0.733886,0.932950
N20261101-S016,N20261101,2026-11-02T04:15:00Z,900,true,1.148512,0.826344,0.801098,0.886332
N20261101-S017,N20261101,2026-11-02T04:30:00Z,900,true,1.245454,0.768685,0.788619,0.984263
N20261101-S018,N20261101,2026-11-02T04:45:00Z,900,true,1.120295,0.930892,0.742789,0.881359
N20261101-S019,N20261101,2026-11-02T05:00:00Z,900,true,0.902844,0.833057,0.888461,0.974022
N20261101-S020,N20261101,2026-11-02T05:15:00Z,900,true,1.208124,0.740473,0.711930,0.907838
N20261101-S021,N20261101,2026-11-02T05:30:00Z,900,true,1.102193,0.910751,0.924379,0.877290
N20261101-S022,N20261101,2026-11-02T05:45:00Z,900,true,1.079839,0.925035,0.910131,0.897298
N20261101-S023,N20261101,2026-11-02T06:00:00Z,900,true,1.339809,0.827082,0.868246,0.956565
N20261101-S024,N20261101,2026-11-02T06:15:00Z,900,true,1.021873,0.830255,0.878761,0.955081
N20261101-S025,N20261101,2026-11-02T06:30:00Z,900,true,1.085775,0.919510,0.796120,0.971694
N20261101-S026,N20261101,2026-11-02T06:45:00Z,900,false,0.997514,0.894584,0.722455,0.981649
N20261101-S027,N20261101,2026-11-02T07:00:00Z,900,true,0.955303,0.921834,0.815282,0.965666
N20261101-S028,N20261101,2026-11-02T07:15:00Z,900,false,1.329838,0.743712,0.849289,0.956728
N20261101-S029,N20261101,2026-11-02T07:30:00Z,900,true,1.032341,0.772514,0.910454,0.949637
N20261101-S030,N20261101,2026-11-02T07:45:00Z,900,true,0.942039,0.745561,0.746797,0.906292
N20261101-S031,N20261101,2026-11-02T08:00:00Z,900,true,0.917729,0.896184,0.737704,0.963137
N20261101-S032,N20261101,2026-11-02T08:15:00Z,900,true,1.386714,0.803729,0.883783,0.912062
N20261102-S001,N20261102,2026-11-03T00:30:00Z,900,true,1.165787,0.799424,0.709960,0.923593
N20261102-S002,N20261102,2026-11-03T00:45:00Z,900,true,1.367901,0.839687,0.834216,0.942878
N20261102-S003,N20261102,2026-11-03T01:00:00Z,900,true,1.339706,0.759227,0.735556,0.882933
N20261102-S004,N20261102,2026-11-03T01:15:00Z,900,true,1.265639,0.843562,0.910863,0.957934
N20261102-S005,N20261102,2026-11-03T01:30:00Z,900,true,1.234150,0.839845,0.910908,0.885512
N20261102-S006,N20261102,2026-11-03T01:45:00Z,900,true,1.131158,0.781719,0.893526,0.886206
N20261102-S007,N20261102,2026-11-03T02:00:00Z,900,true,1.049892,0.850841,0.757876,0.933813
N20261102-S008,N20261102,2026-11-03T02:15:00Z,900,true,1.063722,0.846222,0.842756,0.895422
N20261102-S009,N20261102,2026-11-03T02:30:00Z,900,true,1.250656,0.929595,0.786368,0.934314
N20261102-S010,N20261102,2026-11-03T02:45:00Z,900,true,1.033787,0.868607,0.783747,0.980537
N20261102-S011,N20261102,2026-11-03T03:00:00Z,900,true,1.401044,0.877665,0.722325,0.930844
N20261102-S012,N20261102,2026-11-03T03:15:00Z,900,true,0.919735,0.891572,0.905897,0.969413
N20261102-S013,N20261102,2026-11-03T03:30:00Z,900,true,0.948567,0.906717,0.792185,0.975942
N20261102-S014,N20261102,2026-11-03T03:45:00Z,900,true,1.386818,0.795082,0.748622,0.909834
N20261102-S015,N20261102,2026-11-03T04:00:00Z,900,true,1.176954,0.756325,0.735722,0.884046
N20261102-S016,N20261102,2026-11-03T04:15:00Z,900,true,1.404980,0.918404,0.747194,0.906933
N20261102-S017,N20261102,2026-11-03T04:30:00Z,900,true,1.210696,0.926099,0.737901,0.914657
N20261102-S018,N20261102,2026-11-03T04:45:00Z,900,true,0.966015,0.800139,0.770451,0.956000
N20261102-S019,N20261102,2026-11-03T05:00:00Z,900,true,1.316136,0.827976,0.708967,0.879068
N20261102-S020,N20261102,2026-11-03T05:15:00Z,900,true,1.331903,0.802131,0.772187,0.975044
N20261102-S021,N20261102,2026-11-03T05:30:00Z,900,true,1.015359,0.755606,0.711879,0.953483
N20261102-S022,N20261102,2026-11-03T05:45:00Z,900,true,1.355515,0.763638,0.721728,0.887539
N20261102-S023,N20261102,2026-11-03T06:00:00Z,900,true,1.188489,0.918647,0.776212,0.905608
N20261102-S024,N20261102,2026-11-03T06:15:00Z,900,true,0.991238,0.786813,0.913484,0.961649
N20261102-S025,N20261102,2026-11-03T06:30:00Z,900,true,1.113176,0.910406,0.852871,0.943636
N20261102-S026,N20261102,2026-11-03T06:45:00Z,900,true,1.093434,0.741015,0.780615,0.887711
N20261102-S027,N20261102,2026-11-03T07:00:00Z,900,true,1.243150,0.821698,0.810115,0.951887
N20261102-S028,N20261102,2026-11-03T07:15:00Z,900,true,1.405617,0.843983,0.925560,0.887030
N20261102-S029,N20261102,2026-11-03T07:30:00Z,900,true,1.372421,0.757209,0.868471,0.980611
N20261102-S030,N20261102,2026-11-03T07:45:00Z,900,true,1.061530,0.819525,0.860069,0.916764
N20261102-S031,N20261102,2026-11-03T08:00:00Z,900,true,1.140826,0.764413,0.755950,0.902580
N20261102-S032,N20261102,2026-11-03T08:15:00Z,900,true,1.144678,0.747227,0.727624,0.937214
N20261103-S001,N20261103,2026-11-04T00:30:00Z,900,true,1.005783,0.752181,0.812573,0.973700
N20261103-S002,N20261103,2026-11-04T00:45:00Z,900,true,0.950917,0.923940,0.840932,0.924451
N20261103-S003,N20261103,2026-11-04T01:00:00Z,900,true,1.014269,0.775776,0.735145,0.926026
N20261103-S004,N20261103,2026-11-04T01:15:00Z,900,true,1.363041,0.810094,0.820061,0.942206
N20261103-S005,N20261103,2026-11-04T01:30:00Z,900,true,0.910407,0.737285,0.754318,0.928300
N20261103-S006,N20261103,2026-11-04T01:45:00Z,900,true,1.255221,0.729165,0.890889,0.972427
N20261103-S007,N20261103,2026-11-04T02:00:00Z,900,false,1.150779,0.933209,0.826145,0.888790
N20261103-S008,N20261103,2026-11-04T02:15:00Z,900,true,1.012250,0.915092,0.785311,0.969115
N20261103-S009,N20261103,2026-11-04T02:30:00Z,900,true,0.899531,0.839005,0.913170,0.931949
N20261103-S010,N20261103,2026-11-04T02:45:00Z,900,true,1.128190,0.747071,0.853728,0.983479
N20261103-S011,N20261103,2026-11-04T03:00:00Z,900,false,0.987228,0.751303,0.906363,0.901377
N20261103-S012,N20261103,2026-11-04T03:15:00Z,900,true,0.892648,0.789651,0.894525,0.949962
N20261103-S013,N20261103,2026-11-04T03:30:00Z,900,true,0.897452,0.892723,0.776775,0.879031
N20261103-S014,N20261103,2026-11-04T03:45:00Z,900,true,1.015173,0.885352,0.909089,0.928603
N20261103-S015,N20261103,2026-11-04T04:00:00Z,900,true,0.969326,0.898856,0.861118,0.928575
N20261103-S016,N20261103,2026-11-04T04:15:00Z,900,true,1.178721,0.809664,0.870603,0.885985
N20261103-S017,N20261103,2026-11-04T04:30:00Z,900,true,1.158554,0.846906,0.822420,0.940496
N20261103-S018,N20261103,2026-11-04T04:45:00Z,900,true,1.206478,0.919899,0.828256,0.891980
N20261103-S019,N20261103,2026-11-04T05:00:00Z,900,false,0.915253,0.737013,0.859327,0.895295
N20261103-S020,N20261103,2026-11-04T05:15:00Z,900,true,1.252869,0.746438,0.872325,0.946935
N20261103-S021,N20261103,2026-11-04T05:30:00Z,900,true,1.065958,0.883445,0.737050,0.921510
N20261103-S022,N20261103,2026-11-04T05:45:00Z,900,true,0.953393,0.824308,0.731986,0.949417
N20261103-S023,N20261103,2026-11-04T06:00:00Z,900,true,1.171933,0.860654,0.872893,0.968195
N20261103-S024,N20261103,2026-11-04T06:15:00Z,900,true,1.316506,0.921538,0.736099,0.902747
N20261103-S025,N20261103,2026-11-04T06:30:00Z,900,true,1.053000,0.737701,0.870318,0.944634
N20261103-S026,N20261103,2026-11-04T06:45:00Z,900,true,1.378327,0.824933,0.879789,0.893237
N20261103-S027,N20261103,2026-11-04T07:00:00Z,900,true,1.388048,0.789222,0.783898,0.970225
N20261103-S028,N20261103,2026-11-04T07:15:00Z,900,true,1.092780,0.738178,0.878164,0.931682
N20261103-S029,N20261103,2026-11-04T07:30:00Z,900,true,1.080943,0.927673,0.712742,0.930893
N20261103-S030,N20261103,2026-11-04T07:45:00Z,900,true,1.044650,0.926680,0.750342,0.887189
N20261103-S031,N20261103,2026-11-04T08:00:00Z,900,true,1.089325,0.830744,0.718225,0.907795
N20261103-S032,N20261103,2026-11-04T08:15:00Z,900,true,1.257440,0.931441,0.860595,0.963160
N20261104-S001,N20261104,2026-11-05T00:30:00Z,900,false,1.391970,0.892241,0.747646,0.915078
N20261104-S002,N20261104,2026-11-05T00:45:00Z,900,true,1.365732,0.774091,0.781727,0.910025
N20261104-S003,N20261104,2026-11-05T01:00:00Z,900,true,1.166826,0.862791,0.891371,0.971404
N20261104-S004,N20261104,2026-11-05T01:15:00Z,900,true,1.042939,0.737309,0.763896,0.958375
N20261104-S005,N20261104,2026-11-05T01:30:00Z,900,true,1.240726,0.751324,0.809898,0.905931
N20261104-S006,N20261104,2026-11-05T01:45:00Z,900,true,1.322666,0.733054,0.755055,0.919353
N20261104-S007,N20261104,2026-11-05T02:00:00Z,900,true,1.310692,0.920965,0.904787,0.957205
N20261104-S008,N20261104,2026-11-05T02:15:00Z,900,true,1.224498,0.883288,0.818800,0.903127
N20261104-S009,N20261104,2026-11-05T02:30:00Z,900,true,1.384067,0.751921,0.757792,0.903069
N20261104-S010,N20261104,2026-11-05T02:45:00Z,900,true,1.395545,0.825106,0.822829,0.968378
N20261104-S011,N20261104,2026-11-05T03:00:00Z,900,true,0.964958,0.865500,0.878790,0.941462
N20261104-S012,N20261104,2026-11-05T03:15:00Z,900,true,0.899123,0.823990,0.823099,0.951406
N20261104-S013,N20261104,2026-11-05T03:30:00Z,900,true,1.330359,0.872735,0.854318,0.955168
N20261104-S014,N20261104,2026-11-05T03:45:00Z,900,true,1.014977,0.791221,0.804332,0.878405
N20261104-S015,N20261104,2026-11-05T04:00:00Z,900,true,0.950936,0.805497,0.742362,0.878795
N20261104-S016,N20261104,2026-11-05T04:15:00Z,900,true,1.131602,0.795401,0.790592,0.890471
N20261104-S017,N20261104,2026-11-05T04:30:00Z,900,true,1.052732,0.915126,0.829294,0.878694
N20261104-S018,N20261104,2026-11-05T04:45:00Z,900,true,1.126718,0.763578,0.809741,0.883998
N20261104-S019,N20261104,2026-11-05T05:00:00Z,900,true,1.358613,0.932166,0.833620,0.941443
N20261104-S020,N20261104,2026-11-05T05:15:00Z,900,true,0.994124,0.933601,0.745403,0.910280
N20261104-S021,N20261104,2026-11-05T05:30:00Z,900,true,1.352979,0.770262,0.783290,0.886799
N20261104-S022,N20261104,2026-11-05T05:45:00Z,900,true,0.908849,0.754222,0.922711,0.974126
N20261104-S023,N20261104,2026-11-05T06:00:00Z,900,true,0.997457,0.842498,0.779872,0.949299
N20261104-S024,N20261104,2026-11-05T06:15:00Z,900,true,1.135740,0.792929,0.862542,0.928154
N20261104-S025,N20261104,2026-11-05T06:30:00Z,900,true,1.282588,0.777957,0.902176,0.934594
N20261104-S026,N20261104,2026-11-05T06:45:00Z,900,true,1.399802,0.886202,0.921804,0.876010
N20261104-S027,N20261104,2026-11-05T07:00:00Z,900,true,0.946971,0.782248,0.905568,0.929044
N20261104-S028,N20261104,2026-11-05T07:15:00Z,900,true,1.079501,0.855232,0.810069,0.973075
N20261104-S029,N20261104,2026-11-05T07:30:00Z,900,true,1.138486,0.765274,0.767816,0.888715
N20261104-S030,N20261104,2026-11-05T07:45:00Z,900,true,1.105893,0.737248,0.721321,0.891035
N20261104-S031,N20261104,2026-11-05T08:00:00Z,900,true,1.225508,0.754638,0.866376,0.881631
N20261105-S001,N20261105,2026-11-06T00:30:00Z,900,true,0.934342,0.801330,0.819346,0.939102
N20261105-S002,N20261105,2026-11-06T00:45:00Z,900,true,1.171790,0.873111,0.891159,0.881430
N20261105-S003,N20261105,2026-11-06T01:00:00Z,900,false,1.122551,0.921304,0.780586,0.885208
N20261105-S004,N20261105,2026-11-06T01:15:00Z,900,true,1.247453,0.875883,0.839706,0.942409
N20261105-S005,N20261105,2026-11-06T01:30:00Z,900,true,1.382519,0.902633,0.741130,0.937485
N20261105-S006,N20261105,2026-11-06T01:45:00Z,900,true,1.139608,0.914415,0.732261,0.957392
N20261105-S007,N20261105,2026-11-06T02:00:00Z,900,true,1.177284,0.870965,0.908140,0.966818
N20261105-S008,N20261105,2026-11-06T02:15:00Z,900,true,1.076302,0.920149,0.848917,0.881270
N20261105-S009,N20261105,2026-11-06T02:30:00Z,900,true,1.380701,0.905192,0.777242,0.944819
N20261105-S010,N20261105,2026-11-06T02:45:00Z,900,false,1.266665,0.855594,0.880071,0.969706
N20261105-S011,N20261105,2026-11-06T03:00:00Z,900,true,1.220677,0.784438,0.807790,0.933583
N20261105-S012,N20261105,2026-11-06T03:15:00Z,900,true,1.005972,0.765011,0.887501,0.926022
N20261105-S013,N20261105,2026-11-06T03:30:00Z,900,true,0.981758,0.864682,0.917372,0.972047
N20261105-S014,N20261105,2026-11-06T03:45:00Z,900,true,1.186793,0.843496,0.868040,0.965984
N20261105-S015,N20261105,2026-11-06T04:00:00Z,900,true,1.287750,0.727954,0.801666,0.935511
N20261105-S016,N20261105,2026-11-06T04:15:00Z,900,false,1.028777,0.933871,0.875246,0.970730
N20261105-S017,N20261105,2026-11-06T04:30:00Z,900,true,1.109305,0.836172,0.745335,0.926245
N20261105-S018,N20261105,2026-11-06T04:45:00Z,900,true,1.406276,0.866440,0.828392,0.949326
N20261105-S019,N20261105,2026-11-06T05:00:00Z,900,true,1.299118,0.807911,0.728021,0.941794
N20261105-S020,N20261105,2026-11-06T05:15:00Z,900,false,1.238812,0.801927,0.871670,0.979155
N20261105-S021,N20261105,2026-11-06T05:30:00Z,900,false,1.147148,0.884472,0.871912,0.939388
N20261105-S022,N20261105,2026-11-06T05:45:00Z,900,true,1.212235,0.859191,0.847843,0.899837
N20261105-S023,N20261105,2026-11-06T06:00:00Z,900,true,1.104039,0.889600,0.761790,0.936771
N20261105-S024,N20261105,2026-11-06T06:15:00Z,900,true,1.295778,0.735688,0.779007,0.885968
N20261105-S025,N20261105,2026-11-06T06:30:00Z,900,true,1.125370,0.833079,0.871476,0.976104
N20261105-S026,N20261105,2026-11-06T06:45:00Z,900,true,0.946614,0.780687,0.845340,0.937551
N20261105-S027,N20261105,2026-11-06T07:00:00Z,900,true,0.957593,0.865332,0.893064,0.881938
N20261105-S028,N20261105,2026-11-06T07:15:00Z,900,false,0.958025,0.912470,0.823988,0.904265
N20261105-S029,N20261105,2026-11-06T07:30:00Z,900,true,1.130910,0.900687,0.753612,0.924235
N20261105-S030,N20261105,2026-11-06T07:45:00Z,900,true,0.953095,0.912623,0.778633,0.943791
N20261105-S031,N20261105,2026-11-06T08:00:00Z,900,true,0.917860,0.840780,0.828812,0.896835
N20261106-S001,N20261106,2026-11-07T00:30:00Z,900,true,1.979511,0.325579,0.181464,0.664085
N20261106-S002,N20261106,2026-11-07T00:45:00Z,900,false,1.708734,0.223807,0.228011,0.745081
N20261106-S003,N20261106,2026-11-07T01:00:00Z,900,true,2.007904,0.357848,0.266906,0.726880
N20261106-S004,N20261106,2026-11-07T01:15:00Z,900,true,1.741216,0.168992,0.558177,0.681500
N20261106-S005,N20261106,2026-11-07T01:30:00Z,900,true,2.588936,0.471877,0.282895,0.717032
N20261106-S006,N20261106,2026-11-07T01:45:00Z,900,true,2.610356,0.178235,0.420032,0.744388
N20261106-S007,N20261106,2026-11-07T02:00:00Z,900,true,1.687582,0.322730,0.368740,0.640767
N20261106-S008,N20261106,2026-11-07T02:15:00Z,900,true,2.626490,0.390481,0.381188,0.822838
N20261106-S009,N20261106,2026-11-07T02:30:00Z,900,false,1.832620,0.283052,0.399525,0.623113
N20261106-S010,N20261106,2026-11-07T02:45:00Z,900,true,2.562086,0.320105,0.534806,0.754759
N20261106-S011,N20261106,2026-11-07T03:00:00Z,900,true,2.442111,0.148877,0.180805,0.661386
N20261106-S012,N20261106,2026-11-07T03:15:00Z,900,true,1.771556,0.309824,0.245997,0.642985
N20261106-S013,N20261106,2026-11-07T03:30:00Z,900,true,2.256072,0.401487,0.496463,0.713291
N20261106-S014,N20261106,2026-11-07T03:45:00Z,900,true,1.825742,0.389182,0.378153,0.665483
N20261106-S015,N20261106,2026-11-07T04:00:00Z,900,true,2.416974,0.186796,0.371474,0.745852
N20261106-S016,N20261106,2026-11-07T04:15:00Z,900,true,1.913741,0.252623,0.267810,0.764727
N20261106-S017,N20261106,2026-11-07T04:30:00Z,900,true,2.653433,0.392321,0.510435,0.699826
N20261106-S018,N20261106,2026-11-07T04:45:00Z,900,false,1.699317,0.384620,0.451281,0.703712
N20261106-S019,N20261106,2026-11-07T05:00:00Z,900,true,1.889044,0.216829,0.513735,0.797608
N20261106-S020,N20261106,2026-11-07T05:15:00Z,900,true,2.306068,0.282686,0.154851,0.678506
N20261106-S021,N20261106,2026-11-07T05:30:00Z,900,false,2.069874,0.407912,0.563929,0.743590
N20261106-S022,N20261106,2026-11-07T05:45:00Z,900,true,2.483711,0.177518,0.248858,0.687377
N20261106-S023,N20261106,2026-11-07T06:00:00Z,900,true,2.167715,0.442505,0.214943,0.636071
N20261106-S024,N20261106,2026-11-07T06:15:00Z,900,false,2.363800,0.161336,0.348114,0.695583
N20261106-S025,N20261106,2026-11-07T06:30:00Z,900,true,2.407131,0.190416,0.550664,0.826532
N20261106-S026,N20261106,2026-11-07T06:45:00Z,900,true,1.802454,0.400616,0.260132,0.646924
N20261106-S027,N20261106,2026-11-07T07:00:00Z,900,true,2.117018,0.268577,0.207357,0.690713
N20261106-S028,N20261106,2026-11-07T07:15:00Z,900,true,2.496623,0.507703,0.539784,0.845046
N20261106-S029,N20261106,2026-11-07T07:30:00Z,900,true,2.499841,0.498843,0.513191,0.694878
N20261106-S030,N20261106,2026-11-07T07:45:00Z,900,true,2.336374,0.256887,0.305782,0.687150
N20261106-S031,N20261106,2026-11-07T08:00:00Z,900,true,2.428933,0.506000,0.232940,0.650114
N20261107-S001,N20261107,2026-11-08T00:30:00Z,900,true,1.072434,0.878433,0.785523,0.892826
N20261107-S002,N20261107,2026-11-08T00:45:00Z,900,true,1.213869,0.829583,0.923446,0.897831
N20261107-S003,N20261107,2026-11-08T01:00:00Z,900,true,1.286345,0.904772,0.901559,0.898765
N20261107-S004,N20261107,2026-11-08T01:15:00Z,900,false,1.143896,0.753785,0.731766,0.958964
N20261107-S005,N20261107,2026-11-08T01:30:00Z,900,true,1.264286,0.749115,0.899339,0.937919
N20261107-S006,N20261107,2026-11-08T01:45:00Z,900,true,1.073101,0.902174,0.873184,0.900714
N20261107-S007,N20261107,2026-11-08T02:00:00Z,900,true,1.368717,0.819627,0.770206,0.969401
N20261107-S008,N20261107,2026-11-08T02:15:00Z,900,true,1.250301,0.814752,0.859193,0.883995
N20261107-S009,N20261107,2026-11-08T02:30:00Z,900,true,1.011866,0.832989,0.766798,0.930412
N20261107-S010,N20261107,2026-11-08T02:45:00Z,900,true,1.236545,0.755522,0.824805,0.909536
N20261107-S011,N20261107,2026-11-08T03:00:00Z,900,true,1.142782,0.776493,0.795482,0.901858
N20261107-S012,N20261107,2026-11-08T03:15:00Z,900,true,1.126048,0.763841,0.738432,0.925646
N20261107-S013,N20261107,2026-11-08T03:30:00Z,900,true,1.088303,0.911149,0.894446,0.938571
N20261107-S014,N20261107,2026-11-08T03:45:00Z,900,true,1.059900,0.904869,0.921982,0.955069
N20261107-S015,N20261107,2026-11-08T04:00:00Z,900,true,1.277210,0.875691,0.776545,0.878177
N20261107-S016,N20261107,2026-11-08T04:15:00Z,900,true,0.939771,0.763375,0.789715,0.961993
N20261107-S017,N20261107,2026-11-08T04:30:00Z,900,true,1.036549,0.843876,0.748670,0.899481
N20261107-S018,N20261107,2026-11-08T04:45:00Z,900,true,1.237632,0.768526,0.850763,0.930433
N20261107-S019,N20261107,2026-11-08T05:00:00Z,900,true,0.903963,0.804836,0.764219,0.880255
N20261107-S020,N20261107,2026-11-08T05:15:00Z,900,true,1.158247,0.823827,0.821806,0.936177
N20261107-S021,N20261107,2026-11-08T05:30:00Z,900,true,0.912530,0.773963,0.837185,0.880327
N20261107-S022,N20261107,2026-11-08T05:45:00Z,900,true,1.263150,0.881224,0.706666,0.951047
N20261107-S023,N20261107,2026-11-08T06:00:00Z,900,true,1.224531,0.898242,0.720855,0.875936
N20261107-S024,N20261107,2026-11-08T06:15:00Z,900,true,1.068969,0.884269,0.895790,0.947343
N20261107-S025,N20261107,2026-11-08T06:30:00Z,900,true,1.133217,0.832511,0.898315,0.881226
N20261107-S026,N20261107,2026-11-08T06:45:00Z,900,true,0.937275,0.906910,0.722524,0.935000
N20261107-S027,N20261107,2026-11-08T07:00:00Z,900,true,1.044888,0.802344,0.826632,0.890509
N20261107-S028,N20261107,2026-11-08T07:15:00Z,900,true,1.060524,0.812706,0.798793,0.964109
N20261107-S029,N20261107,2026-11-08T07:30:00Z,900,true,1.043916,0.907509,0.898771,0.902576
N20261107-S030,N20261107,2026-11-08T07:45:00Z,900,true,0.956551,0.831819,0.745899,0.979061
N20261107-S031,N20261107,2026-11-08T08:00:00Z,900,true,1.361500,0.873652,0.718865,0.938616
N20261108-S001,N20261108,2026-11-09T00:30:00Z,900,true,1.179282,0.801722,0.714757,0.984311
N20261108-S002,N20261108,2026-11-09T00:45:00Z,900,true,0.990900,0.755269,0.783845,0.944110
N20261108-S003,N20261108,2026-11-09T01:00:00Z,900,true,0.888035,0.811376,0.835515,0.907739
N20261108-S004,N20261108,2026-11-09T01:15:00Z,900,true,0.937788,0.863826,0.867757,0.915950
N20261108-S005,N20261108,2026-11-09T01:30:00Z,900,true,1.302382,0.773274,0.818746,0.924958
N20261108-S006,N20261108,2026-11-09T01:45:00Z,900,true,1.039659,0.767579,0.853055,0.943306
N20261108-S007,N20261108,2026-11-09T02:00:00Z,900,true,1.327243,0.847041,0.788012,0.883221
N20261108-S008,N20261108,2026-11-09T02:15:00Z,900,true,1.221749,0.762384,0.779224,0.879822
N20261108-S009,N20261108,2026-11-09T02:30:00Z,900,true,1.089981,0.842768,0.893375,0.948291
N20261108-S010,N20261108,2026-11-09T02:45:00Z,900,true,1.330382,0.835374,0.823759,0.937258
N20261108-S011,N20261108,2026-11-09T03:00:00Z,900,true,1.113673,0.749332,0.773658,0.932284
N20261108-S012,N20261108,2026-11-09T03:15:00Z,900,true,1.232977,0.906427,0.850182,0.916317
N20261108-S013,N20261108,2026-11-09T03:30:00Z,900,true,1.026373,0.850523,0.836043,0.940903
N20261108-S014,N20261108,2026-11-09T03:45:00Z,900,true,1.383593,0.732747,0.879925,0.944821
N20261108-S015,N20261108,2026-11-09T04:00:00Z,900,true,1.240128,0.914839,0.769089,0.974885
N20261108-S016,N20261108,2026-11-09T04:15:00Z,900,true,1.218478,0.899605,0.802964,0.925187
N20261108-S017,N20261108,2026-11-09T04:30:00Z,900,true,1.377661,0.736033,0.915555,0.960549
N20261108-S018,N20261108,2026-11-09T04:45:00Z,900,true,1.360232,0.892456,0.885615,0.888135
N20261108-S019,N20261108,2026-11-09T05:00:00Z,900,true,1.220282,0.755946,0.912142,0.890640
N20261108-S020,N20261108,2026-11-09T05:15:00Z,900,true,1.367776,0.893193,0.803573,0.945291
N20261108-S021,N20261108,2026-11-09T05:30:00Z,900,true,0.978472,0.760590,0.789698,0.917156
N20261108-S022,N20261108,2026-11-09T05:45:00Z,900,true,1.138020,0.739464,0.906246,0.882276
N20261108-S023,N20261108,2026-11-09T06:00:00Z,900,true,1.106178,0.878516,0.758815,0.924829
N20261108-S024,N20261108,2026-11-09T06:15:00Z,900,true,1.347805,0.866419,0.726899,0.974588
N20261108-S025,N20261108,2026-11-09T06:30:00Z,900,true,1.244160,0.883649,0.779995,0.935666
N20261108-S026,N20261108,2026-11-09T06:45:00Z,900,true,1.403654,0.801607,0.784535,0.923896
N20261108-S027,N20261108,2026-11-09T07:00:00Z,900,false,1.055441,0.854244,0.863453,0.965596
N20261108-S028,N20261108,2026-11-09T07:15:00Z,900,true,1.309695,0.844317,0.834931,0.979569
N20261108-S029,N20261108,2026-11-09T07:30:00Z,900,true,1.400910,0.774807,0.848572,0.923785
N20261108-S030,N20261108,2026-11-09T07:45:00Z,900,true,1.258017,0.881412,0.788367,0.970109
N20261108-S031,N20261108,2026-11-09T08:00:00Z,900,true,0.997480,0.887414,0.723620,0.910813
N20261109-S001,N20261109,2026-11-10T00:30:00Z,900,true,2.531094,0.163443,0.509978,0.705537
N20261109-S002,N20261109,2026-11-10T00:45:00Z,900,true,2.563455,0.316724,0.241809,0.693736
N20261109-S003,N20261109,2026-11-10T01:00:00Z,900,true,1.804558,0.216038,0.403398,0.669413
N20261109-S004,N20261109,2026-11-10T01:15:00Z,900,true,2.544192,0.182450,0.394526,0.793027
N20261109-S005,N20261109,2026-11-10T01:30:00Z,900,false,2.226719,0.501731,0.556328,0.703130
N20261109-S006,N20261109,2026-11-10T01:45:00Z,900,true,1.838596,0.333062,0.155978,0.742683
N20261109-S007,N20261109,2026-11-10T02:00:00Z,900,false,1.812831,0.369169,0.387461,0.632452
N20261109-S008,N20261109,2026-11-10T02:15:00Z,900,true,2.627745,0.188108,0.261345,0.635726
N20261109-S009,N20261109,2026-11-10T02:30:00Z,900,false,1.976252,0.501296,0.527853,0.755180
N20261109-S010,N20261109,2026-11-10T02:45:00Z,900,true,2.021899,0.519333,0.202639,0.763132
N20261109-S011,N20261109,2026-11-10T03:00:00Z,900,true,2.102726,0.239179,0.255011,0.769770
N20261109-S012,N20261109,2026-11-10T03:15:00Z,900,true,2.083184,0.495556,0.166280,0.833400
N20261109-S013,N20261109,2026-11-10T03:30:00Z,900,true,2.197331,0.311025,0.543013,0.789810
N20261109-S014,N20261109,2026-11-10T03:45:00Z,900,true,2.469652,0.510473,0.497446,0.635255
N20261109-S015,N20261109,2026-11-10T04:00:00Z,900,false,2.026784,0.377669,0.559702,0.716160
N20261109-S016,N20261109,2026-11-10T04:15:00Z,900,true,2.593004,0.417328,0.179284,0.707401
N20261109-S017,N20261109,2026-11-10T04:30:00Z,900,true,1.737895,0.400085,0.211701,0.711747
N20261109-S018,N20261109,2026-11-10T04:45:00Z,900,true,2.194646,0.461278,0.281645,0.777019
N20261109-S019,N20261109,2026-11-10T05:00:00Z,900,false,1.681916,0.178638,0.307227,0.644231
N20261109-S020,N20261109,2026-11-10T05:15:00Z,900,false,1.766225,0.478239,0.524268,0.668475
N20261109-S021,N20261109,2026-11-10T05:30:00Z,900,false,2.090427,0.351214,0.422523,0.652550
N20261109-S022,N20261109,2026-11-10T05:45:00Z,900,true,2.589091,0.458936,0.300287,0.787042
N20261109-S023,N20261109,2026-11-10T06:00:00Z,900,true,2.657123,0.226222,0.529888,0.770971
N20261109-S024,N20261109,2026-11-10T06:15:00Z,900,true,2.578749,0.334391,0.362985,0.660909
N20261109-S025,N20261109,2026-11-10T06:30:00Z,900,false,1.708170,0.367340,0.496597,0.847652
N20261109-S026,N20261109,2026-11-10T06:45:00Z,900,true,2.231067,0.491785,0.337946,0.771964
N20261109-S027,N20261109,2026-11-10T07:00:00Z,900,true,1.766031,0.390458,0.196117,0.709867
N20261109-S028,N20261109,2026-11-10T07:15:00Z,900,true,1.907392,0.525698,0.460039,0.788132
N20261109-S029,N20261109,2026-11-10T07:30:00Z,900,true,2.519382,0.394625,0.239589,0.781787
N20261109-S030,N20261109,2026-11-10T07:45:00Z,900,true,2.128266,0.227806,0.426181,0.806286
N20261109-S031,N20261109,2026-11-10T08:00:00Z,900,false,2.319091,0.435854,0.423629,0.737871
N20261110-S001,N20261110,2026-11-11T00:30:00Z,900,true,1.118245,0.907777,0.887552,0.982281
N20261110-S002,N20261110,2026-11-11T00:45:00Z,900,true,1.383153,0.900249,0.794856,0.876890
N20261110-S003,N20261110,2026-11-11T01:00:00Z,900,true,0.891175,0.765514,0.839395,0.941213
N20261110-S004,N20261110,2026-11-11T01:15:00Z,900,true,1.227365,0.807043,0.779685,0.961434
N20261110-S005,N20261110,2026-11-11T01:30:00Z,900,true,1.375428,0.727912,0.763918,0.928572
N20261110-S006,N20261110,2026-11-11T01:45:00Z,900,true,1.116830,0.747191,0.851008,0.909263
N20261110-S007,N20261110,2026-11-11T02:00:00Z,900,true,1.121195,0.790425,0.754296,0.918073
N20261110-S008,N20261110,2026-11-11T02:15:00Z,900,true,1.045342,0.841318,0.843714,0.964126
N20261110-S009,N20261110,2026-11-11T02:30:00Z,900,true,1.114302,0.830732,0.889392,0.919985
N20261110-S010,N20261110,2026-11-11T02:45:00Z,900,true,1.055443,0.836202,0.864098,0.909342
N20261110-S011,N20261110,2026-11-11T03:00:00Z,900,true,1.261293,0.857510,0.853906,0.899344
N20261110-S012,N20261110,2026-11-11T03:15:00Z,900,true,1.407809,0.757150,0.822228,0.909874
N20261110-S013,N20261110,2026-11-11T03:30:00Z,900,true,0.970796,0.796284,0.802897,0.975757
N20261110-S014,N20261110,2026-11-11T03:45:00Z,900,true,1.283893,0.753740,0.722981,0.910805
N20261110-S015,N20261110,2026-11-11T04:00:00Z,900,true,1.187267,0.780088,0.855649,0.953561
N20261110-S016,N20261110,2026-11-11T04:15:00Z,900,true,1.305515,0.779843,0.858978,0.918372
N20261110-S017,N20261110,2026-11-11T04:30:00Z,900,true,1.119799,0.885173,0.923268,0.905519
N20261110-S018,N20261110,2026-11-11T04:45:00Z,900,true,1.345672,0.796032,0.854058,0.891963
N20261110-S019,N20261110,2026-11-11T05:00:00Z,900,true,1.247311,0.870387,0.792049,0.931468
N20261110-S020,N20261110,2026-11-11T05:15:00Z,900,true,1.185859,0.867692,0.854339,0.980288
N20261110-S021,N20261110,2026-11-11T05:30:00Z,900,true,1.041515,0.891296,0.863379,0.921988
N20261110-S022,N20261110,2026-11-11T05:45:00Z,900,true,1.284618,0.772058,0.834152,0.939302
N20261110-S023,N20261110,2026-11-11T06:00:00Z,900,true,0.999549,0.729632,0.921295,0.950516
N20261110-S024,N20261110,2026-11-11T06:15:00Z,900,true,0.990757,0.899872,0.834423,0.902775
N20261110-S025,N20261110,2026-11-11T06:30:00Z,900,true,1.370819,0.865246,0.831999,0.982087
N20261110-S026,N20261110,2026-11-11T06:45:00Z,900,true,0.976755,0.810036,0.763949,0.905007
N20261110-S027,N20261110,2026-11-11T07:00:00Z,900,true,1.230666,0.846777,0.814202,0.896862
N20261110-S028,N20261110,2026-11-11T07:15:00Z,900,true,1.247699,0.881919,0.895739,0.912551
N20261110-S029,N20261110,2026-11-11T07:30:00Z,900,true,1.275361,0.867036,0.843203,0.919372
N20261110-S030,N20261110,2026-11-11T07:45:00Z,900,true,0.956957,0.884328,0.907871,0.877396
N20261110-S031,N20261110,2026-11-11T08:00:00Z,900,true,1.112771,0.852555,0.798089,0.893426
N20261111-S001,N20261111,2026-11-12T00:30:00Z,900,true,1.833685,0.200598,0.439024,0.661095
N20261111-S002,N20261111,2026-11-12T00:45:00Z,900,true,1.908222,0.154576,0.274108,0.815426
N20261111-S003,N20261111,2026-11-12T01:00:00Z,900,true,2.171255,0.277800,0.333914,0.722478
N20261111-S004,N20261111,2026-11-12T01:15:00Z,900,true,2.403968,0.485538,0.406414,0.647927
N20261111-S005,N20261111,2026-11-12T01:30:00Z,900,true,2.541694,0.220897,0.522717,0.715882
N20261111-S006,N20261111,2026-11-12T01:45:00Z,900,true,1.975854,0.261032,0.192993,0.781891
N20261111-S007,N20261111,2026-11-12T02:00:00Z,900,false,2.213265,0.420713,0.314984,0.704878
N20261111-S008,N20261111,2026-11-12T02:15:00Z,900,false,2.295024,0.278160,0.526662,0.711483
N20261111-S009,N20261111,2026-11-12T02:30:00Z,900,true,2.102912,0.314750,0.308211,0.847260
N20261111-S010,N20261111,2026-11-12T02:45:00Z,900,true,1.884394,0.270523,0.288196,0.794706
N20261111-S011,N20261111,2026-11-12T03:00:00Z,900,false,2.241900,0.459407,0.371428,0.669719
N20261111-S012,N20261111,2026-11-12T03:15:00Z,900,true,2.331648,0.188497,0.177843,0.781331
N20261111-S013,N20261111,2026-11-12T03:30:00Z,900,false,2.003447,0.264940,0.435575,0.615377
N20261111-S014,N20261111,2026-11-12T03:45:00Z,900,false,1.911663,0.506424,0.190627,0.647382
N20261111-S015,N20261111,2026-11-12T04:00:00Z,900,true,1.833373,0.251249,0.229960,0.616621
N20261111-S016,N20261111,2026-11-12T04:15:00Z,900,true,2.080414,0.266737,0.264668,0.851083
N20261111-S017,N20261111,2026-11-12T04:30:00Z,900,false,1.676487,0.472261,0.167698,0.767988
N20261111-S018,N20261111,2026-11-12T04:45:00Z,900,true,2.028764,0.523077,0.198537,0.716877
N20261111-S019,N20261111,2026-11-12T05:00:00Z,900,true,2.575370,0.460193,0.401300,0.643479
N20261111-S020,N20261111,2026-11-12T05:15:00Z,900,true,1.781576,0.154904,0.163753,0.757685
N20261111-S021,N20261111,2026-11-12T05:30:00Z,900,false,1.829323,0.258966,0.451177,0.841756
N20261111-S022,N20261111,2026-11-12T05:45:00Z,900,true,1.756219,0.318516,0.321516,0.620475
N20261111-S023,N20261111,2026-11-12T06:00:00Z,900,true,1.984987,0.403811,0.292018,0.796321
N20261111-S024,N20261111,2026-11-12T06:15:00Z,900,true,1.727978,0.369879,0.183512,0.771760
N20261111-S025,N20261111,2026-11-12T06:30:00Z,900,true,2.576044,0.269495,0.387416,0.710402
N20261111-S026,N20261111,2026-11-12T06:45:00Z,900,true,1.991792,0.200779,0.168232,0.794935
N20261111-S027,N20261111,2026-11-12T07:00:00Z,900,true,2.457105,0.299594,0.487456,0.734150
N20261111-S028,N20261111,2026-11-12T07:15:00Z,900,true,2.537631,0.417360,0.425444,0.823614
N20261111-S029,N20261111,2026-11-12T07:30:00Z,900,true,1.716913,0.161808,0.430442,0.715022
N20261111-S030,N20261111,2026-11-12T07:45:00Z,900,true,1.943083,0.521135,0.370179,0.638438
N20261111-S031,N20261111,2026-11-12T08:00:00Z,900,true,2.341240,0.417098,0.290108,0.679518
N20261112-S001,N20261112,2026-11-13T00:30:00Z,900,true,0.916348,0.889179,0.764314,0.875997
N20261112-S002,N20261112,2026-11-13T00:45:00Z,900,true,1.087242,0.785707,0.782045,0.960225
N20261112-S003,N20261112,2026-11-13T01:00:00Z,900,true,1.051108,0.878854,0.876544,0.900434
N20261112-S004,N20261112,2026-11-13T01:15:00Z,900,true,0.921561,0.767292,0.787601,0.907196
N20261112-S005,N20261112,2026-11-13T01:30:00Z,900,true,1.146228,0.798627,0.832850,0.917677
N20261112-S006,N20261112,2026-11-13T01:45:00Z,900,true,1.155713,0.751763,0.725431,0.913132
N20261112-S007,N20261112,2026-11-13T02:00:00Z,900,true,0.913161,0.855794,0.750882,0.966927
N20261112-S008,N20261112,2026-11-13T02:15:00Z,900,true,1.230454,0.764849,0.776697,0.941396
N20261112-S009,N20261112,2026-11-13T02:30:00Z,900,true,1.285187,0.882317,0.888821,0.954597
N20261112-S010,N20261112,2026-11-13T02:45:00Z,900,true,1.171654,0.866777,0.766277,0.984845
N20261112-S011,N20261112,2026-11-13T03:00:00Z,900,true,0.923848,0.833627,0.790380,0.895782
N20261112-S012,N20261112,2026-11-13T03:15:00Z,900,true,1.052860,0.759108,0.713184,0.914633
N20261112-S013,N20261112,2026-11-13T03:30:00Z,900,true,1.144229,0.794775,0.792810,0.931722
N20261112-S014,N20261112,2026-11-13T03:45:00Z,900,true,1.230536,0.813428,0.827547,0.915862
N20261112-S015,N20261112,2026-11-13T04:00:00Z,900,true,1.264824,0.731327,0.809971,0.967736
N20261112-S016,N20261112,2026-11-13T04:15:00Z,900,true,1.294486,0.732488,0.763287,0.939374
N20261112-S017,N20261112,2026-11-13T04:30:00Z,900,true,0.999204,0.817118,0.709993,0.910255
N20261112-S018,N20261112,2026-11-13T04:45:00Z,900,false,1.333904,0.756860,0.844642,0.950018
N20261112-S019,N20261112,2026-11-13T05:00:00Z,900,true,0.992342,0.918853,0.801856,0.926194
N20261112-S020,N20261112,2026-11-13T05:15:00Z,900,true,1.295335,0.879476,0.889627,0.897764
N20261112-S021,N20261112,2026-11-13T05:30:00Z,900,true,0.911697,0.911985,0.837926,0.876918
N20261112-S022,N20261112,2026-11-13T05:45:00Z,900,true,1.304529,0.783965,0.787622,0.960803
N20261112-S023,N20261112,2026-11-13T06:00:00Z,900,true,1.251814,0.745611,0.922142,0.901505
N20261112-S024,N20261112,2026-11-13T06:15:00Z,900,true,1.237343,0.803291,0.843986,0.917259
N20261112-S025,N20261112,2026-11-13T06:30:00Z,900,true,1.018246,0.911346,0.778191,0.907561
N20261112-S026,N20261112,2026-11-13T06:45:00Z,900,true,1.253420,0.860657,0.759015,0.917970
N20261112-S027,N20261112,2026-11-13T07:00:00Z,900,true,1.358317,0.732796,0.815355,0.967300
N20261112-S028,N20261112,2026-11-13T07:15:00Z,900,true,1.085272,0.917723,0.734615,0.972921
N20261112-S029,N20261112,2026-11-13T07:30:00Z,900,true,0.905225,0.931510,0.756979,0.880285
N20261112-S030,N20261112,2026-11-13T07:45:00Z,900,true,1.313826,0.854271,0.910730,0.917226
N20261112-S031,N20261112,2026-11-13T08:00:00Z,900,true,0.921795,0.902430,0.921345,0.925394
N20261113-S001,N20261113,2026-11-14T00:30:00Z,900,true,1.380886,0.901353,0.802334,0.882034
N20261113-S002,N20261113,2026-11-14T00:45:00Z,900,true,1.216259,0.802411,0.922369,0.912981
N20261113-S003,N20261113,2026-11-14T01:00:00Z,900,true,1.042605,0.771834,0.724001,0.969206
N20261113-S004,N20261113,2026-11-14T01:15:00Z,900,true,0.925332,0.829124,0.886981,0.974141
N20261113-S005,N20261113,2026-11-14T01:30:00Z,900,true,1.181648,0.837283,0.872101,0.880863
N20261113-S006,N20261113,2026-11-14T01:45:00Z,900,true,1.384252,0.809292,0.913658,0.969946
N20261113-S007,N20261113,2026-11-14T02:00:00Z,900,true,1.009761,0.896513,0.777853,0.877428
N20261113-S008,N20261113,2026-11-14T02:15:00Z,900,true,1.246746,0.756301,0.908206,0.962960
N20261113-S009,N20261113,2026-11-14T02:30:00Z,900,true,1.180767,0.726532,0.736267,0.937276
N20261113-S010,N20261113,2026-11-14T02:45:00Z,900,true,1.006464,0.911689,0.721352,0.945405
N20261113-S011,N20261113,2026-11-14T03:00:00Z,900,true,0.903903,0.728262,0.706327,0.936413
N20261113-S012,N20261113,2026-11-14T03:15:00Z,900,false,1.302471,0.824707,0.765914,0.893476
N20261113-S013,N20261113,2026-11-14T03:30:00Z,900,false,1.374917,0.870145,0.907450,0.980006
N20261113-S014,N20261113,2026-11-14T03:45:00Z,900,true,1.314133,0.835671,0.885954,0.931511
N20261113-S015,N20261113,2026-11-14T04:00:00Z,900,true,0.906599,0.862736,0.818654,0.881543
N20261113-S016,N20261113,2026-11-14T04:15:00Z,900,true,0.981657,0.837968,0.796511,0.934655
N20261113-S017,N20261113,2026-11-14T04:30:00Z,900,true,1.282010,0.808266,0.722811,0.968591
N20261113-S018,N20261113,2026-11-14T04:45:00Z,900,true,1.090252,0.898618,0.860477,0.876912
N20261113-S019,N20261113,2026-11-14T05:00:00Z,900,true,0.927787,0.757000,0.766527,0.975397
N20261113-S020,N20261113,2026-11-14T05:15:00Z,900,true,0.907768,0.729899,0.832340,0.935485
N20261113-S021,N20261113,2026-11-14T05:30:00Z,900,true,0.939307,0.928707,0.860826,0.905866
N20261113-S022,N20261113,2026-11-14T05:45:00Z,900,true,1.128014,0.797579,0.897432,0.925967
N20261113-S023,N20261113,2026-11-14T06:00:00Z,900,false,1.063888,0.793872,0.835939,0.980710
N20261113-S024,N20261113,2026-11-14T06:15:00Z,900,false,1.394828,0.784620,0.792048,0.922604
N20261113-S025,N20261113,2026-11-14T06:30:00Z,900,true,1.039957,0.883498,0.839089,0.951201
N20261113-S026,N20261113,2026-11-14T06:45:00Z,900,true,0.952248,0.816719,0.772320,0.977631
N20261113-S027,N20261113,2026-11-14T07:00:00Z,900,true,1.258576,0.792786,0.907392,0.915573
N20261113-S028,N20261113,2026-11-14T07:15:00Z,900,true,1.048121,0.776413,0.845980,0.900574
N20261113-S029,N20261113,2026-11-14T07:30:00Z,900,true,1.260188,0.859338,0.778380,0.908949
N20261113-S030,N20261113,2026-11-14T07:45:00Z,900,true,1.204034,0.905880,0.746518,0.941123
N20261113-S031,N20261113,2026-11-14T08:00:00Z,900,true,0.966002,0.780168,0.760194,0.927375
N20261114-S001,N20261114,2026-11-15T00:30:00Z,900,true,1.295887,0.901587,0.725121,0.936817
N20261114-S002,N20261114,2026-11-15T00:45:00Z,900,true,0.987797,0.880857,0.810954,0.900968
N20261114-S003,N20261114,2026-11-15T01:00:00Z,900,true,0.998347,0.801139,0.781344,0.952733
N20261114-S004,N20261114,2026-11-15T01:15:00Z,900,true,1.275499,0.851314,0.911282,0.983259
N20261114-S005,N20261114,2026-11-15T01:30:00Z,900,true,1.165891,0.853533,0.830023,0.944857
N20261114-S006,N20261114,2026-11-15T01:45:00Z,900,true,1.070776,0.845462,0.882146,0.935018
N20261114-S007,N20261114,2026-11-15T02:00:00Z,900,true,1.274582,0.925649,0.842836,0.882665
N20261114-S008,N20261114,2026-11-15T02:15:00Z,900,true,1.262390,0.761475,0.889826,0.900372
N20261114-S009,N20261114,2026-11-15T02:30:00Z,900,true,1.369353,0.793028,0.765293,0.946530
N20261114-S010,N20261114,2026-11-15T02:45:00Z,900,true,1.277142,0.864885,0.868864,0.918390
N20261114-S011,N20261114,2026-11-15T03:00:00Z,900,true,1.075151,0.925668,0.768669,0.915355
N20261114-S012,N20261114,2026-11-15T03:15:00Z,900,true,0.977195,0.782775,0.772425,0.974374
N20261114-S013,N20261114,2026-11-15T03:30:00Z,900,true,0.977458,0.917770,0.838528,0.975303
N20261114-S014,N20261114,2026-11-15T03:45:00Z,900,true,0.935123,0.918728,0.783630,0.937401
N20261114-S015,N20261114,2026-11-15T04:00:00Z,900,true,1.036259,0.794129,0.774562,0.973835
N20261114-S016,N20261114,2026-11-15T04:15:00Z,900,true,1.075087,0.757560,0.757944,0.931657
N20261114-S017,N20261114,2026-11-15T04:30:00Z,900,true,0.931980,0.923103,0.816632,0.893615
N20261114-S018,N20261114,2026-11-15T04:45:00Z,900,false,1.393817,0.909447,0.866154,0.972801
N20261114-S019,N20261114,2026-11-15T05:00:00Z,900,true,1.012331,0.779741,0.729595,0.901600
N20261114-S020,N20261114,2026-11-15T05:15:00Z,900,true,1.374931,0.830085,0.779216,0.902276
N20261114-S021,N20261114,2026-11-15T05:30:00Z,900,true,1.137085,0.748902,0.813340,0.922457
N20261114-S022,N20261114,2026-11-15T05:45:00Z,900,false,1.101374,0.849466,0.814133,0.936125
N20261114-S023,N20261114,2026-11-15T06:00:00Z,900,true,1.272834,0.867776,0.858596,0.977810
N20261114-S024,N20261114,2026-11-15T06:15:00Z,900,true,1.299860,0.760053,0.714337,0.912550
N20261114-S025,N20261114,2026-11-15T06:30:00Z,900,true,1.259649,0.804846,0.803616,0.927069
N20261114-S026,N20261114,2026-11-15T06:45:00Z,900,true,0.934946,0.771046,0.877285,0.916398
N20261114-S027,N20261114,2026-11-15T07:00:00Z,900,true,0.969713,0.909165,0.803434,0.967307
N20261114-S028,N20261114,2026-11-15T07:15:00Z,900,true,1.405300,0.754895,0.746656,0.964978
N20261114-S029,N20261114,2026-11-15T07:30:00Z,900,true,1.407427,0.850499,0.866748,0.922479
N20261114-S030,N20261114,2026-11-15T07:45:00Z,900,true,1.110416,0.934245,0.819489,0.882442
N20261114-S031,N20261114,2026-11-15T08:00:00Z,900,true,1.253781,0.858444,0.873074,0.967739
N20261115-S001,N20261115,2026-11-16T00:30:00Z,900,true,1.414858,0.692340,0.692808,0.903920
N20261115-S002,N20261115,2026-11-16T00:45:00Z,900,true,1.500393,0.717917,0.422984,0.903516
N20261115-S003,N20261115,2026-11-16T01:00:00Z,900,true,1.620779,0.427123,0.474488,0.923955
N20261115-S004,N20261115,2026-11-16T01:15:00Z,900,true,1.746498,0.653551,0.488527,0.776816
N20261115-S005,N20261115,2026-11-16T01:30:00Z,900,true,1.798507,0.559814,0.429077,0.890724
N20261115-S006,N20261115,2026-11-16T01:45:00Z,900,true,1.826291,0.556974,0.522917,0.874701
N20261115-S007,N20261115,2026-11-16T02:00:00Z,900,true,1.357093,0.440185,0.588425,0.875908
N20261115-S008,N20261115,2026-11-16T02:15:00Z,900,true,1.529155,0.632932,0.507994,0.799278
N20261115-S009,N20261115,2026-11-16T02:30:00Z,900,true,1.935270,0.575601,0.628500,0.816919
N20261115-S010,N20261115,2026-11-16T02:45:00Z,900,true,1.729338,0.434967,0.667432,0.865603
N20261115-S011,N20261115,2026-11-16T03:00:00Z,900,false,1.658175,0.588452,0.547929,0.929770
N20261115-S012,N20261115,2026-11-16T03:15:00Z,900,true,1.526670,0.740640,0.493283,0.827474
N20261115-S013,N20261115,2026-11-16T03:30:00Z,900,true,1.872214,0.452242,0.648682,0.867332
N20261115-S014,N20261115,2026-11-16T03:45:00Z,900,true,1.862052,0.612797,0.534828,0.859158
N20261115-S015,N20261115,2026-11-16T04:00:00Z,900,true,1.869624,0.579542,0.606394,0.853073
N20261115-S016,N20261115,2026-11-16T04:15:00Z,900,false,1.578308,0.592884,0.546225,0.835898
N20261115-S017,N20261115,2026-11-16T04:30:00Z,900,true,1.659912,0.441383,0.571775,0.785789
N20261115-S018,N20261115,2026-11-16T04:45:00Z,900,true,1.415370,0.683166,0.528642,0.934396
N20261115-S019,N20261115,2026-11-16T05:00:00Z,900,true,1.342401,0.640613,0.718051,0.797417
N20261115-S020,N20261115,2026-11-16T05:15:00Z,900,true,1.420525,0.702168,0.696786,0.825008
N20261115-S021,N20261115,2026-11-16T05:30:00Z,900,true,1.342570,0.725944,0.595631,0.923363
N20261115-S022,N20261115,2026-11-16T05:45:00Z,900,true,1.392108,0.524591,0.740514,0.902797
N20261115-S023,N20261115,2026-11-16T06:00:00Z,900,true,1.297575,0.760337,0.669860,0.877717
N20261115-S024,N20261115,2026-11-16T06:15:00Z,900,false,1.675023,0.565188,0.726357,0.803218
N20261115-S025,N20261115,2026-11-16T06:30:00Z,900,true,1.297055,0.753534,0.697987,0.875907
N20261115-S026,N20261115,2026-11-16T06:45:00Z,900,true,1.255551,0.738396,0.430573,0.807154
N20261115-S027,N20261115,2026-11-16T07:00:00Z,900,false,1.676694,0.490442,0.549287,0.822839
N20261115-S028,N20261115,2026-11-16T07:15:00Z,900,true,1.363250,0.601067,0.523879,0.902212
N20261115-S029,N20261115,2026-11-16T07:30:00Z,900,true,1.430929,0.692985,0.753283,0.930774
N20261115-S030,N20261115,2026-11-16T07:45:00Z,900,true,1.604602,0.748439,0.651460,0.790802
N20261115-S031,N20261115,2026-11-16T08:00:00Z,900,true,1.429654,0.713447,0.475912,0.802511
