slot_id,night_id,timestamp_utc,duration_seconds,is_observable,seeing_arcsec,transparency,sky_quality,instrument_efficiency
N20261024-S001,N20261024,2026-10-25T00:15:00Z,900,false,2.130008,0.505926,0.484573,0.809616
N20261024-S002,N20261024,2026-10-25T00:30:00Z,900,false,2.012373,0.200606,0.262568,0.712093
N20261024-S003,N20261024,2026-10-25T00:45:00Z,900,true,2.264418,0.401515,0.275493,0.699639
N20261024-S004,N20261024,2026-10-25T01:00:00Z,900,true,2.073346,0.224838,0.235158,0.841589
N20261024-S005,N20261024,2026-10-25T01:15:00Z,900,true,2.010532,0.554746,0.532403,0.800813
N20261024-S006,N20261024,2026-10-25T01:30:00Z,900,true,1.814681,0.454272,0.571325,0.632700
N20261024-S007,N20261024,2026-10-25T01:45:00Z,900,false,1.725240,0.349108,0.229797,0.653525
N20261024-S008,N20261024,2026-10-25T02:00:00Z,900,false,1.663795,0.369520,0.462761,0.844746
N20261024-S009,N20261024,2026-10-25T02:15:00Z,900,true,2.433420,0.504636,0.294168,0.773106
N20261024-S010,N20261024,2026-10-25T02:30:00Z,900,true,2.058315,0.535517,0.201435,0.724030
N20261024-S011,N20261024,2026-10-25T02:45:00Z,900,false,1.708510,0.377909,0.327603,0.619218
N20261024-S012,N20261024,2026-10-25T03:00:00Z,900,true,1.817249,0.508309,0.595180,0.699487
N20261024-S013,N20261024,2026-10-25T03:15:00Z,900,false,1.768290,0.201962,0.372827,0.832222
N20261024-S014,N20261024,2026-10-25T03:30:00Z,900,false,2.113778,0.262392,0.267281,0.647203
N20261024-S015,N20261024,2026-10-25T03:45:00Z,900,true,2.023801,0.281418,0.588882,0.844646
N20261024-S016,N20261024,2026-10-25T04:00:00Z,900,true,2.374493,0.477800,0.308363,0.647054
N20261024-S017,N20261024,2026-10-25T04:15:00Z,900,true,2.158610,0.501671,0.451778,0.777230
N20261024-S018,N20261024,2026-10-25T04:30:00Z,900,false,1.683542,0.218573,0.200549,0.720759
N20261024-S019,N20261024,2026-10-25T04:45:00Z,900,false,2.584051,0.391072,0.538926,0.840513
N20261024-S020,N20261024,2026-10-25T05:00:00Z,900,true,1.794807,0.331421,0.600127,0.696323
N20261024-S021,N20261024,2026-10-25T05:15:00Z,900,true,2.136302,0.453961,0.284209,0.619316
N20261024-S022,N20261024,2026-10-25T05:30:00Z,900,true,1.812623,0.510999,0.273357,0.828521
N20261024-S023,N20261024,2026-10-25T05:45:00Z,900,true,2.202759,0.544683,0.591374,0.749114
N20261024-S024,N20261024,2026-10-25T06:00:00Z,900,true,2.146082,0.559052,0.418665,0.796464
N20261024-S025,N20261024,2026-10-25T06:15:00Z,900,false,2.151476,0.397757,0.239511,0.834114
N20261024-S026,N20261024,2026-10-25T06:30:00Z,900,true,2.539755,0.538666,0.487300,0.615187
N20261024-S027,N20261024,2026-10-25T06:45:00Z,900,true,1.979572,0.377232,0.566501,0.811741
N20261024-S028,N20261024,2026-10-25T07:00:00Z,900,false,1.725804,0.385313,0.410113,0.716258
N20261024-S029,N20261024,2026-10-25T07:15:00Z,900,true,1.618982,0.201450,0.400453,0.749707
N20261024-S030,N20261024,2026-10-25T07:30:00Z,900,true,1.802618,0.479710,0.352225,0.685634
N20261024-S031,N20261024,2026-10-25T07:45:00Z,900,true,2.494033,0.254153,0.556430,0.838993
N20261024-S032,N20261024,2026-10-25T08:00:00Z,900,true,2.442506,0.365620,0.407968,0.709291
N20261024-S033,N20261024,2026-10-25T08:15:00Z,900,true,2.342020,0.553541,0.373617,0.619927
N20261025-S001,N20261025,2026-10-26T00:15:00Z,900,true,1.142217,0.918649,0.905421,0.903714
N20261025-S002,N20261025,2026-10-26T00:30:00Z,900,true,0.847347,0.972084,0.889634,0.904763
N20261025-S003,N20261025,2026-10-26T00:45:00Z,900,true,1.224817,0.948009,0.924246,0.966537
N20261025-S004,N20261025,2026-10-26T01:00:00Z,900,true,1.083488,0.821388,0.755546,0.977914
N20261025-S005,N20261025,2026-10-26T01:15:00Z,900,true,1.152367,0.887563,0.962639,0.892904
N20261025-S006,N20261025,2026-10-26T01:30:00Z,900,true,1.325215,0.854424,0.815750,0.971427
N20261025-S007,N20261025,2026-10-26T01:45:00Z,900,true,0.965098,0.822233,0.917399,0.886022
N20261025-S008,N20261025,2026-10-26T02:00:00Z,900,true,1.205444,0.824000,0.960349,0.972678
N20261025-S009,N20261025,2026-10-26T02:15:00Z,900,true,1.256307,0.932134,0.801582,0.946069
N20261025-S010,N20261025,2026-10-26T02:30:00Z,900,true,1.087084,0.798850,0.788604,0.951105
N20261025-S011,N20261025,2026-10-26T02:45:00Z,900,true,0.995786,0.926087,0.861947,0.976534
N20261025-S012,N20261025,2026-10-26T03:00:00Z,900,true,1.010987,0.834008,0.854963,0.951382
N20261025-S013,N20261025,2026-10-26T03:15:00Z,900,true,1.202967,0.817443,0.841259,0.935343
N20261025-S014,N20261025,2026-10-26T03:30:00Z,900,true,0.992954,0.911972,0.901966,0.906117
N20261025-S015,N20261025,2026-10-26T03:45:00Z,900,true,0.818392,0.924464,0.805934,0.947425
N20261025-S016,N20261025,2026-10-26T04:00:00Z,900,true,1.180283,0.800490,0.847319,0.907668
N20261025-S017,N20261025,2026-10-26T04:15:00Z,900,true,1.225763,0.907332,0.950406,0.920966
N20261025-S018,N20261025,2026-10-26T04:30:00Z,900,true,1.045505,0.892892,0.765704,0.900030
N20261025-S019,N20261025,2026-10-26T04:45:00Z,900,true,1.182047,0.867452,0.770070,0.938818
N20261025-S020,N20261025,2026-10-26T05:00:00Z,900,true,0.933253,0.810602,0.841449,0.953999
N20261025-S021,N20261025,2026-10-26T05:15:00Z,900,true,0.973773,0.941077,0.866251,0.943697
N20261025-S022,N20261025,2026-10-26T05:30:00Z,900,true,1.144032,0.879399,0.821772,0.926624
N20261025-S023,N20261025,2026-10-26T05:45:00Z,900,true,1.225010,0.926169,0.915860,0.893638
N20261025-S024,N20261025,2026-10-26T06:00:00Z,900,true,1.261726,0.773430,0.771465,0.940970
N20261025-S025,N20261025,2026-10-26T06:15:00Z,900,true,0.866227,0.783504,0.781862,0.901390
N20261025-S026,N20261025,2026-10-26T06:30:00Z,900,true,0.837339,0.819916,0.805967,0.881670
N20261025-S027,N20261025,2026-10-26T06:45:00Z,900,true,1.210063,0.961258,0.836179,0.913458
N20261025-S028,N20261025,2026-10-26T07:00:00Z,900,true,1.155087,0.837953,0.969882,0.952111
N20261025-S029,N20261025,2026-10-26T07:15:00Z,900,true,1.327752,0.934905,0.871260,0.965596
N20261025-S030,N20261025,2026-10-26T07:30:00Z,900,true,0.974426,0.854963,0.946202,0.966950
N20261025-S031,N20261025,2026-10-26T07:45:00Z,900,true,0.942005,0.965116,0.768369,0.980701
N20261025-S032,N20261025,2026-10-26T08:00:00Z,900,true,0.958854,0.931505,0.797666,0.957199
N20261025-S033,N20261025,2026-10-26T08:15:00Z,900,true,1.086494,0.967217,0.861846,0.968350
N20261026-S001,N20261026,2026-10-27T00:15:00Z,900,true,1.070111,0.844748,0.844834,0.972966
N20261026-S002,N20261026,2026-10-27T00:30:00Z,900,true,0.909084,0.973932,0.888466,0.875230
N20261026-S003,N20261026,2026-10-27T00:45:00Z,900,true,1.180193,0.886438,0.948172,0.941676
N20261026-S004,N20261026,2026-10-27T01:00:00Z,900,true,1.285474,0.950084,0.942663,0.940424
N20261026-S005,N20261026,2026-10-27T01:15:00Z,900,true,1.119327,0.823817,0.839444,0.922454
N20261026-S006,N20261026,2026-10-27T01:30:00Z,900,true,1.124409,0.796815,0.896077,0.908492
N20261026-S007,N20261026,2026-10-27T01:45:00Z,900,true,0.975523,0.828638,0.866008,0.942105
N20261026-S008,N20261026,2026-10-27T02:00:00Z,900,true,1.020183,0.838586,0.888725,0.927893
N20261026-S009,N20261026,2026-10-27T02:15:00Z,900,true,1.160382,0.832768,0.772318,0.889796
N20261026-S010,N20261026,2026-10-27T02:30:00Z,900,true,1.062871,0.927047,0.943090,0.925026
N20261026-S011,N20261026,2026-10-27T02:45:00Z,900,true,1.297002,0.867715,0.876382,0.900913
N20261026-S012,N20261026,2026-10-27T03:00:00Z,900,true,1.065347,0.775368,0.926028,0.976002
N20261026-S013,N20261026,2026-10-27T03:15:00Z,900,true,0.928533,0.869887,0.808125,0.890401
N20261026-S014,N20261026,2026-10-27T03:30:00Z,900,true,1.232479,0.979405,0.836407,0.887942
N20261026-S015,N20261026,2026-10-27T03:45:00Z,900,true,1.068758,0.943260,0.811529,0.938872
N20261026-S016,N20261026,2026-10-27T04:00:00Z,900,true,1.124665,0.819888,0.861229,0.913108
N20261026-S017,N20261026,2026-10-27T04:15:00Z,900,true,1.333435,0.949942,0.845508,0.900428
N20261026-S018,N20261026,2026-10-27T04:30:00Z,900,true,1.097583,0.782689,0.756352,0.889380
N20261026-S019,N20261026,2026-10-27T04:45:00Z,900,true,1.211557,0.802852,0.761773,0.878424
N20261026-S020,N20261026,2026-10-27T05:00:00Z,900,true,0.952084,0.845093,0.802489,0.883287
N20261026-S021,N20261026,2026-10-27T05:15:00Z,900,true,0.963894,0.968346,0.840526,0.973447
N20261026-S022,N20261026,2026-10-27T05:30:00Z,900,true,1.206556,0.944395,0.797424,0.894218
N20261026-S023,N20261026,2026-10-27T05:45:00Z,900,true,1.126624,0.786077,0.854409,0.950003
N20261026-S024,N20261026,2026-10-27T06:00:00Z,900,true,1.331045,0.901632,0.872402,0.940647
N20261026-S025,N20261026,2026-10-27T06:15:00Z,900,true,0.842195,0.828794,0.856375,0.948992
N20261026-S026,N20261026,2026-10-27T06:30:00Z,900,true,1.180125,0.956116,0.942634,0.912836
N20261026-S027,N20261026,2026-10-27T06:45:00Z,900,true,0.884420,0.806320,0.753927,0.891958
N20261026-S028,N20261026,2026-10-27T07:00:00Z,900,true,0.950251,0.950769,0.888264,0.952952
N20261026-S029,N20261026,2026-10-27T07:15:00Z,900,true,1.292296,0.873729,0.966187,0.908866
N20261026-S030,N20261026,2026-10-27T07:30:00Z,900,true,0.996807,0.846053,0.902439,0.890776
N20261026-S031,N20261026,2026-10-27T07:45:00Z,900,true,0.832864,0.848715,0.776212,0.928344
N20261026-S032,N20261026,2026-10-27T08:00:00Z,900,true,1.049198,0.917827,0.946569,0.920193
N20261026-S033,N20261026,2026-10-27T08:15:00Z,900,true,1.330774,0.781029,0.773823,0.915364
N20261027-S001,N20261027,2026-10-28T00:15:00Z,900,true,0.931615,0.955726,0.785936,0.978484
N20261027-S002,N20261027,2026-10-28T00:30:00Z,900,true,1.259676,0.936956,0.914041,0.967972
N20261027-S003,N20261027,2026-10-28T00:45:00Z,900,true,1.107360,0.876884,0.843627,0.883629
N20261027-S004,N20261027,2026-10-28T01:00:00Z,900,true,0.908699,0.900807,0.820690,0.973472
N20261027-S005,N20261027,2026-10-28T01:15:00Z,900,true,1.260535,0.814289,0.752232,0.927872
N20261027-S006,N20261027,2026-10-28T01:30:00Z,900,true,0.882842,0.794877,0.827608,0.898951
N20261027-S007,N20261027,2026-10-28T01:45:00Z,900,true,0.922389,0.857924,0.928960,0.965241
N20261027-S008,N20261027,2026-10-28T02:00:00Z,900,true,1.210563,0.894539,0.946389,0.963516
N20261027-S009,N20261027,2026-10-28T02:15:00Z,900,true,1.004856,0.877152,0.813159,0.948528
N20261027-S010,N20261027,2026-10-28T02:30:00Z,900,true,0.865611,0.966848,0.796511,0.977309
N20261027-S011,N20261027,2026-10-28T02:45:00Z,900,true,1.090049,0.825778,0.839883,0.962681
N20261027-S012,N20261027,2026-10-28T03:00:00Z,900,true,1.085652,0.957094,0.905087,0.983832
N20261027-S013,N20261027,2026-10-28T03:15:00Z,900,true,0.948959,0.886673,0.925085,0.932113
N20261027-S014,N20261027,2026-10-28T03:30:00Z,900,true,0.914765,0.868006,0.917804,0.885967
N20261027-S015,N20261027,2026-10-28T03:45:00Z,900,true,0.935899,0.851103,0.905809,0.929860
N20261027-S016,N20261027,2026-10-28T04:00:00Z,900,true,0.956777,0.856048,0.831665,0.948355
N20261027-S017,N20261027,2026-10-28T04:15:00Z,900,true,1.320121,0.788387,0.801888,0.891741
N20261027-S018,N20261027,2026-10-28T04:30:00Z,900,true,1.241564,0.919742,0.823022,0.932345
N20261027-S019,N20261027,2026-10-28T04:45:00Z,900,true,0.902712,0.880346,0.788555,0.935950
N20261027-S020,N20261027,2026-10-28T05:00:00Z,900,true,1.133814,0.950080,0.795044,0.928675
N20261027-S021,N20261027,2026-10-28T05:15:00Z,900,true,0.938046,0.933121,0.960837,0.965983
N20261027-S022,N20261027,2026-10-28T05:30:00Z,900,true,1.323049,0.974767,0.940185,0.954873
N20261027-S023,N20261027,2026-10-28T05:45:00Z,900,true,0.894455,0.775034,0.952710,0.931554
N20261027-S024,N20261027,2026-10-28T06:00:00Z,900,true,1.285768,0.804047,0.844309,0.893652
N20261027-S025,N20261027,2026-10-28T06:15:00Z,900,false,0.936440,0.842674,0.871099,0.947468
N20261027-S026,N20261027,2026-10-28T06:30:00Z,900,true,0.950538,0.964512,0.931628,0.899991
N20261027-S027,N20261027,2026-10-28T06:45:00Z,900,true,0.828273,0.772896,0.787843,0.964975
N20261027-S028,N20261027,2026-10-28T07:00:00Z,900,true,1.328291,0.861161,0.959443,0.971614
N20261027-S029,N20261027,2026-10-28T07:15:00Z,900,true,1.038900,0.906736,0.965117,0.980869
N20261027-S030,N20261027,2026-10-28T07:30:00Z,900,true,1.244274,0.937119,0.930764,0.916445
N20261027-S031,N20261027,2026-10-28T07:45:00Z,900,true,0.848615,0.857629,0.853808,0.983779
N20261027-S032,N20261027,2026-10-28T08:00:00Z,900,true,0.891225,0.823942,0.872316,0.892500
N20261027-S033,N20261027,2026-10-28T08:15:00Z,900,true,0.985842,0.907096,0.753467,0.934092
N20261028-S001,N20261028,2026-10-29T00:15:00Z,900,true,1.257288,0.958797,0.760842,0.920391
N20261028-S002,N20261028,2026-10-29T00:30:00Z,900,false,1.037860,0.813098,0.887240,0.910671
N20261028-S003,N20261028,2026-10-29T00:45:00Z,900,true,1.135106,0.791788,0.917363,0.973633
N20261028-S004,N20261028,2026-10-29T01:00:00Z,900,true,0.866472,0.937191,0.931740,0.952226
N20261028-S005,N20261028,2026-10-29T01:15:00Z,900,true,1.152543,0.780789,0.891823,0.982595
N20261028-S006,N20261028,2026-10-29T01:30:00Z,900,true,1.051412,0.973697,0.822897,0.884360
N20261028-S007,N20261028,2026-10-29T01:45:00Z,900,true,1.148207,0.894209,0.818049,0.933649
N20261028-S008,N20261028,2026-10-29T02:00:00Z,900,true,1.074937,0.806484,0.866917,0.942846
N20261028-S009,N20261028,2026-10-29T02:15:00Z,900,true,1.272409,0.877758,0.774713,0.954634
N20261028-S010,N20261028,2026-10-29T02:30:00Z,900,true,1.153310,0.833605,0.948493,0.906119
N20261028-S011,N20261028,2026-10-29T02:45:00Z,900,true,0.940170,0.893857,0.837517,0.879695
N20261028-S012,N20261028,2026-10-29T03:00:00Z,900,true,0.975218,0.776900,0.771051,0.881058
N20261028-S013,N20261028,2026-10-29T03:15:00Z,900,true,0.873712,0.855745,0.893904,0.924402
N20261028-S014,N20261028,2026-10-29T03:30:00Z,900,true,0.955367,0.808785,0.768798,0.960859
N20261028-S015,N20261028,2026-10-29T03:45:00Z,900,true,1.074609,0.902434,0.912608,0.874882
N20261028-S016,N20261028,2026-10-29T04:00:00Z,900,true,0.899417,0.971906,0.925506,0.982466
N20261028-S017,N20261028,2026-10-29T04:15:00Z,900,true,1.307517,0.908682,0.774848,0.926947
N20261028-S018,N20261028,2026-10-29T04:30:00Z,900,true,1.251732,0.785543,0.857259,0.926077
N20261028-S019,N20261028,2026-10-29T04:45:00Z,900,true,1.202072,0.896919,0.901685,0.901078
N20261028-S020,N20261028,2026-10-29T05:00:00Z,900,true,0.855152,0.889553,0.833765,0.928260
N20261028-S021,N20261028,2026-10-29T05:15:00Z,900,true,0.852796,0.797256,0.834773,0.915584
N20261028-S022,N20261028,2026-10-29T05:30:00Z,900,true,1.162210,0.793249,0.885486,0.953584
N20261028-S023,N20261028,2026-10-29T05:45:00Z,900,true,0.866143,0.806504,0.788769,0.983051
N20261028-S024,N20261028,2026-10-29T06:00:00Z,900,true,1.191872,0.797871,0.862492,0.909616
N20261028-S025,N20261028,2026-10-29T06:15:00Z,900,true,0.914040,0.948017,0.969647,0.940551
N20261028-S026,N20261028,2026-10-29T06:30:00Z,900,true,1.266183,0.846508,0.816147,0.970569
N20261028-S027,N20261028,2026-10-29T06:45:00Z,900,true,0.880913,0.934557,0.967467,0.886333
N20261028-S028,N20261028,2026-10-29T07:00:00Z,900,true,1.097112,0.786174,0.784447,0.908402
N20261028-S029,N20261028,2026-10-29T07:15:00Z,900,true,0.826863,0.794003,0.824942,0.874903
N20261028-S030,N20261028,2026-10-29T07:30:00Z,900,true,1.090214,0.883793,0.862447,0.897751
N20261028-S031,N20261028,2026-10-29T07:45:00Z,900,true,0.923101,0.853904,0.861693,0.971081
N20261028-S032,N20261028,2026-10-29T08:00:00Z,900,true,1.220028,0.834612,0.881894,0.943311
N20261028-S033,N20261028,2026-10-29T08:15:00Z,900,true,0.976712,0.874503,0.950955,0.903776
N20261029-S001,N20261029,2026-10-30T00:30:00Z,900,true,1.150447,0.862120,0.766888,0.902746
N20261029-S002,N20261029,2026-10-30T00:45:00Z,900,true,0.963372,0.953910,0.866077,0.971361
N20261029-S003,N20261029,2026-10-30T01:00:00Z,900,true,1.220761,0.824071,0.884313,0.977799
N20261029-S004,N20261029,2026-10-30T01:15:00Z,900,true,0.860423,0.918132,0.943535,0.982353
N20261029-S005,N20261029,2026-10-30T01:30:00Z,900,true,1.178494,0.938954,0.785175,0.932531
N20261029-S006,N20261029,2026-10-30T01:45:00Z,900,true,1.098441,0.830499,0.909445,0.882087
N20261029-S007,N20261029,2026-10-30T02:00:00Z,900,true,0.918089,0.830661,0.903265,0.968733
N20261029-S008,N20261029,2026-10-30T02:15:00Z,900,true,1.202276,0.886232,0.926440,0.954346
N20261029-S009,N20261029,2026-10-30T02:30:00Z,900,true,0.924615,0.801074,0.791777,0.909481
N20261029-S010,N20261029,2026-10-30T02:45:00Z,900,true,1.298965,0.922008,0.934168,0.972366
N20261029-S011,N20261029,2026-10-30T03:00:00Z,900,true,1.257257,0.906575,0.953091,0.978356
N20261029-S012,N20261029,2026-10-30T03:15:00Z,900,true,0.934677,0.883965,0.848621,0.925149
N20261029-S013,N20261029,2026-10-30T03:30:00Z,900,true,1.097344,0.787740,0.812439,0.900559
N20261029-S014,N20261029,2026-10-30T03:45:00Z,900,true,0.855468,0.813248,0.786525,0.885150
N20261029-S015,N20261029,2026-10-30T04:00:00Z,900,true,1.091202,0.918876,0.939781,0.884048
N20261029-S016,N20261029,2026-10-30T04:15:00Z,900,true,1.143361,0.790279,0.785692,0.875912
N20261029-S017,N20261029,2026-10-30T04:30:00Z,900,true,0.844446,0.871152,0.862810,0.975298
N20261029-S018,N20261029,2026-10-30T04:45:00Z,900,true,1.024356,0.977508,0.952062,0.892780
N20261029-S019,N20261029,2026-10-30T05:00:00Z,900,true,0.892154,0.863999,0.837749,0.903702
N20261029-S020,N20261029,2026-10-30T05:15:00Z,900,true,0.888624,0.913793,0.958942,0.957003
N20261029-S021,N20261029,2026-10-30T05:30:00Z,900,true,0.836495,0.926536,0.892927,0.934374
N20261029-S022,N20261029,2026-10-30T05:45:00Z,900,true,1.204016,0.898248,0.849305,0.923913
N20261029-S023,N20261029,2026-10-30T06:00:00Z,900,true,1.246977,0.908869,0.871912,0.972716
N20261029-S024,N20261029,2026-10-30T06:15:00Z,900,true,0.934386,0.807688,0.841240,0.892751
N20261029-S025,N20261029,2026-10-30T06:30:00Z,900,true,1.173909,0.926638,0.828629,0.902340
N20261029-S026,N20261029,2026-10-30T06:45:00Z,900,true,0.877499,0.888570,0.812368,0.891838
N20261029-S027,N20261029,2026-10-30T07:00:00Z,900,true,1.164880,0.802909,0.889772,0.927581
N20261029-S028,N20261029,2026-10-30T07:15:00Z,900,true,1.026042,0.772260,0.968039,0.887693
N20261029-S029,N20261029,2026-10-30T07:30:00Z,900,true,0.951630,0.883508,0.786877,0.885586
N20261029-S030,N20261029,2026-10-30T07:45:00Z,900,true,1.104103,0.814258,0.812414,0.975595
N20261029-S031,N20261029,2026-10-30T08:00:00Z,900,true,1.329708,0.895554,0.938875,0.878631
N20261029-S032,N20261029,2026-10-30T08:15:00Z,900,true,1.057231,0.910117,0.804886,0.930496
N20261030-S001,N20261030,2026-10-31T00:30:00Z,900,true,0.884537,0.917978,0.945131,0.952273
N20261030-S002,N20261030,2026-10-31T00:45:00Z,900,true,1.251470,0.845246,0.779429,0.936371
N20261030-S003,N20261030,2026-10-31T01:00:00Z,900,true,1.019948,0.845437,0.753712,0.942827
N20261030-S004,N20261030,2026-10-31T01:15:00Z,900,true,0.821830,0.885567,0.856084,0.955456
N20261030-S005,N20261030,2026-10-31T01:30:00Z,900,true,0.816787,0.937790,0.789379,0.954282
N20261030-S006,N20261030,2026-10-31T01:45:00Z,900,true,1.054905,0.790660,0.754907,0.886955
N20261030-S007,N20261030,2026-10-31T02:00:00Z,900,true,1.186711,0.824960,0.773056,0.935230
N20261030-S008,N20261030,2026-10-31T02:15:00Z,900,true,1.139495,0.844420,0.857355,0.970409
N20261030-S009,N20261030,2026-10-31T02:30:00Z,900,true,1.238144,0.864096,0.888363,0.963081
N20261030-S010,N20261030,2026-10-31T02:45:00Z,900,true,1.105185,0.901773,0.851819,0.893316
N20261030-S011,N20261030,2026-10-31T03:00:00Z,900,true,1.292134,0.857873,0.846580,0.928683
N20261030-S012,N20261030,2026-10-31T03:15:00Z,900,true,1.270294,0.860826,0.775359,0.910707
N20261030-S013,N20261030,2026-10-31T03:30:00Z,900,true,1.217306,0.890096,0.922438,0.891879
N20261030-S014,N20261030,2026-10-31T03:45:00Z,900,true,1.250676,0.820400,0.935106,0.874661
N20261030-S015,N20261030,2026-10-31T04:00:00Z,900,true,0.992110,0.811954,0.867209,0.945865
N20261030-S016,N20261030,2026-10-31T04:15:00Z,900,true,0.837295,0.981427,0.891160,0.973230
N20261030-S017,N20261030,2026-10-31T04:30:00Z,900,true,1.125253,0.927696,0.875245,0.889630
N20261030-S018,N20261030,2026-10-31T04:45:00Z,900,true,1.042085,0.974941,0.778438,0.881228
N20261030-S019,N20261030,2026-10-31T05:00:00Z,900,true,1.206269,0.941150,0.908223,0.878659
N20261030-S020,N20261030,2026-10-31T05:15:00Z,900,true,1.150089,0.928891,0.844358,0.930159
N20261030-S021,N20261030,2026-10-31T05:30:00Z,900,true,1.159767,0.966705,0.864332,0.928958
N20261030-S022,N20261030,2026-10-31T05:45:00Z,900,true,0.975440,0.915557,0.937508,0.927867
N20261030-S023,N20261030,2026-10-31T06:00:00Z,900,true,1.028533,0.958574,0.894882,0.973019
N20261030-S024,N20261030,2026-10-31T06:15:00Z,900,true,1.020577,0.867196,0.869862,0.962724
N20261030-S025,N20261030,2026-10-31T06:30:00Z,900,true,0.886594,0.890304,0.964538,0.884307
N20261030-S026,N20261030,2026-10-31T06:45:00Z,900,true,0.987127,0.803773,0.814914,0.967298
N20261030-S027,N20261030,2026-10-31T07:00:00Z,900,true,1.035255,0.803188,0.837851,0.964967
N20261030-S028,N20261030,2026-10-31T07:15:00Z,900,true,1.228219,0.833730,0.961828,0.915849
N20261030-S029,N20261030,2026-10-31T07:30:00Z,900,true,1.056210,0.885026,0.752933,0.924604
N20261030-S030,N20261030,2026-10-31T07:45:00Z,900,true,1.258019,0.819037,0.924055,0.893769
N20261030-S031,N20261030,2026-10-31T08:00:00Z,900,true,1.086193,0.792480,0.893454,0.952292
N20261030-S032,N20261030,2026-10-31T08:15:00Z,900,true,0.948334,0.884534,0.920650,0.949253
N20261031-S001,N20261031,2026-11-01T00:30:00Z,900,true,1.268052,0.913868,0.950607,0.959270
N20261031-S002,N20261031,2026-11-01T00:45:00Z,900,true,1.172187,0.917389,0.970977,0.881346
N20261031-S003,N20261031,2026-11-01T01:00:00Z,900,true,1.076024,0.961987,0.809029,0.906556
N20261031-S004,N20261031,2026-11-01T01:15:00Z,900,true,0.993595,0.833716,0.927496,0.953821
N20261031-S005,N20261031,2026-11-01T01:30:00Z,900,true,0.982930,0.955779,0.939531,0.932433
N20261031-S006,N20261031,2026-11-01T01:45:00Z,900,true,1.009621,0.824371,0.822196,0.909590
N20261031-S007,N20261031,2026-11-01T02:00:00Z,900,true,1.046138,0.772170,0.776376,0.962713
N20261031-S008,N20261031,2026-11-01T02:15:00Z,900,true,0.968889,0.850987,0.894061,0.879913
N20261031-S009,N20261031,2026-11-01T02:30:00Z,900,true,1.239336,0.864732,0.848365,0.941505
N20261031-S010,N20261031,2026-11-01T02:45:00Z,900,true,0.900080,0.932266,0.861664,0.894297
N20261031-S011,N20261031,2026-11-01T03:00:00Z,900,true,1.145695,0.904976,0.764021,0.959554
N20261031-S012,N20261031,2026-11-01T03:15:00Z,900,true,1.089970,0.920927,0.941563,0.943483
N20261031-S013,N20261031,2026-11-01T03:30:00Z,900,true,1.062112,0.873858,0.948194,0.912581
N20261031-S014,N20261031,2026-11-01T03:45:00Z,900,true,1.028212,0.773622,0.856201,0.960222
N20261031-S015,N20261031,2026-11-01T04:00:00Z,900,true,0.838978,0.810633,0.756896,0.981081
N20261031-S016,N20261031,2026-11-01T04:15:00Z,900,true,1.010707,0.936778,0.815624,0.901771
N20261031-S017,N20261031,2026-11-01T04:30:00Z,900,true,1.047441,0.814109,0.764442,0.922171
N20261031-S018,N20261031,2026-11-01T04:45:00Z,900,true,1.186618,0.798998,0.947814,0.979785
N20261031-S019,N20261031,2026-11-01T05:00:00Z,900,true,1.057164,0.959450,0.773733,0.951248
N20261031-S020,N20261031,2026-11-01T05:15:00Z,900,true,0.883539,0.774439,0.962805,0.971937
N20261031-S021,N20261031,2026-11-01T05:30:00Z,900,true,1.217485,0.818111,0.847027,0.874950
N20261031-S022,N20261031,2026-11-01T05:45:00Z,900,true,1.334448,0.948598,0.946955,0.913925
N20261031-S023,N20261031,2026-11-01T06:00:00Z,900,true,1.049244,0.930459,0.901371,0.940776
N20261031-S024,N20261031,2026-11-01T06:15:00Z,900,true,1.332548,0.856279,0.848820,0.948027
N20261031-S025,N20261031,2026-11-01T06:30:00Z,900,true,0.889392,0.860777,0.816018,0.914844
N20261031-S026,N20261031,2026-11-01T06:45:00Z,900,true,1.179606,0.836580,0.963807,0.890968
N20261031-S027,N20261031,2026-11-01T07:00:00Z,900,true,0.984865,0.939456,0.769686,0.894778
N20261031-S028,N20261031,2026-11-01T07:15:00Z,900,true,1.041662,0.841011,0.806784,0.954157
N20261031-S029,N20261031,2026-11-01T07:30:00Z,900,true,1.318211,0.939713,0.869394,0.918380
N20261031-S030,N20261031,2026-11-01T07:45:00Z,900,true,1.308131,0.926708,0.835785,0.887502
N20261031-S031,N20261031,2026-11-01T08:00:00Z,900,true,1.076944,0.964523,0.931836,0.948149
N20261031-S032,N20261031,2026-11-01T08:15:00Z,900,true,1.215906,0.824485,0.928057,0.880663
N20261101-S001,N20261101,2026-11-02T00:30:00Z,900,true,0.968651,0.870088,0.933072,0.919323
N20261101-S002,N20261101,2026-11-02T00:45:00Z,900,true,1.259602,0.779706,0.836796,0.917699
N20261101-S003,N20261101,2026-11-02T01:00:00Z,900,true,1.014728,0.931878,0.769781,0.882126
N20261101-S004,N20261101,2026-11-02T01:15:00Z,900,true,1.185009,0.897748,0.812976,0.928491
N20261101-S005,N20261101,2026-11-02T01:30:00Z,900,true,1.161189,0.836278,0.913405,0.914034
N20261101-S006,N20261101,2026-11-02T01:45:00Z,900,true,0.958417,0.950801,0.774934,0.927202
N20261101-S007,N20261101,2026-11-02T02:00:00Z,900,true,1.034077,0.843544,0.793153,0.901640
N20261101-S008,N20261101,2026-11-02T02:15:00Z,900,true,1.160844,0.786970,0.834778,0.883516
N20261101-S009,N20261101,2026-11-02T02:30:00Z,900,true,1.152702,0.816511,0.760873,0.912084
N20261101-S010,N20261101,2026-11-02T02:45:00Z,900,true,0.909582,0.914983,0.793250,0.969819
N20261101-S011,N20261101,2026-11-02T03:00:00Z,900,true,1.013271,0.905625,0.881152,0.971211
N20261101-S012,N20261101,2026-11-02T03:15:00Z,900,true,0.891158,0.883749,0.961718,0.914774
N20261101-S013,N20261101,2026-11-02T03:30:00Z,900,true,1.214875,0.940897,0.832369,0.968012
N20261101-S014,N20261101,2026-11-02T03:45:00Z,900,true,1.174548,0.913504,0.952370,0.980856
N20261101-S015,N20261101,2026-11-02T04:00:00Z,900,true,0.971399,0.774688,0.959515,0.936034
N20261101-S016,N20261101,2026-11-02T04:15:00Z,900,true,0.898151,0.900124,0.940085,0.887005
N20261101-S017,N20261101,2026-11-02T04:30:00Z,900,true,1.020248,0.909013,0.754454,0.881494
N20261101-S018,N20261101,2026-11-02T04:45:00Z,900,true,0.861911,0.782082,0.786934,0.949866
N20261101-S019,N20261101,2026-11-02T05:00:00Z,900,true,1.237443,0.968233,0.895350,0.934766
N20261101-S020,N20261101,2026-11-02T05:15:00Z,900,true,1.044213,0.861057,0.905129,0.981882
N20261101-S021,N20261101,2026-11-02T05:30:00Z,900,true,0.821057,0.847472,0.959307,0.962708
N20261101-S022,N20261101,2026-11-02T05:45:00Z,900,true,1.113582,0.805980,0.957151,0.905384
N20261101-S023,N20261101,2026-11-02T06:00:00Z,900,true,1.101703,0.958017,0.928897,0.887907
N20261101-S024,N20261101,2026-11-02T06:15:00Z,900,true,1.095890,0.834874,0.799899,0.876178
N20261101-S025,N20261101,2026-11-02T06:30:00Z,900,true,1.060545,0.827214,0.789344,0.951197
N20261101-S026,N20261101,2026-11-02T06:45:00Z,900,true,1.329239,0.860472,0.924339,0.971444
N20261101-S027,N20261101,2026-11-02T07:00:00Z,900,true,1.012852,0.955626,0.958107,0.958354
N20261101-S028,N20261101,2026-11-02T07:15:00Z,900,true,1.126816,0.870927,0.772733,0.889006
N20261101-S029,N20261101,2026-11-02T07:30:00Z,900,true,0.906001,0.864985,0.880742,0.976868
N20261101-S030,N20261101,2026-11-02T07:45:00Z,900,true,0.874402,0.978089,0.812220,0.966757
N20261101-S031,N20261101,2026-11-02T08:00:00Z,900,true,1.027374,0.855132,0.970521,0.918372
N20261101-S032,N20261101,2026-11-02T08:15:00Z,900,true,1.237365,0.952254,0.834108,0.885645
N20261102-S001,N20261102,2026-11-03T00:30:00Z,900,false,1.393480,0.526809,0.720991,0.822731
N20261102-S002,N20261102,2026-11-03T00:45:00Z,900,true,1.465625,0.527043,0.639235,0.813586
N20261102-S003,N20261102,2026-11-03T01:00:00Z,900,true,1.662793,0.597600,0.666232,0.927088
N20261102-S004,N20261102,2026-11-03T01:15:00Z,900,true,1.441705,0.710910,0.703185,0.826885
N20261102-S005,N20261102,2026-11-03T01:30:00Z,900,false,1.692472,0.790186,0.668209,0.900138
N20261102-S006,N20261102,2026-11-03T01:45:00Z,900,true,1.305540,0.804230,0.695122,0.799237
N20261102-S007,N20261102,2026-11-03T02:00:00Z,900,true,1.292815,0.654304,0.740770,0.796534
N20261102-S008,N20261102,2026-11-03T02:15:00Z,900,true,1.145022,0.674112,0.597735,0.793590
N20261102-S009,N20261102,2026-11-03T02:30:00Z,900,true,1.612611,0.714038,0.570825,0.853515
N20261102-S010,N20261102,2026-11-03T02:45:00Z,900,true,1.487412,0.741378,0.644069,0.926538
N20261102-S011,N20261102,2026-11-03T03:00:00Z,900,true,1.292301,0.809580,0.664274,0.787785
N20261102-S012,N20261102,2026-11-03T03:15:00Z,900,true,1.348208,0.807364,0.799883,0.930826
N20261102-S013,N20261102,2026-11-03T03:30:00Z,900,true,1.653453,0.554373,0.691426,0.931712
N20261102-S014,N20261102,2026-11-03T03:45:00Z,900,true,1.639087,0.517809,0.479519,0.892820
N20261102-S015,N20261102,2026-11-03T04:00:00Z,900,true,1.656108,0.581577,0.612189,0.791344
N20261102-S016,N20261102,2026-11-03T04:15:00Z,900,true,1.174810,0.503844,0.803176,0.828262
N20261102-S017,N20261102,2026-11-03T04:30:00Z,900,true,1.567060,0.515388,0.780671,0.789087
N20261102-S018,N20261102,2026-11-03T04:45:00Z,900,false,1.290228,0.736197,0.659636,0.902050
N20261102-S019,N20261102,2026-11-03T05:00:00Z,900,true,1.607441,0.706973,0.729556,0.835502
N20261102-S020,N20261102,2026-11-03T05:15:00Z,900,false,1.233906,0.534175,0.494136,0.831343
N20261102-S021,N20261102,2026-11-03T05:30:00Z,900,true,1.851034,0.661455,0.507486,0.895095
N20261102-S022,N20261102,2026-11-03T05:45:00Z,900,true,1.771387,0.683056,0.611505,0.927706
N20261102-S023,N20261102,2026-11-03T06:00:00Z,900,true,1.195415,0.749279,0.463617,0.932636
N20261102-S024,N20261102,2026-11-03T06:15:00Z,900,true,1.522366,0.518873,0.577715,0.812534
N20261102-S025,N20261102,2026-11-03T06:30:00Z,900,true,1.283478,0.795152,0.515753,0.870838
N20261102-S026,N20261102,2026-11-03T06:45:00Z,900,true,1.462955,0.664823,0.793739,0.901910
N20261102-S027,N20261102,2026-11-03T07:00:00Z,900,true,1.777041,0.482538,0.802570,0.828725
N20261102-S028,N20261102,2026-11-03T07:15:00Z,900,true,1.612063,0.723736,0.695934,0.800512
N20261102-S029,N20261102,2026-11-03T07:30:00Z,900,true,1.762035,0.511044,0.798589,0.839723
N20261102-S030,N20261102,2026-11-03T07:45:00Z,900,true,1.166086,0.780722,0.775170,0.827682
N20261102-S031,N20261102,2026-11-03T08:00:00Z,900,true,1.290248,0.723280,0.489521,0.896587
N20261102-S032,N20261102,2026-11-03T08:15:00Z,900,true,1.684680,0.765470,0.642025,0.835647
N20261103-S001,N20261103,2026-11-04T00:30:00Z,900,false,1.808070,0.266165,0.255974,0.711602
N20261103-S002,N20261103,2026-11-04T00:45:00Z,900,true,2.392189,0.455066,0.486384,0.771572
N20261103-S003,N20261103,2026-11-04T01:00:00Z,900,true,1.615508,0.456092,0.234961,0.711045
N20261103-S004,N20261103,2026-11-04T01:15:00Z,900,true,1.836368,0.307014,0.210610,0.808364
N20261103-S005,N20261103,2026-11-04T01:30:00Z,900,true,1.707920,0.236348,0.210773,0.673301
N20261103-S006,N20261103,2026-11-04T01:45:00Z,900,false,1.886804,0.436029,0.232636,0.683830
N20261103-S007,N20261103,2026-11-04T02:00:00Z,900,true,2.212437,0.405210,0.407099,0.782250
N20261103-S008,N20261103,2026-11-04T02:15:00Z,900,true,1.751740,0.371567,0.485604,0.820144
N20261103-S009,N20261103,2026-11-04T02:30:00Z,900,true,2.252167,0.204848,0.371063,0.674988
N20261103-S010,N20261103,2026-11-04T02:45:00Z,900,true,2.534819,0.337210,0.423978,0.849212
N20261103-S011,N20261103,2026-11-04T03:00:00Z,900,true,1.795750,0.330575,0.571393,0.646585
N20261103-S012,N20261103,2026-11-04T03:15:00Z,900,true,2.155738,0.397426,0.420345,0.769693
N20261103-S013,N20261103,2026-11-04T03:30:00Z,900,true,2.459129,0.530169,0.415145,0.711923
N20261103-S014,N20261103,2026-11-04T03:45:00Z,900,true,1.887731,0.324942,0.376247,0.658150
N20261103-S015,N20261103,2026-11-04T04:00:00Z,900,true,2.280062,0.370025,0.536592,0.754798
N20261103-S016,N20261103,2026-11-04T04:15:00Z,900,true,2.392688,0.374574,0.255378,0.638175
N20261103-S017,N20261103,2026-11-04T04:30:00Z,900,true,2.477158,0.194899,0.322074,0.762165
N20261103-S018,N20261103,2026-11-04T04:45:00Z,900,true,2.335479,0.321421,0.513060,0.792933
N20261103-S019,N20261103,2026-11-04T05:00:00Z,900,true,2.215606,0.390208,0.314401,0.823961
N20261103-S020,N20261103,2026-11-04T05:15:00Z,900,true,1.647466,0.230332,0.333066,0.650457
N20261103-S021,N20261103,2026-11-04T05:30:00Z,900,true,2.456446,0.414916,0.598444,0.807465
N20261103-S022,N20261103,2026-11-04T05:45:00Z,900,true,1.869363,0.568876,0.345243,0.770981
N20261103-S023,N20261103,2026-11-04T06:00:00Z,900,true,1.775502,0.325764,0.419689,0.841174
N20261103-S024,N20261103,2026-11-04T06:15:00Z,900,true,2.366474,0.395071,0.465708,0.851228
N20261103-S025,N20261103,2026-11-04T06:30:00Z,900,false,2.218076,0.401915,0.443581,0.827778
N20261103-S026,N20261103,2026-11-04T06:45:00Z,900,true,1.847531,0.282808,0.444224,0.615256
N20261103-S027,N20261103,2026-11-04T07:00:00Z,900,false,2.337534,0.563392,0.480712,0.763225
N20261103-S028,N20261103,2026-11-04T07:15:00Z,900,true,2.322826,0.459165,0.387472,0.792227
N20261103-S029,N20261103,2026-11-04T07:30:00Z,900,true,1.860070,0.297040,0.442923,0.655969
N20261103-S030,N20261103,2026-11-04T07:45:00Z,900,true,1.870444,0.378205,0.273452,0.759838
N20261103-S031,N20261103,2026-11-04T08:00:00Z,900,true,2.068325,0.416579,0.599717,0.776184
N20261103-S032,N20261103,2026-11-04T08:15:00Z,900,true,2.365271,0.279361,0.316994,0.781251
N20261104-S001,N20261104,2026-11-05T00:30:00Z,900,true,1.023823,0.977948,0.793382,0.969532
N20261104-S002,N20261104,2026-11-05T00:45:00Z,900,true,1.060422,0.921031,0.948386,0.910791
N20261104-S003,N20261104,2026-11-05T01:00:00Z,900,true,1.283520,0.871112,0.764801,0.922993
N20261104-S004,N20261104,2026-11-05T01:15:00Z,900,true,0.826717,0.965460,0.879747,0.946555
N20261104-S005,N20261104,2026-11-05T01:30:00Z,900,true,1.087361,0.944967,0.879551,0.896154
N20261104-S006,N20261104,2026-11-05T01:45:00Z,900,true,0.973885,0.896880,0.760843,0.908709
N20261104-S007,N20261104,2026-11-05T02:00:00Z,900,true,1.227413,0.943419,0.822277,0.917177
N20261104-S008,N20261104,2026-11-05T02:15:00Z,900,true,0.900672,0.964259,0.953816,0.892951
N20261104-S009,N20261104,2026-11-05T02:30:00Z,900,true,1.138388,0.907065,0.885133,0.902252
N20261104-S010,N20261104,2026-11-05T02:45:00Z,900,true,0.890926,0.796058,0.923397,0.963316
N20261104-S011,N20261104,2026-11-05T03:00:00Z,900,true,0.975155,0.973991,0.817369,0.949179
N20261104-S012,N20261104,2026-11-05T03:15:00Z,900,true,1.135160,0.828606,0.955252,0.965612
N20261104-S013,N20261104,2026-11-05T03:30:00Z,900,true,1.115641,0.775778,0.888893,0.900019
N20261104-S014,N20261104,2026-11-05T03:45:00Z,900,true,1.196278,0.898065,0.946271,0.876170
N20261104-S015,N20261104,2026-11-05T04:00:00Z,900,true,1.101721,0.831094,0.784223,0.931595
N20261104-S016,N20261104,2026-11-05T04:15:00Z,900,true,1.300452,0.969620,0.917397,0.887886
N20261104-S017,N20261104,2026-11-05T04:30:00Z,900,true,0.917559,0.924596,0.861913,0.907601
N20261104-S018,N20261104,2026-11-05T04:45:00Z,900,true,0.845081,0.773556,0.792655,0.890676
N20261104-S019,N20261104,2026-11-05T05:00:00Z,900,true,0.865425,0.980223,0.909785,0.906616
N20261104-S020,N20261104,2026-11-05T05:15:00Z,900,true,0.825063,0.878782,0.915222,0.981350
N20261104-S021,N20261104,2026-11-05T05:30:00Z,900,true,0.927020,0.871194,0.923617,0.976221
N20261104-S022,N20261104,2026-11-05T05:45:00Z,900,true,1.257566,0.965131,0.956892,0.939157
N20261104-S023,N20261104,2026-11-05T06:00:00Z,900,true,1.204781,0.964050,0.949725,0.889550
N20261104-S024,N20261104,2026-11-05T06:15:00Z,900,true,1.068443,0.942492,0.863701,0.974722
N20261104-S025,N20261104,2026-11-05T06:30:00Z,900,true,1.333596,0.801725,0.907687,0.921618
N20261104-S026,N20261104,2026-11-05T06:45:00Z,900,true,1.263931,0.817787,0.955892,0.954125
N20261104-S027,N20261104,2026-11-05T07:00:00Z,900,true,1.095099,0.909879,0.834493,0.983041
N20261104-S028,N20261104,2026-11-05T07:15:00Z,900,true,0.847775,0.907311,0.783850,0.941707
N20261104-S029,N20261104,2026-11-05T07:30:00Z,900,true,1.097814,0.910897,0.904148,0.943032
N20261104-S030,N20261104,2026-11-05T07:45:00Z,900,true,1.025179,0.806138,0.850314,0.968124
N20261104-S031,N20261104,2026-11-05T08:00:00Z,900,true,1.247266,0.924615,0.868730,0.901218
N20261105-S001,N20261105,2026-11-06T00:30:00Z,900,true,1.876471,0.356036,0.562981,0.735357
N20261105-S002,N20261105,2026-11-06T00:45:00Z,900,true,1.850147,0.249288,0.301639,0.660832
N20261105-S003,N20261105,2026-11-06T01:00:00Z,900,true,2.348486,0.255885,0.233029,0.763875
N20261105-S004,N20261105,2026-11-06T01:15:00Z,900,true,1.710580,0.560315,0.254973,0.674480
N20261105-S005,N20261105,2026-11-06T01:30:00Z,900,true,1.757262,0.430146,0.598968,0.814815
N20261105-S006,N20261105,2026-11-06T01:45:00Z,900,true,2.458897,0.395203,0.266607,0.795304
N20261105-S007,N20261105,2026-11-06T02:00:00Z,900,false,1.693435,0.510373,0.439152,0.766398
N20261105-S008,N20261105,2026-11-06T02:15:00Z,900,true,2.337226,0.305724,0.341136,0.789650
N20261105-S009,N20261105,2026-11-06T02:30:00Z,900,true,2.279295,0.233814,0.476267,0.818994
N20261105-S010,N20261105,2026-11-06T02:45:00Z,900,true,1.709838,0.562725,0.436537,0.754921
N20261105-S011,N20261105,2026-11-06T03:00:00Z,900,true,1.773716,0.318052,0.510135,0.851909
N20261105-S012,N20261105,2026-11-06T03:15:00Z,900,true,2.167116,0.295627,0.508023,0.814286
N20261105-S013,N20261105,2026-11-06T03:30:00Z,900,true,1.765472,0.471513,0.485574,0.652475
N20261105-S014,N20261105,2026-11-06T03:45:00Z,900,true,2.253906,0.353307,0.544110,0.725635
N20261105-S015,N20261105,2026-11-06T04:00:00Z,900,false,2.555162,0.260169,0.299656,0.635739
N20261105-S016,N20261105,2026-11-06T04:15:00Z,900,false,2.174760,0.292789,0.314431,0.659828
N20261105-S017,N20261105,2026-11-06T04:30:00Z,900,false,1.801943,0.432148,0.493113,0.709725
N20261105-S018,N20261105,2026-11-06T04:45:00Z,900,true,1.789953,0.464148,0.192222,0.719276
N20261105-S019,N20261105,2026-11-06T05:00:00Z,900,false,2.444435,0.506776,0.552781,0.695649
N20261105-S020,N20261105,2026-11-06T05:15:00Z,900,true,2.148728,0.357992,0.581229,0.723944
N20261105-S021,N20261105,2026-11-06T05:30:00Z,900,true,2.175338,0.489258,0.493610,0.840584
N20261105-S022,N20261105,2026-11-06T05:45:00Z,900,false,2.000498,0.470334,0.276359,0.618206
N20261105-S023,N20261105,2026-11-06T06:00:00Z,900,false,2.218167,0.232142,0.558223,0.801627
N20261105-S024,N20261105,2026-11-06T06:15:00Z,900,true,1.768566,0.559972,0.228886,0.788070
N20261105-S025,N20261105,2026-11-06T06:30:00Z,900,true,2.209720,0.224417,0.435160,0.666673
N20261105-S026,N20261105,2026-11-06T06:45:00Z,900,false,2.032766,0.192578,0.333792,0.621124
N20261105-S027,N20261105,2026-11-06T07:00:00Z,900,true,2.480856,0.466046,0.236924,0.722698
N20261105-S028,N20261105,2026-11-06T07:15:00Z,900,true,2.325300,0.372557,0.197202,0.830367
N20261105-S029,N20261105,2026-11-06T07:30:00Z,900,true,2.098542,0.400640,0.499597,0.786533
N20261105-S030,N20261105,2026-11-06T07:45:00Z,900,true,2.115825,0.383599,0.574111,0.796839
N20261105-S031,N20261105,2026-11-06T08:00:00Z,900,true,1.716052,0.463795,0.290570,0.825200
N20261106-S001,N20261106,2026-11-07T00:30:00Z,900,true,1.355809,0.484728,0.604732,0.818054
N20261106-S002,N20261106,2026-11-07T00:45:00Z,900,true,1.380446,0.711663,0.619038,0.786099
N20261106-S003,N20261106,2026-11-07T01:00:00Z,900,true,1.337667,0.767517,0.781581,0.836857
N20261106-S004,N20261106,2026-11-07T01:15:00Z,900,true,1.429135,0.684714,0.685215,0.799670
N20261106-S005,N20261106,2026-11-07T01:30:00Z,900,true,1.809201,0.652593,0.512334,0.784331
N20261106-S006,N20261106,2026-11-07T01:45:00Z,900,false,1.841866,0.603234,0.550218,0.899440
N20261106-S007,N20261106,2026-11-07T02:00:00Z,900,true,1.787467,0.628498,0.660181,0.779269
N20261106-S008,N20261106,2026-11-07T02:15:00Z,900,true,1.654171,0.548857,0.735892,0.933986
N20261106-S009,N20261106,2026-11-07T02:30:00Z,900,true,1.395315,0.801225,0.521806,0.822425
N20261106-S010,N20261106,2026-11-07T02:45:00Z,900,true,1.811053,0.526734,0.469994,0.818925
N20261106-S011,N20261106,2026-11-07T03:00:00Z,900,true,1.340978,0.530091,0.618927,0.924188
N20261106-S012,N20261106,2026-11-07T03:15:00Z,900,true,1.325004,0.703560,0.774095,0.817263
N20261106-S013,N20261106,2026-11-07T03:30:00Z,900,true,1.159363,0.795925,0.552820,0.828832
N20261106-S014,N20261106,2026-11-07T03:45:00Z,900,true,1.652912,0.755352,0.466498,0.801668
N20261106-S015,N20261106,2026-11-07T04:00:00Z,900,true,1.348295,0.569175,0.558277,0.897259
N20261106-S016,N20261106,2026-11-07T04:15:00Z,900,true,1.872811,0.662683,0.507753,0.884323
N20261106-S017,N20261106,2026-11-07T04:30:00Z,900,false,1.202954,0.503676,0.678814,0.804349
N20261106-S018,N20261106,2026-11-07T04:45:00Z,900,true,1.437923,0.515360,0.625447,0.881014
N20261106-S019,N20261106,2026-11-07T05:00:00Z,900,true,1.637405,0.627356,0.760930,0.820418
N20261106-S020,N20261106,2026-11-07T05:15:00Z,900,true,1.495226,0.601917,0.694133,0.790954
N20261106-S021,N20261106,2026-11-07T05:30:00Z,900,true,1.165454,0.699325,0.703577,0.818964
N20261106-S022,N20261106,2026-11-07T05:45:00Z,900,true,1.849154,0.476878,0.645071,0.835047
N20261106-S023,N20261106,2026-11-07T06:00:00Z,900,true,1.754003,0.504963,0.748678,0.918251
N20261106-S024,N20261106,2026-11-07T06:15:00Z,900,true,1.763145,0.775017,0.723235,0.788000
N20261106-S025,N20261106,2026-11-07T06:30:00Z,900,true,1.210008,0.506003,0.752004,0.874493
N20261106-S026,N20261106,2026-11-07T06:45:00Z,900,true,1.413876,0.695481,0.613097,0.910883
N20261106-S027,N20261106,2026-11-07T07:00:00Z,900,true,1.857866,0.694268,0.484672,0.914071
N20261106-S028,N20261106,2026-11-07T07:15:00Z,900,true,1.495700,0.518016,0.734471,0.860902
N20261106-S029,N20261106,2026-11-07T07:30:00Z,900,true,1.630458,0.644059,0.757227,0.886516
N20261106-S030,N20261106,2026-11-07T07:45:00Z,900,true,1.346018,0.720793,0.681810,0.927969
N20261106-S031,N20261106,2026-11-07T08:00:00Z,900,true,1.843717,0.605687,0.563021,0.864514
N20261107-S001,N20261107,2026-11-08T00:30:00Z,900,true,2.316210,0.412421,0.553664,0.728259
N20261107-S002,N20261107,2026-11-08T00:45:00Z,900,true,2.379009,0.443852,0.343561,0.784762
N20261107-S003,N20261107,2026-11-08T01:00:00Z,900,false,2.519732,0.200357,0.390617,0.784871
N20261107-S004,N20261107,2026-11-08T01:15:00Z,900,true,2.376401,0.201294,0.435218,0.636898
N20261107-S005,N20261107,2026-11-08T01:30:00Z,900,false,1.932351,0.508512,0.412044,0.838326
N20261107-S006,N20261107,2026-11-08T01:45:00Z,900,true,1.920408,0.259867,0.426193,0.711199
N20261107-S007,N20261107,2026-11-08T02:00:00Z,900,true,2.084632,0.234582,0.551481,0.629573
N20261107-S008,N20261107,2026-11-08T02:15:00Z,900,false,2.099832,0.499863,0.340021,0.627556
N20261107-S009,N20261107,2026-11-08T02:30:00Z,900,true,2.566892,0.404525,0.520909,0.846882
N20261107-S010,N20261107,2026-11-08T02:45:00Z,900,true,1.815517,0.225360,0.465026,0.632226
N20261107-S011,N20261107,2026-11-08T03:00:00Z,900,false,2.309959,0.251374,0.216353,0.745160
N20261107-S012,N20261107,2026-11-08T03:15:00Z,900,true,2.268838,0.481455,0.377785,0.614788
N20261107-S013,N20261107,2026-11-08T03:30:00Z,900,false,2.023793,0.375044,0.280197,0.719683
N20261107-S014,N20261107,2026-11-08T03:45:00Z,900,true,1.848605,0.254162,0.478074,0.633157
N20261107-S015,N20261107,2026-11-08T04:00:00Z,900,false,1.738887,0.243487,0.346504,0.684747
N20261107-S016,N20261107,2026-11-08T04:15:00Z,900,true,2.421634,0.226140,0.460262,0.623602
N20261107-S017,N20261107,2026-11-08T04:30:00Z,900,true,2.496368,0.297465,0.241606,0.615938
N20261107-S018,N20261107,2026-11-08T04:45:00Z,900,true,2.353510,0.270427,0.352203,0.832575
N20261107-S019,N20261107,2026-11-08T05:00:00Z,900,false,2.460675,0.447834,0.439923,0.830036
N20261107-S020,N20261107,2026-11-08T05:15:00Z,900,true,2.455389,0.237261,0.445506,0.810542
N20261107-S021,N20261107,2026-11-08T05:30:00Z,900,true,2.342581,0.498200,0.373341,0.845199
N20261107-S022,N20261107,2026-11-08T05:45:00Z,900,false,2.005599,0.248523,0.192133,0.774556
N20261107-S023,N20261107,2026-11-08T06:00:00Z,900,true,1.735442,0.565359,0.567107,0.638671
N20261107-S024,N20261107,2026-11-08T06:15:00Z,900,true,2.214758,0.464140,0.488463,0.791830
N20261107-S025,N20261107,2026-11-08T06:30:00Z,900,true,1.606586,0.385406,0.407517,0.831077
N20261107-S026,N20261107,2026-11-08T06:45:00Z,900,true,2.301045,0.336126,0.337150,0.684860
N20261107-S027,N20261107,2026-11-08T07:00:00Z,900,false,2.220436,0.285047,0.426901,0.830508
N20261107-S028,N20261107,2026-11-08T07:15:00Z,900,true,1.769941,0.383836,0.284378,0.850188
N20261107-S029,N20261107,2026-11-08T07:30:00Z,900,true,1.635518,0.380061,0.447150,0.631888
N20261107-S030,N20261107,2026-11-08T07:45:00Z,900,true,2.467016,0.271288,0.467490,0.627413
N20261107-S031,N20261107,2026-11-08T08:00:00Z,900,true,1.688238,0.439588,0.206661,0.657042
N20261108-S001,N20261108,2026-11-09T00:30:00Z,900,true,1.151995,0.796749,0.863919,0.964208
N20261108-S002,N20261108,2026-11-09T00:45:00Z,900,true,0.992356,0.954466,0.814432,0.936262
N20261108-S003,N20261108,2026-11-09T01:00:00Z,900,true,1.212876,0.941225,0.859814,0.962990
N20261108-S004,N20261108,2026-11-09T01:15:00Z,900,true,0.999968,0.841408,0.906123,0.956585
N20261108-S005,N20261108,2026-11-09T01:30:00Z,900,true,1.306697,0.781776,0.842379,0.879257
N20261108-S006,N20261108,2026-11-09T01:45:00Z,900,true,1.029276,0.971010,0.938172,0.909506
N20261108-S007,N20261108,2026-11-09T02:00:00Z,900,true,0.826265,0.945828,0.759358,0.917145
N20261108-S008,N20261108,2026-11-09T02:15:00Z,900,true,1.146680,0.934074,0.794552,0.901471
N20261108-S009,N20261108,2026-11-09T02:30:00Z,900,true,0.935926,0.832638,0.784524,0.905968
N20261108-S010,N20261108,2026-11-09T02:45:00Z,900,true,0.974027,0.947868,0.772004,0.954176
N20261108-S011,N20261108,2026-11-09T03:00:00Z,900,true,1.087337,0.829202,0.948605,0.928715
N20261108-S012,N20261108,2026-11-09T03:15:00Z,900,true,1.243017,0.872215,0.958382,0.960689
N20261108-S013,N20261108,2026-11-09T03:30:00Z,900,true,1.282438,0.870510,0.901071,0.904205
N20261108-S014,N20261108,2026-11-09T03:45:00Z,900,true,1.102234,0.832121,0.952585,0.881125
N20261108-S015,N20261108,2026-11-09T04:00:00Z,900,true,1.218275,0.818361,0.969267,0.948828
N20261108-S016,N20261108,2026-11-09T04:15:00Z,900,true,0.815803,0.928606,0.768133,0.954398
N20261108-S017,N20261108,2026-11-09T04:30:00Z,900,true,1.268659,0.924091,0.957472,0.928368
N20261108-S018,N20261108,2026-11-09T04:45:00Z,900,true,0.918317,0.811360,0.797217,0.902376
N20261108-S019,N20261108,2026-11-09T05:00:00Z,900,true,1.185505,0.910831,0.895229,0.962469
N20261108-S020,N20261108,2026-11-09T05:15:00Z,900,true,1.172484,0.932850,0.855339,0.958399
N20261108-S021,N20261108,2026-11-09T05:30:00Z,900,true,0.993696,0.863094,0.826450,0.937766
N20261108-S022,N20261108,2026-11-09T05:45:00Z,900,true,1.028827,0.925343,0.755712,0.933897
N20261108-S023,N20261108,2026-11-09T06:00:00Z,900,true,0.910840,0.912823,0.825296,0.913688
N20261108-S024,N20261108,2026-11-09T06:15:00Z,900,true,1.056986,0.793514,0.874401,0.930239
N20261108-S025,N20261108,2026-11-09T06:30:00Z,900,true,0.961130,0.830055,0.885013,0.902860
N20261108-S026,N20261108,2026-11-09T06:45:00Z,900,true,1.288783,0.928191,0.789521,0.876000
N20261108-S027,N20261108,2026-11-09T07:00:00Z,900,true,0.847442,0.912762,0.942886,0.955684
N20261108-S028,N20261108,2026-11-09T07:15:00Z,900,true,1.228976,0.914936,0.873988,0.890427
N20261108-S029,N20261108,2026-11-09T07:30:00Z,900,false,1.126879,0.890066,0.782538,0.931695
N20261108-S030,N20261108,2026-11-09T07:45:00Z,900,true,0.895909,0.774912,0.876458,0.918596
N20261108-S031,N20261108,2026-11-09T08:00:00Z,900,true,0.974799,0.890742,0.922580,0.956622
N20261109-S001,N20261109,2026-11-10T00:30:00Z,900,true,1.185532,0.478093,0.477893,0.833089
N20261109-S002,N20261109,2026-11-10T00:45:00Z,900,true,1.747420,0.796698,0.620668,0.810060
N20261109-S003,N20261109,2026-11-10T01:00:00Z,900,true,1.617139,0.615043,0.638307,0.800399
N20261109-S004,N20261109,2026-11-10T01:15:00Z,900,false,1.436405,0.571646,0.611795,0.901716
N20261109-S005,N20261109,2026-11-10T01:30:00Z,900,true,1.144536,0.678230,0.519440,0.898853
N20261109-S006,N20261109,2026-11-10T01:45:00Z,900,true,1.673849,0.736380,0.503830,0.923252
N20261109-S007,N20261109,2026-11-10T02:00:00Z,900,true,1.167775,0.581444,0.589975,0.899343
N20261109-S008,N20261109,2026-11-10T02:15:00Z,900,true,1.338942,0.803457,0.634306,0.819469
N20261109-S009,N20261109,2026-11-10T02:30:00Z,900,true,1.717052,0.547073,0.616844,0.865645
N20261109-S010,N20261109,2026-11-10T02:45:00Z,900,true,1.294552,0.607077,0.542195,0.817272
N20261109-S011,N20261109,2026-11-10T03:00:00Z,900,false,1.636141,0.500297,0.648414,0.849918
N20261109-S012,N20261109,2026-11-10T03:15:00Z,900,true,1.753728,0.657928,0.601021,0.918850
N20261109-S013,N20261109,2026-11-10T03:30:00Z,900,true,1.186474,0.726399,0.678767,0.804508
N20261109-S014,N20261109,2026-11-10T03:45:00Z,900,false,1.580622,0.494565,0.716541,0.898341
N20261109-S015,N20261109,2026-11-10T04:00:00Z,900,true,1.673687,0.727896,0.755645,0.871627
N20261109-S016,N20261109,2026-11-10T04:15:00Z,900,true,1.420474,0.525060,0.455049,0.851661
N20261109-S017,N20261109,2026-11-10T04:30:00Z,900,true,1.417737,0.569665,0.588567,0.838620
N20261109-S018,N20261109,2026-11-10T04:45:00Z,900,true,1.312256,0.553850,0.564153,0.882555
N20261109-S019,N20261109,2026-11-10T05:00:00Z,900,true,1.606930,0.748192,0.473754,0.783624
N20261109-S020,N20261109,2026-11-10T05:15:00Z,900,true,1.798015,0.614344,0.740891,0.794754
N20261109-S021,N20261109,2026-11-10T05:30:00Z,900,true,1.668563,0.628405,0.550095,0.790077
N20261109-S022,N20261109,2026-11-10T05:45:00Z,900,true,1.521995,0.678535,0.619799,0.831935
N20261109-S023,N20261109,2026-11-10T06:00:00Z,900,true,1.234629,0.498423,0.486950,0.837232
N20261109-S024,N20261109,2026-11-10T06:15:00Z,900,true,1.176923,0.618116,0.547536,0.864122
N20261109-S025,N20261109,2026-11-10T06:30:00Z,900,true,1.427634,0.572549,0.605324,0.778678
N20261109-S026,N20261109,2026-11-10T06:45:00Z,900,true,1.453440,0.806447,0.759092,0.865671
N20261109-S027,N20261109,2026-11-10T07:00:00Z,900,true,1.397773,0.625343,0.653402,0.928653
N20261109-S028,N20261109,2026-11-10T07:15:00Z,900,true,1.792522,0.512014,0.787469,0.903895
N20261109-S029,N20261109,2026-11-10T07:30:00Z,900,true,1.280209,0.689441,0.515632,0.928973
N20261109-S030,N20261109,2026-11-10T07:45:00Z,900,true,1.785016,0.531126,0.621214,0.830030
N20261109-S031,N20261109,2026-11-10T08:00:00Z,900,true,1.191316,0.624262,0.592023,0.774423
N20261110-S001,N20261110,2026-11-11T00:30:00Z,900,true,1.072084,0.810172,0.858917,0.956731
N20261110-S002,N20261110,2026-11-11T00:45:00Z,900,true,1.083628,0.974822,0.930062,0.976300
N20261110-S003,N20261110,2026-11-11T01:00:00Z,900,true,0.873893,0.882342,0.964114,0.895249
N20261110-S004,N20261110,2026-11-11T01:15:00Z,900,true,0.844715,0.864557,0.808171,0.888095
N20261110-S005,N20261110,2026-11-11T01:30:00Z,900,false,0.825851,0.977479,0.889188,0.896688
N20261110-S006,N20261110,2026-11-11T01:45:00Z,900,true,0.960539,0.847074,0.855962,0.969438
N20261110-S007,N20261110,2026-11-11T02:00:00Z,900,true,1.106903,0.934827,0.814736,0.900471
N20261110-S008,N20261110,2026-11-11T02:15:00Z,900,true,0.907113,0.857908,0.860718,0.937632
N20261110-S009,N20261110,2026-11-11T02:30:00Z,900,true,0.863922,0.914315,0.867367,0.955555
N20261110-S010,N20261110,2026-11-11T02:45:00Z,900,true,1.141185,0.921612,0.820063,0.878319
N20261110-S011,N20261110,2026-11-11T03:00:00Z,900,true,0.887718,0.890486,0.835137,0.893961
N20261110-S012,N20261110,2026-11-11T03:15:00Z,900,true,1.057565,0.862131,0.941673,0.874304
N20261110-S013,N20261110,2026-11-11T03:30:00Z,900,true,0.962083,0.788247,0.909043,0.886237
N20261110-S014,N20261110,2026-11-11T03:45:00Z,900,true,1.052244,0.779600,0.838821,0.898655
N20261110-S015,N20261110,2026-11-11T04:00:00Z,900,true,0.960293,0.932381,0.756233,0.922077
N20261110-S016,N20261110,2026-11-11T04:15:00Z,900,true,1.140403,0.921074,0.910998,0.892836
N20261110-S017,N20261110,2026-11-11T04:30:00Z,900,true,1.137027,0.962088,0.840331,0.977014
N20261110-S018,N20261110,2026-11-11T04:45:00Z,900,true,1.224305,0.802128,0.872316,0.977453
N20261110-S019,N20261110,2026-11-11T05:00:00Z,900,true,0.927668,0.957142,0.920361,0.899766
N20261110-S020,N20261110,2026-11-11T05:15:00Z,900,true,1.016966,0.842900,0.784836,0.905182
N20261110-S021,N20261110,2026-11-11T05:30:00Z,900,true,1.154738,0.799086,0.827127,0.899010
N20261110-S022,N20261110,2026-11-11T05:45:00Z,900,true,0.959730,0.821671,0.928899,0.907649
N20261110-S023,N20261110,2026-11-11T06:00:00Z,900,true,1.249445,0.784785,0.891762,0.875280
N20261110-S024,N20261110,2026-11-11T06:15:00Z,900,true,0.915895,0.933180,0.801208,0.939322
N20261110-S025,N20261110,2026-11-11T06:30:00Z,900,true,0.928122,0.966885,0.955421,0.971489
N20261110-S026,N20261110,2026-11-11T06:45:00Z,900,true,0.856005,0.926909,0.765892,0.930035
N20261110-S027,N20261110,2026-11-11T07:00:00Z,900,true,1.204011,0.806674,0.777709,0.962727
N20261110-S028,N20261110,2026-11-11T07:15:00Z,900,true,0.841421,0.844350,0.918313,0.903443
N20261110-S029,N20261110,2026-11-11T07:30:00Z,900,true,1.097382,0.888460,0.915507,0.903100
N20261110-S030,N20261110,2026-11-11T07:45:00Z,900,true,1.300441,0.789323,0.856989,0.939308
N20261110-S031,N20261110,2026-11-11T08:00:00Z,900,true,0.934726,0.979638,0.774819,0.875670
N20261111-S001,N20261111,2026-11-12T00:30:00Z,900,true,1.684196,0.692763,0.496505,0.878619
N20261111-S002,N20261111,2026-11-12T00:45:00Z,900,true,1.590778,0.728141,0.647655,0.806743
N20261111-S003,N20261111,2026-11-12T01:00:00Z,900,true,1.326104,0.810591,0.786310,0.834634
N20261111-S004,N20261111,2026-11-12T01:15:00Z,900,true,1.166478,0.669696,0.538064,0.850077
N20261111-S005,N20261111,2026-11-12T01:30:00Z,900,true,1.727777,0.747789,0.650976,0.805295
N20261111-S006,N20261111,2026-11-12T01:45:00Z,900,true,1.842622,0.768649,0.642710,0.785198
N20261111-S007,N20261111,2026-11-12T02:00:00Z,900,true,1.725546,0.753645,0.566465,0.909746
N20261111-S008,N20261111,2026-11-12T02:15:00Z,900,true,1.372251,0.642438,0.616638,0.827710
N20261111-S009,N20261111,2026-11-12T02:30:00Z,900,true,1.381015,0.477024,0.577365,0.831670
N20261111-S010,N20261111,2026-11-12T02:45:00Z,900,true,1.433585,0.628192,0.787249,0.888701
N20261111-S011,N20261111,2026-11-12T03:00:00Z,900,true,1.579969,0.699185,0.627189,0.913995
N20261111-S012,N20261111,2026-11-12T03:15:00Z,900,true,1.641300,0.581415,0.729240,0.828787
N20261111-S013,N20261111,2026-11-12T03:30:00Z,900,true,1.430256,0.593991,0.635208,0.801228
N20261111-S014,N20261111,2026-11-12T03:45:00Z,900,true,1.490199,0.537198,0.743781,0.801647
N20261111-S015,N20261111,2026-11-12T04:00:00Z,900,true,1.874490,0.762080,0.455852,0.813132
N20261111-S016,N20261111,2026-11-12T04:15:00Z,900,true,1.227566,0.787492,0.677890,0.777555
N20261111-S017,N20261111,2026-11-12T04:30:00Z,900,true,1.298612,0.662486,0.758921,0.829888
N20261111-S018,N20261111,2026-11-12T04:45:00Z,900,false,1.720498,0.765826,0.581297,0.860126
N20261111-S019,N20261111,2026-11-12T05:00:00Z,900,true,1.261489,0.520493,0.801019,0.864068
N20261111-S020,N20261111,2026-11-12T05:15:00Z,900,true,1.412464,0.503579,0.728141,0.884610
N20261111-S021,N20261111,2026-11-12T05:30:00Z,900,true,1.363767,0.561150,0.465740,0.927028
N20261111-S022,N20261111,2026-11-12T05:45:00Z,900,true,1.373645,0.739292,0.492369,0.803693
N20261111-S023,N20261111,2026-11-12T06:00:00Z,900,true,1.730895,0.608053,0.472028,0.797947
N20261111-S024,N20261111,2026-11-12T06:15:00Z,900,true,1.795656,0.640768,0.639019,0.784151
N20261111-S025,N20261111,2026-11-12T06:30:00Z,900,true,1.299662,0.780452,0.778760,0.796628
N20261111-S026,N20261111,2026-11-12T06:45:00Z,900,true,1.485141,0.543430,0.536473,0.886390
N20261111-S027,N20261111,2026-11-12T07:00:00Z,900,true,1.588010,0.590890,0.760421,0.856627
N20261111-S028,N20261111,2026-11-12T07:15:00Z,900,true,1.189583,0.795709,0.738871,0.916919
N20261111-S029,N20261111,2026-11-12T07:30:00Z,900,true,1.874199,0.524374,0.724807,0.927606
N20261111-S030,N20261111,2026-11-12T07:45:00Z,900,true,1.420208,0.736035,0.643501,0.858479
N20261111-S031,N20261111,2026-11-12T08:00:00Z,900,true,1.336388,0.687276,0.500366,0.919952
N20261112-S001,N20261112,2026-11-13T00:30:00Z,900,true,0.959021,0.831464,0.917482,0.935379
N20261112-S002,N20261112,2026-11-13T00:45:00Z,900,true,0.987979,0.959736,0.767756,0.977368
N20261112-S003,N20261112,2026-11-13T01:00:00Z,900,true,1.149144,0.801117,0.915807,0.891393
N20261112-S004,N20261112,2026-11-13T01:15:00Z,900,true,0.985293,0.842762,0.763146,0.981579
N20261112-S005,N20261112,2026-11-13T01:30:00Z,900,true,1.108450,0.978060,0.761680,0.948062
N20261112-S006,N20261112,2026-11-13T01:45:00Z,900,true,1.157518,0.841016,0.966863,0.888702
N20261112-S007,N20261112,2026-11-13T02:00:00Z,900,true,0.904929,0.978216,0.852927,0.966540
N20261112-S008,N20261112,2026-11-13T02:15:00Z,900,true,0.937401,0.820454,0.809157,0.928698
N20261112-S009,N20261112,2026-11-13T02:30:00Z,900,true,1.308009,0.810835,0.865409,0.960380
N20261112-S010,N20261112,2026-11-13T02:45:00Z,900,true,1.285144,0.946686,0.818378,0.968933
N20261112-S011,N20261112,2026-11-13T03:00:00Z,900,true,1.123368,0.963949,0.767861,0.931546
N20261112-S012,N20261112,2026-11-13T03:15:00Z,900,true,1.051584,0.819972,0.781550,0.969003
N20261112-S013,N20261112,2026-11-13T03:30:00Z,900,false,1.122842,0.937055,0.776147,0.911395
N20261112-S014,N20261112,2026-11-13T03:45:00Z,900,true,1.299651,0.856263,0.860606,0.877350
N20261112-S015,N20261112,2026-11-13T04:00:00Z,900,true,1.184160,0.826674,0.944175,0.968765
N20261112-S016,N20261112,2026-11-13T04:15:00Z,900,true,1.045426,0.777435,0.799833,0.968155
N20261112-S017,N20261112,2026-11-13T04:30:00Z,900,true,0.877959,0.871964,0.867827,0.913100
N20261112-S018,N20261112,2026-11-13T04:45:00Z,900,true,1.197948,0.952971,0.841281,0.981741
N20261112-S019,N20261112,2026-11-13T05:00:00Z,900,true,1.071508,0.942613,0.899243,0.906743
N20261112-S020,N20261112,2026-11-13T05:15:00Z,900,true,1.198643,0.833035,0.882988,0.879550
N20261112-S021,N20261112,2026-11-13T05:30:00Z,900,true,1.289146,0.923493,0.844750,0.976464
N20261112-S022,N20261112,2026-11-13T05:45:00Z,900,true,0.990273,0.837485,0.852192,0.961806
N20261112-S023,N20261112,2026-11-13T06:00:00Z,900,true,0.923679,0.810250,0.927498,0.982734
N20261112-S024,N20261112,2026-11-13T06:15:00Z,900,true,0.878009,0.960831,0.937254,0.978686
N20261112-S025,N20261112,2026-11-13T06:30:00Z,900,true,1.213386,0.782027,0.952660,0.895996
N20261112-S026,N20261112,2026-11-13T06:45:00Z,900,true,1.305809,0.791596,0.769801,0.935720
N20261112-S027,N20261112,2026-11-13T07:00:00Z,900,true,0.895911,0.813025,0.928030,0.940921
N20261112-S028,N20261112,2026-11-13T07:15:00Z,900,true,1.099600,0.836364,0.803643,0.936244
N20261112-S029,N20261112,2026-11-13T07:30:00Z,900,false,1.063054,0.823704,0.926988,0.940617
N20261112-S030,N20261112,2026-11-13T07:45:00Z,900,true,1.000635,0.948721,0.966440,0.909676
N20261112-S031,N20261112,2026-11-13T08:00:00Z,900,true,1.244276,0.904567,0.946499,0.931072
N20261113-S001,N20261113,2026-11-14T00:30:00Z,900,true,1.581948,0.797166,0.509235,0.864417
N20261113-S002,N20261113,2026-11-14T00:45:00Z,900,true,1.412975,0.768115,0.474153,0.932254
N20261113-S003,N20261113,2026-11-14T01:00:00Z,900,true,1.714403,0.652839,0.678716,0.823166
N20261113-S004,N20261113,2026-11-14T01:15:00Z,900,true,1.193829,0.658436,0.556497,0.893971
N20261113-S005,N20261113,2026-11-14T01:30:00Z,900,true,1.657724,0.662810,0.585528,0.895713
N20261113-S006,N20261113,2026-11-14T01:45:00Z,900,true,1.781560,0.643233,0.800016,0.871245
N20261113-S007,N20261113,2026-11-14T02:00:00Z,900,true,1.602476,0.777062,0.474833,0.907136
N20261113-S008,N20261113,2026-11-14T02:15:00Z,900,true,1.139814,0.642794,0.560363,0.803123
N20261113-S009,N20261113,2026-11-14T02:30:00Z,900,true,1.822090,0.756520,0.736237,0.838939
N20261113-S010,N20261113,2026-11-14T02:45:00Z,900,true,1.635606,0.519451,0.736385,0.793057
N20261113-S011,N20261113,2026-11-14T03:00:00Z,900,true,1.685884,0.560364,0.590436,0.819680
N20261113-S012,N20261113,2026-11-14T03:15:00Z,900,false,1.504064,0.543046,0.610711,0.904111
N20261113-S013,N20261113,2026-11-14T03:30:00Z,900,true,1.296811,0.724674,0.626919,0.808790
N20261113-S014,N20261113,2026-11-14T03:45:00Z,900,true,1.496089,0.765231,0.695439,0.850197
N20261113-S015,N20261113,2026-11-14T04:00:00Z,900,true,1.194755,0.773073,0.773978,0.875375
N20261113-S016,N20261113,2026-11-14T04:15:00Z,900,true,1.877862,0.539155,0.666364,0.827146
N20261113-S017,N20261113,2026-11-14T04:30:00Z,900,true,1.703979,0.570364,0.584156,0.877065
N20261113-S018,N20261113,2026-11-14T04:45:00Z,900,true,1.465565,0.592982,0.608385,0.919159
N20261113-S019,N20261113,2026-11-14T05:00:00Z,900,true,1.236862,0.514399,0.485915,0.791582
N20261113-S020,N20261113,2026-11-14T05:15:00Z,900,true,1.282029,0.745196,0.809023,0.811835
N20261113-S021,N20261113,2026-11-14T05:30:00Z,900,true,1.210137,0.584257,0.651915,0.810236
N20261113-S022,N20261113,2026-11-14T05:45:00Z,900,true,1.262212,0.625536,0.651785,0.794953
N20261113-S023,N20261113,2026-11-14T06:00:00Z,900,false,1.854752,0.587062,0.631172,0.818061
N20261113-S024,N20261113,2026-11-14T06:15:00Z,900,true,1.875974,0.695306,0.544612,0.842307
N20261113-S025,N20261113,2026-11-14T06:30:00Z,900,true,1.705741,0.667521,0.656143,0.919178
N20261113-S026,N20261113,2026-11-14T06:45:00Z,900,true,1.492857,0.722137,0.587119,0.813221
N20261113-S027,N20261113,2026-11-14T07:00:00Z,900,true,1.783381,0.687564,0.732332,0.851543
N20261113-S028,N20261113,2026-11-14T07:15:00Z,900,true,1.481158,0.746802,0.809641,0.778305
N20261113-S029,N20261113,2026-11-14T07:30:00Z,900,true,1.534692,0.793220,0.596091,0.914075
N20261113-S030,N20261113,2026-11-14T07:45:00Z,900,true,1.389934,0.653500,0.622358,0.911649
N20261113-S031,N20261113,2026-11-14T08:00:00Z,900,false,1.193269,0.571871,0.701169,0.778000
N20261114-S001,N20261114,2026-11-15T00:30:00Z,900,true,1.614684,0.782335,0.617893,0.873535
N20261114-S002,N20261114,2026-11-15T00:45:00Z,900,true,1.856689,0.584176,0.632315,0.796441
N20261114-S003,N20261114,2026-11-15T01:00:00Z,900,true,1.770716,0.677788,0.569961,0.832599
N20261114-S004,N20261114,2026-11-15T01:15:00Z,900,true,1.812298,0.513334,0.741044,0.922988
N20261114-S005,N20261114,2026-11-15T01:30:00Z,900,true,1.756953,0.790184,0.506992,0.899227
N20261114-S006,N20261114,2026-11-15T01:45:00Z,900,true,1.701564,0.553913,0.454442,0.816552
N20261114-S007,N20261114,2026-11-15T02:00:00Z,900,true,1.516245,0.472859,0.549559,0.847104
N20261114-S008,N20261114,2026-11-15T02:15:00Z,900,true,1.585769,0.684483,0.746873,0.791688
N20261114-S009,N20261114,2026-11-15T02:30:00Z,900,true,1.282028,0.635166,0.684902,0.901170
N20261114-S010,N20261114,2026-11-15T02:45:00Z,900,true,1.282067,0.769141,0.692066,0.857738
N20261114-S011,N20261114,2026-11-15T03:00:00Z,900,true,1.263127,0.677404,0.472178,0.841987
N20261114-S012,N20261114,2026-11-15T03:15:00Z,900,true,1.331373,0.671749,0.577654,0.888639
N20261114-S013,N20261114,2026-11-15T03:30:00Z,900,true,1.552916,0.601315,0.795995,0.879437
N20261114-S014,N20261114,2026-11-15T03:45:00Z,900,true,1.374458,0.788569,0.746637,0.890143
N20261114-S015,N20261114,2026-11-15T04:00:00Z,900,true,1.642037,0.717321,0.791246,0.803960
N20261114-S016,N20261114,2026-11-15T04:15:00Z,900,true,1.158158,0.647308,0.520849,0.826084
N20261114-S017,N20261114,2026-11-15T04:30:00Z,900,true,1.425996,0.505472,0.504061,0.806799
N20261114-S018,N20261114,2026-11-15T04:45:00Z,900,true,1.775490,0.722194,0.765441,0.845848
N20261114-S019,N20261114,2026-11-15T05:00:00Z,900,true,1.333214,0.734309,0.618052,0.868461
N20261114-S020,N20261114,2026-11-15T05:15:00Z,900,true,1.469710,0.592595,0.465767,0.867244
N20261114-S021,N20261114,2026-11-15T05:30:00Z,900,true,1.378047,0.656744,0.480117,0.912331
N20261114-S022,N20261114,2026-11-15T05:45:00Z,900,true,1.397420,0.573931,0.636161,0.805312
N20261114-S023,N20261114,2026-11-15T06:00:00Z,900,true,1.638006,0.531844,0.774881,0.880645
N20261114-S024,N20261114,2026-11-15T06:15:00Z,900,true,1.606294,0.485465,0.480138,0.834478
N20261114-S025,N20261114,2026-11-15T06:30:00Z,900,true,1.495448,0.591267,0.539459,0.903146
N20261114-S026,N20261114,2026-11-15T06:45:00Z,900,true,1.613881,0.534794,0.696172,0.797018
N20261114-S027,N20261114,2026-11-15T07:00:00Z,900,true,1.487612,0.503648,0.635311,0.851675
N20261114-S028,N20261114,2026-11-15T07:15:00Z,900,true,1.494235,0.681835,0.623406,0.847950
N20261114-S029,N20261114,2026-11-15T07:30:00Z,900,true,1.616875,0.682960,0.602044,0.815694
N20261114-S030,N20261114,2026-11-15T07:45:00Z,900,true,1.850362,0.709443,0.802035,0.919279
N20261114-S031,N20261114,2026-11-15T08:00:00Z,900,true,1.159306,0.549355,0.782320,0.782482
N20261115-S001,N20261115,2026-11-16T00:30:00Z,900,true,1.222711,0.865436,0.921966,0.970298
N20261115-S002,N20261115,2026-11-16T00:45:00Z,900,true,1.014974,0.965668,0.831195,0.883108
N20261115-S003,N20261115,2026-11-16T01:00:00Z,900,true,0.939717,0.847149,0.887875,0.959348
N20261115-S004,N20261115,2026-11-16T01:15:00Z,900,false,1.084225,0.858043,0.868556,0.963883
N20261115-S005,N20261115,2026-11-16T01:30:00Z,900,true,1.266213,0.882387,0.863980,0.941623
N20261115-S006,N20261115,2026-11-16T01:45:00Z,900,true,1.231067,0.911704,0.837590,0.942077
N20261115-S007,N20261115,2026-11-16T02:00:00Z,900,true,1.289063,0.958263,0.898382,0.962268
N20261115-S008,N20261115,2026-11-16T02:15:00Z,900,true,1.232037,0.777397,0.888283,0.964551
N20261115-S009,N20261115,2026-11-16T02:30:00Z,900,true,1.250047,0.864564,0.931944,0.874274
N20261115-S010,N20261115,2026-11-16T02:45:00Z,900,true,1.332481,0.864151,0.765722,0.924483
N20261115-S011,N20261115,2026-11-16T03:00:00Z,900,true,1.094815,0.845581,0.881985,0.918755
N20261115-S012,N20261115,2026-11-16T03:15:00Z,900,true,0.888859,0.963257,0.846970,0.902908
N20261115-S013,N20261115,2026-11-16T03:30:00Z,900,true,0.845996,0.917493,0.886461,0.913774
N20261115-S014,N20261115,2026-11-16T03:45:00Z,900,true,0.854934,0.918338,0.794655,0.885133
N20261115-S015,N20261115,2026-11-16T04:00:00Z,900,false,1.006349,0.778623,0.867989,0.978633
N20261115-S016,N20261115,2026-11-16T04:15:00Z,900,true,1.115253,0.809728,0.909163,0.923518
N20261115-S017,N20261115,2026-11-16T04:30:00Z,900,true,0.996378,0.828056,0.899300,0.972534
N20261115-S018,N20261115,2026-11-16T04:45:00Z,900,true,1.331717,0.780121,0.966195,0.911782
N20261115-S019,N20261115,2026-11-16T05:00:00Z,900,true,1.140681,0.797322,0.935764,0.919877
N20261115-S020,N20261115,2026-11-16T05:15:00Z,900,true,1.312299,0.900637,0.817282,0.897247
N20261115-S021,N20261115,2026-11-16T05:30:00Z,900,true,1.072248,0.786137,0.801354,0.919439
N20261115-S022,N20261115,2026-11-16T05:45:00Z,900,true,0.989596,0.852328,0.925809,0.981503
N20261115-S023,N20261115,2026-11-16T06:00:00Z,900,true,0.930128,0.773949,0.766415,0.951883
N20261115-S024,N20261115,2026-11-16T06:15:00Z,900,true,1.026393,0.777639,0.956138,0.888599
N20261115-S025,N20261115,2026-11-16T06:30:00Z,900,true,0.909532,0.909692,0.855299,0.944103
N20261115-S026,N20261115,2026-11-16T06:45:00Z,900,true,1.065029,0.829384,0.763709,0.951156
N20261115-S027,N20261115,2026-11-16T07:00:00Z,900,true,0.823085,0.921844,0.935914,0.893285
N20261115-S028,N20261115,2026-11-16T07:15:00Z,900,true,1.202933,0.850046,0.760156,0.885629
N20261115-S029,N20261115,2026-11-16T07:30:00Z,900,true,1.265912,0.817260,0.882003,0.979474
N20261115-S030,N20261115,2026-11-16T07:45:00Z,900,true,0.898313,0.875483,0.801223,0.976142
N20261115-S031,N20261115,2026-11-16T08:00:00Z,900,true,1.065166,0.956822,0.878229,0.874440
N20261116-S001,N20261116,2026-11-17T00:45:00Z,900,true,1.078404,0.884206,0.784428,0.911037
N20261116-S002,N20261116,2026-11-17T01:00:00Z,900,false,1.265501,0.853327,0.914229,0.878452
N20261116-S003,N20261116,2026-11-17T01:15:00Z,900,true,1.078080,0.898719,0.965685,0.899455
N20261116-S004,N20261116,2026-11-17T01:30:00Z,900,true,0.818091,0.937772,0.755094,0.878821
N20261116-S005,N20261116,2026-11-17T01:45:00Z,900,true,0.917592,0.857761,0.932413,0.929558
N20261116-S006,N20261116,2026-11-17T02:00:00Z,900,true,1.225061,0.778134,0.817946,0.919105
N20261116-S007,N20261116,2026-11-17T02:15:00Z,900,true,1.072088,0.858055,0.803331,0.901267
N20261116-S008,N20261116,2026-11-17T02:30:00Z,900,true,1.014698,0.823656,0.841443,0.970751
N20261116-S009,N20261116,2026-11-17T02:45:00Z,900,true,1.131922,0.799647,0.907072,0.898019
N20261116-S010,N20261116,2026-11-17T03:00:00Z,900,false,1.287808,0.915554,0.847454,0.945974
N20261116-S011,N20261116,2026-11-17T03:15:00Z,900,true,1.272667,0.803423,0.882242,0.941341
N20261116-S012,N20261116,2026-11-17T03:30:00Z,900,false,1.269493,0.789165,0.828273,0.921224
N20261116-S013,N20261116,2026-11-17T03:45:00Z,900,true,1.287442,0.930715,0.936305,0.950974
N20261116-S014,N20261116,2026-11-17T04:00:00Z,900,true,1.283795,0.877188,0.932585,0.942839
N20261116-S015,N20261116,2026-11-17T04:15:00Z,900,true,1.144563,0.825721,0.795211,0.935718
N20261116-S016,N20261116,2026-11-17T04:30:00Z,900,true,0.988848,0.895627,0.941930,0.975420
N20261116-S017,N20261116,2026-11-17T04:45:00Z,900,true,1.101817,0.782510,0.848009,0.947091
N20261116-S018,N20261116,2026-11-17T05:00:00Z,900,true,1.075002,0.860976,0.845938,0.897849
N20261116-S019,N20261116,2026-11-17T05:15:00Z,900,true,0.912932,0.812948,0.835207,0.911915
N20261116-S020,N20261116,2026-11-17T05:30:00Z,900,true,1.146624,0.789447,0.965907,0.878220
N20261116-S021,N20261116,2026-11-17T05:45:00Z,900,true,0.891870,0.935434,0.883119,0.887775
N20261116-S022,N20261116,2026-11-17T06:00:00Z,900,true,1.118968,0.931142,0.840411,0.970713
N20261116-S023,N20261116,2026-11-17T06:15:00Z,900,true,1.305064,0.801447,0.820358,0.944548
N20261116-S024,N20261116,2026-11-17T06:30:00Z,900,true,1.195239,0.943170,0.870245,0.940411
N20261116-S025,N20261116,2026-11-17T06:45:00Z,900,true,1.137559,0.781164,0.899017,0.889528
N20261116-S026,N20261116,2026-11-17T07:00:00Z,900,true,1.085023,0.974445,0.791342,0.890232
N20261116-S027,N20261116,2026-11-17T07:15:00Z,900,true,0.899757,0.776611,0.839896,0.879083
N20261116-S028,N20261116,2026-11-17T07:30:00Z,900,true,0.897139,0.969965,0.925583,0.907821
N20261116-S029,N20261116,2026-11-17T07:45:00Z,900,true,0.947547,0.806488,0.901523,0.951925
N20261116-S030,N20261116,2026-11-17T08:00:00Z,900,true,1.146130,0.787378,0.783069,0.896311
N20261117-S001,N20261117,2026-11-18T00:45:00Z,900,true,0.999757,0.775713,0.856431,0.889712
N20261117-S002,N20261117,2026-11-18T01:00:00Z,900,true,1.262318,0.860664,0.766318,0.891891
N20261117-S003,N20261117,2026-11-18T01:15:00Z,900,true,1.165137,0.908887,0.851849,0.954771
N20261117-S004,N20261117,2026-11-18T01:30:00Z,900,false,0.943235,0.777835,0.854519,0.889480
N20261117-S005,N20261117,2026-11-18T01:45:00Z,900,true,1.138104,0.797472,0.782872,0.898465
N20261117-S006,N20261117,2026-11-18T02:00:00Z,900,true,1.156070,0.881078,0.904837,0.940242
N20261117-S007,N20261117,2026-11-18T02:15:00Z,900,true,1.132333,0.806183,0.859359,0.942628
N20261117-S008,N20261117,2026-11-18T02:30:00Z,900,true,1.316462,0.904314,0.801975,0.893029
N20261117-S009,N20261117,2026-11-18T02:45:00Z,900,true,1.085909,0.858560,0.810839,0.964429
N20261117-S010,N20261117,2026-11-18T03:00:00Z,900,true,1.326090,0.836787,0.959933,0.919953
N20261117-S011,N20261117,2026-11-18T03:15:00Z,900,true,1.045500,0.850404,0.813298,0.940893
N20261117-S012,N20261117,2026-11-18T03:30:00Z,900,true,1.210829,0.884006,0.806947,0.934996
N20261117-S013,N20261117,2026-11-18T03:45:00Z,900,true,0.967421,0.776470,0.869709,0.905657
N20261117-S014,N20261117,2026-11-18T04:00:00Z,900,true,1.171884,0.841146,0.911699,0.973641
N20261117-S015,N20261117,2026-11-18T04:15:00Z,900,true,1.076258,0.867985,0.883597,0.892224
N20261117-S016,N20261117,2026-11-18T04:30:00Z,900,true,0.826857,0.832871,0.902532,0.916371
N20261117-S017,N20261117,2026-11-18T04:45:00Z,900,true,1.027502,0.775089,0.912329,0.950514
N20261117-S018,N20261117,2026-11-18T05:00:00Z,900,true,0.865443,0.850006,0.931958,0.979337
N20261117-S019,N20261117,2026-11-18T05:15:00Z,900,true,1.305075,0.890824,0.897873,0.876202
N20261117-S020,N20261117,2026-11-18T05:30:00Z,900,true,0.934348,0.829762,0.924791,0.958010
N20261117-S021,N20261117,2026-11-18T05:45:00Z,900,true,1.009112,0.781694,0.886010,0.935372
N20261117-S022,N20261117,2026-11-18T06:00:00Z,900,true,1.155157,0.906870,0.843729,0.964172
N20261117-S023,N20261117,2026-11-18T06:15:00Z,900,true,1.304854,0.832039,0.957339,0.958910
N20261117-S024,N20261117,2026-11-18T06:30:00Z,900,true,1.104949,0.950310,0.862123,0.902165
N20261117-S025,N20261117,2026-11-18T06:45:00Z,900,true,0.996638,0.823445,0.911062,0.919710
N20261117-S026,N20261117,2026-11-18T07:00:00Z,900,true,0.947295,0.920522,0.951934,0.953214
N20261117-S027,N20261117,2026-11-18T07:15:00Z,900,true,0.970329,0.951870,0.937360,0.918797
N20261117-S028,N20261117,2026-11-18T07:30:00Z,900,true,0.948680,0.863106,0.825720,0.956644
N20261117-S029,N20261117,2026-11-18T07:45:00Z,900,true,0.973389,0.969107,0.953198,0.912001
N20261117-S030,N20261117,2026-11-18T08:00:00Z,900,true,1.202195,0.826395,0.875558,0.944187
N20261118-S001,N20261118,2026-11-19T00:45:00Z,900,true,1.376857,0.788103,0.581370,0.919158
N20261118-S002,N20261118,2026-11-19T01:00:00Z,900,true,1.615940,0.567569,0.558096,0.889292
N20261118-S003,N20261118,2026-11-19T01:15:00Z,900,true,1.273208,0.537048,0.493004,0.882053
N20261118-S004,N20261118,2026-11-19T01:30:00Z,900,true,1.398339,0.529372,0.658430,0.800878
N20261118-S005,N20261118,2026-11-19T01:45:00Z,900,true,1.616664,0.610990,0.577679,0.788927
N20261118-S006,N20261118,2026-11-19T02:00:00Z,900,false,1.382993,0.595233,0.685310,0.901256
N20261118-S007,N20261118,2026-11-19T02:15:00Z,900,true,1.882381,0.786524,0.694964,0.791477
N20261118-S008,N20261118,2026-11-19T02:30:00Z,900,true,1.314054,0.624740,0.691776,0.825892
N20261118-S009,N20261118,2026-11-19T02:45:00Z,900,true,1.598868,0.751333,0.629719,0.849989
N20261118-S010,N20261118,2026-11-19T03:00:00Z,900,true,1.310784,0.730730,0.553790,0.827124
N20261118-S011,N20261118,2026-11-19T03:15:00Z,900,true,1.142691,0.570369,0.749536,0.860756
N20261118-S012,N20261118,2026-11-19T03:30:00Z,900,true,1.663681,0.754383,0.742957,0.893734
N20261118-S013,N20261118,2026-11-19T03:45:00Z,900,true,1.626359,0.653975,0.798705,0.916139
N20261118-S014,N20261118,2026-11-19T04:00:00Z,900,true,1.266402,0.509031,0.746318,0.929630
N20261118-S015,N20261118,2026-11-19T04:15:00Z,900,true,1.343690,0.519742,0.557087,0.809819
N20261118-S016,N20261118,2026-11-19T04:30:00Z,900,true,1.347918,0.721603,0.775859,0.828722
N20261118-S017,N20261118,2026-11-19T04:45:00Z,900,true,1.275963,0.608263,0.658196,0.867740
N20261118-S018,N20261118,2026-11-19T05:00:00Z,900,true,1.217755,0.749808,0.549531,0.880757
N20261118-S019,N20261118,2026-11-19T05:15:00Z,900,true,1.536037,0.523391,0.522200,0.793121
N20261118-S020,N20261118,2026-11-19T05:30:00Z,900,true,1.758935,0.713828,0.797906,0.913946
N20261118-S021,N20261118,2026-11-19T05:45:00Z,900,true,1.426458,0.575252,0.691222,0.785717
N20261118-S022,N20261118,2026-11-19T06:00:00Z,900,true,1.310378,0.589899,0.719606,0.919985
N20261118-S023,N20261118,2026-11-19T06:15:00Z,900,true,1.671543,0.513825,0.471564,0.824410
N20261118-S024,N20261118,2026-11-19T06:30:00Z,900,true,1.735613,0.631095,0.795037,0.857484
N20261118-S025,N20261118,2026-11-19T06:45:00Z,900,true,1.832806,0.643643,0.571318,0.796949
N20261118-S026,N20261118,2026-11-19T07:00:00Z,900,true,1.161482,0.758514,0.521111,0.842309
N20261118-S027,N20261118,2026-11-19T07:15:00Z,900,true,1.518278,0.626269,0.556998,0.905675
N20261118-S028,N20261118,2026-11-19T07:30:00Z,900,true,1.152552,0.472194,0.722096,0.906372
N20261118-S029,N20261118,2026-11-19T07:45:00Z,900,true,1.242731,0.533907,0.583749,0.848024
N20261118-S030,N20261118,2026-11-19T08:00:00Z,900,true,1.621801,0.748112,0.524350,0.913796
N20261119-S001,N20261119,2026-11-20T00:45:00Z,900,true,0.908903,0.852691,0.858082,0.903259
N20261119-S002,N20261119,2026-11-20T01:00:00Z,900,true,0.991277,0.826776,0.779180,0.886056
N20261119-S003,N20261119,2026-11-20T01:15:00Z,900,true,1.200567,0.882083,0.824294,0.983503
N20261119-S004,N20261119,2026-11-20T01:30:00Z,900,true,0.957855,0.980398,0.903443,0.952234
N20261119-S005,N20261119,2026-11-20T01:45:00Z,900,true,1.185191,0.841054,0.856809,0.910575
N20261119-S006,N20261119,2026-11-20T02:00:00Z,900,true,0.882898,0.913699,0.884692,0.883289
N20261119-S007,N20261119,2026-11-20T02:15:00Z,900,true,1.235425,0.774570,0.907861,0.914377
N20261119-S008,N20261119,2026-11-20T02:30:00Z,900,true,1.283681,0.774919,0.817431,0.881539
N20261119-S009,N20261119,2026-11-20T02:45:00Z,900,true,1.244024,0.773290,0.903975,0.906323
N20261119-S010,N20261119,2026-11-20T03:00:00Z,900,true,1.277503,0.923296,0.927336,0.893837
N20261119-S011,N20261119,2026-11-20T03:15:00Z,900,true,0.821379,0.978129,0.905261,0.919320
N20261119-S012,N20261119,2026-11-20T03:30:00Z,900,true,1.271124,0.876687,0.934672,0.898339
N20261119-S013,N20261119,2026-11-20T03:45:00Z,900,true,1.275055,0.838149,0.925080,0.913436
N20261119-S014,N20261119,2026-11-20T04:00:00Z,900,true,1.275046,0.823999,0.820873,0.955345
N20261119-S015,N20261119,2026-11-20T04:15:00Z,900,true,0.890711,0.841417,0.787663,0.926746
N20261119-S016,N20261119,2026-11-20T04:30:00Z,900,true,1.252550,0.879959,0.970979,0.916914
N20261119-S017,N20261119,2026-11-20T04:45:00Z,900,true,0.994816,0.886149,0.915774,0.912214
N20261119-S018,N20261119,2026-11-20T05:00:00Z,900,true,1.312065,0.818114,0.802380,0.937411
N20261119-S019,N20261119,2026-11-20T05:15:00Z,900,true,1.287852,0.837113,0.811537,0.880044
N20261119-S020,N20261119,2026-11-20T05:30:00Z,900,true,1.215243,0.880488,0.773691,0.937193
N20261119-S021,N20261119,2026-11-20T05:45:00Z,900,true,1.308829,0.866342,0.850106,0.899003
N20261119-S022,N20261119,2026-11-20T06:00:00Z,900,true,1.321658,0.914114,0.895792,0.946174
N20261119-S023,N20261119,2026-11-20T06:15:00Z,900,true,1.255444,0.859155,0.960909,0.943009
N20261119-S024,N20261119,2026-11-20T06:30:00Z,900,true,1.099507,0.869580,0.769619,0.915589
N20261119-S025,N20261119,2026-11-20T06:45:00Z,900,true,0.861627,0.869381,0.908112,0.899883
N20261119-S026,N20261119,2026-11-20T07:00:00Z,900,true,1.171281,0.891352,0.943831,0.919611
N20261119-S027,N20261119,2026-11-20T07:15:00Z,900,true,1.293116,0.952175,0.909812,0.937187
N20261119-S028,N20261119,2026-11-20T07:30:00Z,900,true,0.928715,0.819804,0.769462,0.885542
N20261119-S029,N20261119,2026-11-20T07:45:00Z,900,true,0.827081,0.791271,0.766250,0.884453
N20261119-S030,N20261119,2026-11-20T08:00:00Z,900,true,1.214835,0.905780,0.931358,0.965464
N20261120-S001,N20261120,2026-11-21T00:45:00Z,900,true,1.763408,0.505199,0.457774,0.794080
N20261120-S002,N20261120,2026-11-21T01:00:00Z,900,true,1.632283,0.610569,0.558756,0.842620
N20261120-S003,N20261120,2026-11-21T01:15:00Z,900,true,1.668388,0.767934,0.811898,0.808750
N20261120-S004,N20261120,2026-11-21T01:30:00Z,900,true,1.625127,0.743365,0.559697,0.883036
N20261120-S005,N20261120,2026-11-21T01:45:00Z,900,true,1.778747,0.704026,0.548798,0.877027
N20261120-S006,N20261120,2026-11-21T02:00:00Z,900,true,1.372103,0.607263,0.628808,0.799304
N20261120-S007,N20261120,2026-11-21T02:15:00Z,900,true,1.607176,0.736886,0.650529,0.807578
N20261120-S008,N20261120,2026-11-21T02:30:00Z,900,true,1.471375,0.746374,0.708275,0.867448
N20261120-S009,N20261120,2026-11-21T02:45:00Z,900,true,1.347261,0.580027,0.664492,0.873726
N20261120-S010,N20261120,2026-11-21T03:00:00Z,900,true,1.298248,0.639747,0.564973,0.915867
N20261120-S011,N20261120,2026-11-21T03:15:00Z,900,true,1.868980,0.472812,0.456470,0.924630
N20261120-S012,N20261120,2026-11-21T03:30:00Z,900,true,1.146446,0.804005,0.714239,0.885633
N20261120-S013,N20261120,2026-11-21T03:45:00Z,900,true,1.805045,0.475080,0.808627,0.774877
N20261120-S014,N20261120,2026-11-21T04:00:00Z,900,true,1.628469,0.535784,0.533581,0.892602
N20261120-S015,N20261120,2026-11-21T04:15:00Z,900,true,1.693784,0.769819,0.703647,0.783431
N20261120-S016,N20261120,2026-11-21T04:30:00Z,900,true,1.603444,0.805216,0.757718,0.799626
N20261120-S017,N20261120,2026-11-21T04:45:00Z,900,true,1.390196,0.689172,0.538214,0.897165
N20261120-S018,N20261120,2026-11-21T05:00:00Z,900,true,1.480622,0.495292,0.696714,0.835895
N20261120-S019,N20261120,2026-11-21T05:15:00Z,900,true,1.339797,0.591971,0.742585,0.905414
N20261120-S020,N20261120,2026-11-21T05:30:00Z,900,true,1.332406,0.689306,0.591888,0.779844
N20261120-S021,N20261120,2026-11-21T05:45:00Z,900,true,1.319293,0.687881,0.656543,0.867465
N20261120-S022,N20261120,2026-11-21T06:00:00Z,900,true,1.612609,0.653516,0.600651,0.908847
N20261120-S023,N20261120,2026-11-21T06:15:00Z,900,true,1.156224,0.599582,0.469602,0.889715
N20261120-S024,N20261120,2026-11-21T06:30:00Z,900,true,1.617181,0.627784,0.490121,0.928490
N20261120-S025,N20261120,2026-11-21T06:45:00Z,900,true,1.664769,0.808923,0.548101,0.780769
N20261120-S026,N20261120,2026-11-21T07:00:00Z,900,true,1.234586,0.641600,0.478031,0.896331
N20261120-S027,N20261120,2026-11-21T07:15:00Z,900,true,1.702887,0.676332,0.642599,0.883922
N20261120-S028,N20261120,2026-11-21T07:30:00Z,900,true,1.758283,0.714331,0.499071,0.884689
N20261120-S029,N20261120,2026-11-21T07:45:00Z,900,true,1.492813,0.501999,0.541756,0.876316
N20261120-S030,N20261120,2026-11-21T08:00:00Z,900,true,1.463804,0.656184,0.740116,0.789024
N20261121-S001,N20261121,2026-11-22T00:45:00Z,900,true,1.150928,0.778992,0.843148,0.950454
N20261121-S002,N20261121,2026-11-22T01:00:00Z,900,true,0.850809,0.948632,0.889505,0.938841
N20261121-S003,N20261121,2026-11-22T01:15:00Z,900,true,1.117863,0.862067,0.830192,0.939628
N20261121-S004,N20261121,2026-11-22T01:30:00Z,900,true,0.936007,0.824917,0.762722,0.932182
N20261121-S005,N20261121,2026-11-22T01:45:00Z,900,true,1.246842,0.788453,0.879248,0.879892
N20261121-S006,N20261121,2026-11-22T02:00:00Z,900,true,1.193252,0.884698,0.897968,0.886603
N20261121-S007,N20261121,2026-11-22T02:15:00Z,900,true,1.234165,0.808630,0.770885,0.916096
N20261121-S008,N20261121,2026-11-22T02:30:00Z,900,true,1.211414,0.889712,0.942654,0.924916
N20261121-S009,N20261121,2026-11-22T02:45:00Z,900,true,1.272392,0.810953,0.764797,0.960478
N20261121-S010,N20261121,2026-11-22T03:00:00Z,900,true,0.882943,0.926079,0.776838,0.974922
N20261121-S011,N20261121,2026-11-22T03:15:00Z,900,true,1.310080,0.939548,0.777497,0.977213
N20261121-S012,N20261121,2026-11-22T03:30:00Z,900,true,0.938287,0.917866,0.951940,0.954772
N20261121-S013,N20261121,2026-11-22T03:45:00Z,900,true,0.995297,0.839593,0.930667,0.982881
N20261121-S014,N20261121,2026-11-22T04:00:00Z,900,true,1.094952,0.975869,0.882684,0.877801
N20261121-S015,N20261121,2026-11-22T04:15:00Z,900,true,1.199760,0.963471,0.955122,0.904516
N20261121-S016,N20261121,2026-11-22T04:30:00Z,900,true,1.182582,0.914054,0.939753,0.902869
N20261121-S017,N20261121,2026-11-22T04:45:00Z,900,true,1.162892,0.885373,0.904828,0.949087
N20261121-S018,N20261121,2026-11-22T05:00:00Z,900,true,1.201718,0.797463,0.946166,0.896443
N20261121-S019,N20261121,2026-11-22T05:15:00Z,900,true,1.091105,0.853298,0.909505,0.889314
N20261121-S020,N20261121,2026-11-22T05:30:00Z,900,true,1.067879,0.884476,0.892266,0.970083
N20261121-S021,N20261121,2026-11-22T05:45:00Z,900,true,1.319204,0.781432,0.777733,0.876859
N20261121-S022,N20261121,2026-11-22T06:00:00Z,900,true,1.181009,0.891076,0.857385,0.899191
N20261121-S023,N20261121,2026-11-22T06:15:00Z,900,true,0.888630,0.961020,0.773109,0.917876
N20261121-S024,N20261121,2026-11-22T06:30:00Z,900,true,1.090162,0.927460,0.813166,0.883313
N20261121-S025,N20261121,2026-11-22T06:45:00Z,900,true,0.815221,0.840066,0.969494,0.934182
N20261121-S026,N20261121,2026-11-22T07:00:00Z,900,true,0.999859,0.972416,0.837997,0.949458
N20261121-S027,N20261121,2026-11-22T07:15:00Z,900,true,1.220405,0.845045,0.829147,0.942068
N20261121-S028,N20261121,2026-11-22T07:30:00Z,900,false,1.320510,0.776452,0.863948,0.901463
N20261121-S029,N20261121,2026-11-22T07:45:00Z,900,true,0.848097,0.917332,0.792635,0.887349
N20261121-S030,N20261121,2026-11-22T08:00:00Z,900,true,1.332347,0.956776,0.969911,0.950053
N20261122-S001,N20261122,2026-11-23T00:45:00Z,900,false,0.904901,0.907747,0.805753,0.876768
N20261122-S002,N20261122,2026-11-23T01:00:00Z,900,true,0.855838,0.956155,0.957886,0.964248
N20261122-S003,N20261122,2026-11-23T01:15:00Z,900,true,0.820973,0.800458,0.774641,0.953169
N20261122-S004,N20261122,2026-11-23T01:30:00Z,900,true,1.230973,0.926446,0.904084,0.882693
N20261122-S005,N20261122,2026-11-23T01:45:00Z,900,true,0.825246,0.927962,0.905595,0.970570
N20261122-S006,N20261122,2026-11-23T02:00:00Z,900,true,1.084993,0.874058,0.841693,0.956036
N20261122-S007,N20261122,2026-11-23T02:15:00Z,900,true,1.282030,0.875348,0.854360,0.979834
N20261122-S008,N20261122,2026-11-23T02:30:00Z,900,true,1.057004,0.802209,0.818655,0.875128
N20261122-S009,N20261122,2026-11-23T02:45:00Z,900,true,1.203745,0.974580,0.814056,0.952680
N20261122-S010,N20261122,2026-11-23T03:00:00Z,900,true,1.055979,0.793339,0.911621,0.932004
N20261122-S011,N20261122,2026-11-23T03:15:00Z,900,true,0.868892,0.876323,0.776987,0.899411
N20261122-S012,N20261122,2026-11-23T03:30:00Z,900,true,1.315279,0.806786,0.913742,0.911058
N20261122-S013,N20261122,2026-11-23T03:45:00Z,900,true,0.928044,0.788929,0.877106,0.902827
N20261122-S014,N20261122,2026-11-23T04:00:00Z,900,true,1.060946,0.958871,0.794793,0.913845
N20261122-S015,N20261122,2026-11-23T04:15:00Z,900,true,1.201247,0.885398,0.784499,0.882791
N20261122-S016,N20261122,2026-11-23T04:30:00Z,900,true,1.023095,0.867214,0.791212,0.954396
N20261122-S017,N20261122,2026-11-23T04:45:00Z,900,true,0.980056,0.926402,0.790038,0.933703
N20261122-S018,N20261122,2026-11-23T05:00:00Z,900,true,0.944089,0.841241,0.827501,0.963136
N20261122-S019,N20261122,2026-11-23T05:15:00Z,900,true,1.199665,0.781078,0.757075,0.982012
N20261122-S020,N20261122,2026-11-23T05:30:00Z,900,true,0.864665,0.968070,0.970382,0.885374
N20261122-S021,N20261122,2026-11-23T05:45:00Z,900,true,1.146316,0.929049,0.806656,0.914699
N20261122-S022,N20261122,2026-11-23T06:00:00Z,900,true,0.981356,0.837221,0.867615,0.908679
N20261122-S023,N20261122,2026-11-23T06:15:00Z,900,true,1.037010,0.807913,0.763227,0.894133
N20261122-S024,N20261122,2026-11-23T06:30:00Z,900,true,0.960857,0.955386,0.851554,0.919273
N20261122-S025,N20261122,2026-11-23T06:45:00Z,900,true,1.149660,0.851402,0.856079,0.947222
N20261122-S026,N20261122,2026-11-23T07:00:00Z,900,true,1.167473,0.779166,0.971925,0.905433
N20261122-S027,N20261122,2026-11-23T07:15:00Z,900,true,0.934060,0.842580,0.837962,0.950764
N20261122-S028,N20261122,2026-11-23T07:30:00Z,900,true,1.210669,0.902362,0.787095,0.966764
N20261122-S029,N20261122,2026-11-23T07:45:00Z,900,true,0.859804,0.783175,0.818165,0.886127
N20261122-S030,N20261122,2026-11-23T08:00:00Z,900,true,1.127269,0.954724,0.849338,0.878690
N20261123-S001,N20261123,2026-11-24T00:45:00Z,900,true,1.238431,0.914996,0.812612,0.974283
N20261123-S002,N20261123,2026-11-24T01:00:00Z,900,true,1.128988,0.786047,0.786703,0.884613
N20261123-S003,N20261123,2026-11-24T01:15:00Z,900,false,1.025039,0.918810,0.922386,0.976735
N20261123-S004,N20261123,2026-11-24T01:30:00Z,900,true,0.948477,0.785082,0.929355,0.929935
N20261123-S005,N20261123,2026-11-24T01:45:00Z,900,true,0.996868,0.797661,0.874320,0.953883
N20261123-S006,N20261123,2026-11-24T02:00:00Z,900,true,1.060378,0.883688,0.962778,0.937761
N20261123-S007,N20261123,2026-11-24T02:15:00Z,900,true,0.835797,0.785967,0.865807,0.959962
N20261123-S008,N20261123,2026-11-24T02:30:00Z,900,true,1.298707,0.775390,0.884972,0.936914
N20261123-S009,N20261123,2026-11-24T02:45:00Z,900,true,0.959731,0.929279,0.869676,0.915184
N20261123-S010,N20261123,2026-11-24T03:00:00Z,900,true,0.987342,0.911075,0.908312,0.906432
N20261123-S011,N20261123,2026-11-24T03:15:00Z,900,true,1.288900,0.795113,0.931390,0.954477
N20261123-S012,N20261123,2026-11-24T03:30:00Z,900,true,1.018085,0.968933,0.789460,0.964130
N20261123-S013,N20261123,2026-11-24T03:45:00Z,900,true,0.917768,0.808046,0.949873,0.975124
N20261123-S014,N20261123,2026-11-24T04:00:00Z,900,true,1.228062,0.779754,0.896150,0.968546
N20261123-S015,N20261123,2026-11-24T04:15:00Z,900,true,1.124480,0.801207,0.873035,0.967002
N20261123-S016,N20261123,2026-11-24T04:30:00Z,900,true,1.054811,0.782563,0.771089,0.945082
N20261123-S017,N20261123,2026-11-24T04:45:00Z,900,true,1.006508,0.900550,0.881995,0.880993
N20261123-S018,N20261123,2026-11-24T05:00:00Z,900,true,1.085493,0.877047,0.925657,0.948258
N20261123-S019,N20261123,2026-11-24T05:15:00Z,900,true,0.914134,0.939180,0.917904,0.874187
N20261123-S020,N20261123,2026-11-24T05:30:00Z,900,true,1.037412,0.966175,0.890825,0.918389
N20261123-S021,N20261123,2026-11-24T05:45:00Z,900,true,0.957009,0.882085,0.902599,0.875331
N20261123-S022,N20261123,2026-11-24T06:00:00Z,900,true,0.965764,0.921179,0.913941,0.958052
N20261123-S023,N20261123,2026-11-24T06:15:00Z,900,true,0.841235,0.906517,0.863024,0.879953
N20261123-S024,N20261123,2026-11-24T06:30:00Z,900,true,1.170128,0.772941,0.903504,0.940020
N20261123-S025,N20261123,2026-11-24T06:45:00Z,900,true,0.824129,0.951998,0.866518,0.964560
N20261123-S026,N20261123,2026-11-24T07:00:00Z,900,true,1.035864,0.964944,0.809131,0.892404
N20261123-S027,N20261123,2026-11-24T07:15:00Z,900,true,0.938372,0.903120,0.958349,0.947499
N20261123-S028,N20261123,2026-11-24T07:30:00Z,900,true,1.267902,0.805298,0.880523,0.918321
N20261123-S029,N20261123,2026-11-24T07:45:00Z,900,true,0.842479,0.893009,0.763582,0.900634
N20261123-S030,N20261123,2026-11-24T08:00:00Z,900,true,1.260729,0.908736,0.871129,0.970624
N20261124-S001,N20261124,2026-11-25T00:45:00Z,900,true,0.959459,0.898418,0.829601,0.957794
N20261124-S002,N20261124,2026-11-25T01:00:00Z,900,true,1.070034,0.975711,0.923827,0.887123
N20261124-S003,N20261124,2026-11-25T01:15:00Z,900,true,1.196034,0.780099,0.914665,0.893158
N20261124-S004,N20261124,2026-11-25T01:30:00Z,900,true,1.194755,0.905124,0.813712,0.954276
N20261124-S005,N20261124,2026-11-25T01:45:00Z,900,true,1.167107,0.936611,0.879733,0.900216
N20261124-S006,N20261124,2026-11-25T02:00:00Z,900,true,1.230289,0.813689,0.780358,0.898833
N20261124-S007,N20261124,2026-11-25T02:15:00Z,900,true,0.897915,0.833200,0.957250,0.934942
N20261124-S008,N20261124,2026-11-25T02:30:00Z,900,true,1.266072,0.975270,0.865628,0.937764
N20261124-S009,N20261124,2026-11-25T02:45:00Z,900,true,1.246224,0.891802,0.902862,0.944282
N20261124-S010,N20261124,2026-11-25T03:00:00Z,900,true,1.303627,0.775989,0.855819,0.969279
N20261124-S011,N20261124,2026-11-25T03:15:00Z,900,true,1.269185,0.816436,0.864440,0.967954
N20261124-S012,N20261124,2026-11-25T03:30:00Z,900,true,1.227398,0.883504,0.960962,0.893302
N20261124-S013,N20261124,2026-11-25T03:45:00Z,900,true,1.069740,0.888298,0.835056,0.951115
N20261124-S014,N20261124,2026-11-25T04:00:00Z,900,true,1.123322,0.797300,0.940218,0.892799
N20261124-S015,N20261124,2026-11-25T04:15:00Z,900,true,1.067359,0.954850,0.936114,0.899462
N20261124-S016,N20261124,2026-11-25T04:30:00Z,900,true,0.927448,0.870550,0.772689,0.874710
N20261124-S017,N20261124,2026-11-25T04:45:00Z,900,true,1.120755,0.880017,0.954823,0.980768
N20261124-S018,N20261124,2026-11-25T05:00:00Z,900,true,1.201234,0.890823,0.799476,0.897648
N20261124-S019,N20261124,2026-11-25T05:15:00Z,900,true,0.829918,0.803163,0.922623,0.975304
N20261124-S020,N20261124,2026-11-25T05:30:00Z,900,true,1.116023,0.917723,0.882086,0.958572
N20261124-S021,N20261124,2026-11-25T05:45:00Z,900,true,1.002475,0.897448,0.813343,0.906573
N20261124-S022,N20261124,2026-11-25T06:00:00Z,900,true,0.957660,0.887851,0.852759,0.901966
N20261124-S023,N20261124,2026-11-25T06:15:00Z,900,true,0.916852,0.944804,0.785910,0.971547
N20261124-S024,N20261124,2026-11-25T06:30:00Z,900,true,1.009664,0.800058,0.768626,0.962979
N20261124-S025,N20261124,2026-11-25T06:45:00Z,900,true,1.134247,0.911525,0.884498,0.958120
N20261124-S026,N20261124,2026-11-25T07:00:00Z,900,true,1.278176,0.826236,0.814641,0.918386
N20261124-S027,N20261124,2026-11-25T07:15:00Z,900,true,1.331157,0.969878,0.790269,0.949658
N20261124-S028,N20261124,2026-11-25T07:30:00Z,900,true,1.170639,0.855168,0.949751,0.894824
N20261124-S029,N20261124,2026-11-25T07:45:00Z,900,true,0.843664,0.883798,0.916850,0.894521
N20261124-S030,N20261124,2026-11-25T08:00:00Z,900,true,1.244831,0.840724,0.827315,0.887991
N20261125-S001,N20261125,2026-11-26T00:45:00Z,900,true,1.078678,0.950948,0.844317,0.887116
N20261125-S002,N20261125,2026-11-26T01:00:00Z,900,true,1.092963,0.944225,0.866372,0.910643
N20261125-S003,N20261125,2026-11-26T01:15:00Z,900,true,1.326438,0.816600,0.933834,0.963534
N20261125-S004,N20261125,2026-11-26T01:30:00Z,900,true,0.942073,0.837406,0.783866,0.902585
N20261125-S005,N20261125,2026-11-26T01:45:00Z,900,true,1.111425,0.791355,0.941405,0.962427
N20261125-S006,N20261125,2026-11-26T02:00:00Z,900,true,1.332240,0.969425,0.850517,0.897291
N20261125-S007,N20261125,2026-11-26T02:15:00Z,900,true,1.054037,0.900237,0.828062,0.875693
N20261125-S008,N20261125,2026-11-26T02:30:00Z,900,true,0.836439,0.802088,0.918399,0.982805
N20261125-S009,N20261125,2026-11-26T02:45:00Z,900,true,0.836485,0.773960,0.756460,0.916656
N20261125-S010,N20261125,2026-11-26T03:00:00Z,900,true,1.085608,0.855703,0.797332,0.945599
N20261125-S011,N20261125,2026-11-26T03:15:00Z,900,true,0.841222,0.924086,0.810619,0.914101
N20261125-S012,N20261125,2026-11-26T03:30:00Z,900,false,0.957544,0.828014,0.839574,0.924013
N20261125-S013,N20261125,2026-11-26T03:45:00Z,900,true,1.210002,0.848182,0.963706,0.927250
N20261125-S014,N20261125,2026-11-26T04:00:00Z,900,true,1.259241,0.882647,0.808171,0.939372
N20261125-S015,N20261125,2026-11-26T04:15:00Z,900,true,1.048170,0.945745,0.860387,0.909133
N20261125-S016,N20261125,2026-11-26T04:30:00Z,900,true,0.949472,0.903376,0.829883,0.983156
N20261125-S017,N20261125,2026-11-26T04:45:00Z,900,true,1.138076,0.847950,0.785634,0.950612
N20261125-S018,N20261125,2026-11-26T05:00:00Z,900,true,1.239253,0.897227,0.818165,0.920613
N20261125-S019,N20261125,2026-11-26T05:15:00Z,900,true,1.324793,0.867957,0.765454,0.905926
N20261125-S020,N20261125,2026-11-26T05:30:00Z,900,true,0.853813,0.877989,0.845336,0.955896
N20261125-S021,N20261125,2026-11-26T05:45:00Z,900,true,0.942256,0.939724,0.905258,0.920453
N20261125-S022,N20261125,2026-11-26T06:00:00Z,900,true,0.883109,0.779058,0.866020,0.929570
N20261125-S023,N20261125,2026-11-26T06:15:00Z,900,true,1.223800,0.782784,0.838237,0.954620
N20261125-S024,N20261125,2026-11-26T06:30:00Z,900,true,1.061884,0.914019,0.895441,0.974339
N20261125-S025,N20261125,2026-11-26T06:45:00Z,900,true,0.992592,0.777642,0.855427,0.898201
N20261125-S026,N20261125,2026-11-26T07:00:00Z,900,true,0.849343,0.874896,0.884979,0.976608
N20261125-S027,N20261125,2026-11-26T07:15:00Z,900,true,0.925759,0.926108,0.947799,0.937788
N20261125-S028,N20261125,2026-11-26T07:30:00Z,900,false,1.289412,0.890604,0.764914,0.930121
N20261125-S029,N20261125,2026-11-26T07:45:00Z,900,true,0.856824,0.912444,0.843889,0.882444
N20261125-S030,N20261125,2026-11-26T08:00:00Z,900,true,0.986694,0.981227,0.828465,0.937249
N20261126-S001,N20261126,2026-11-27T00:45:00Z,900,true,1.553500,0.478251,0.720703,0.800955
N20261126-S002,N20261126,2026-11-27T01:00:00Z,900,false,1.709974,0.536503,0.619982,0.919246
N20261126-S003,N20261126,2026-11-27T01:15:00Z,900,true,1.538179,0.798069,0.522850,0.776071
N20261126-S004,N20261126,2026-11-27T01:30:00Z,900,true,1.286196,0.660136,0.559969,0.806970
N20261126-S005,N20261126,2026-11-27T01:45:00Z,900,true,1.328734,0.708678,0.454485,0.926393
N20261126-S006,N20261126,2026-11-27T02:00:00Z,900,true,1.273770,0.494550,0.473219,0.818140
N20261126-S007,N20261126,2026-11-27T02:15:00Z,900,true,1.364808,0.705468,0.473036,0.801873
N20261126-S008,N20261126,2026-11-27T02:30:00Z,900,true,1.136342,0.487323,0.526417,0.899694
N20261126-S009,N20261126,2026-11-27T02:45:00Z,900,true,1.555868,0.575702,0.681260,0.782533
N20261126-S010,N20261126,2026-11-27T03:00:00Z,900,true,1.722879,0.753005,0.583656,0.844862
N20261126-S011,N20261126,2026-11-27T03:15:00Z,900,true,1.492176,0.757407,0.595761,0.873294
N20261126-S012,N20261126,2026-11-27T03:30:00Z,900,false,1.186181,0.675004,0.800997,0.797068
N20261126-S013,N20261126,2026-11-27T03:45:00Z,900,true,1.189136,0.754185,0.617910,0.809426
N20261126-S014,N20261126,2026-11-27T04:00:00Z,900,true,1.252253,0.574693,0.501449,0.831161
N20261126-S015,N20261126,2026-11-27T04:15:00Z,900,true,1.492296,0.712097,0.677343,0.837296
N20261126-S016,N20261126,2026-11-27T04:30:00Z,900,true,1.543176,0.524130,0.519374,0.846743
N20261126-S017,N20261126,2026-11-27T04:45:00Z,900,true,1.790845,0.717613,0.577210,0.865022
N20261126-S018,N20261126,2026-11-27T05:00:00Z,900,true,1.781992,0.608415,0.719127,0.832582
N20261126-S019,N20261126,2026-11-27T05:15:00Z,900,true,1.861869,0.741731,0.520749,0.855927
N20261126-S020,N20261126,2026-11-27T05:30:00Z,900,true,1.482161,0.552816,0.808430,0.877615
N20261126-S021,N20261126,2026-11-27T05:45:00Z,900,true,1.748930,0.718069,0.734789,0.774037
N20261126-S022,N20261126,2026-11-27T06:00:00Z,900,true,1.766768,0.613366,0.485955,0.909709
N20261126-S023,N20261126,2026-11-27T06:15:00Z,900,true,1.337024,0.509703,0.475593,0.908187
N20261126-S024,N20261126,2026-11-27T06:30:00Z,900,true,1.482606,0.651331,0.651201,0.896355
N20261126-S025,N20261126,2026-11-27T06:45:00Z,900,true,1.628791,0.776047,0.723578,0.847480
N20261126-S026,N20261126,2026-11-27T07:00:00Z,900,true,1.536417,0.759660,0.658579,0.783012
N20261126-S027,N20261126,2026-11-27T07:15:00Z,900,true,1.247445,0.509467,0.509969,0.869656
N20261126-S028,N20261126,2026-11-27T07:30:00Z,900,true,1.357888,0.573927,0.694123,0.903045
N20261126-S029,N20261126,2026-11-27T07:45:00Z,900,true,1.417811,0.710246,0.557456,0.818191
N20261126-S030,N20261126,2026-11-27T08:00:00Z,900,true,1.677711,0.503393,0.550993,0.782144
N20261127-S001,N20261127,2026-11-28T00:45:00Z,900,true,0.887098,0.881747,0.827456,0.931846
N20261127-S002,N20261127,2026-11-28T01:00:00Z,900,true,1.090827,0.847590,0.752060,0.903704
N20261127-S003,N20261127,2026-11-28T01:15:00Z,900,true,0.964316,0.870769,0.954248,0.962147
N20261127-S004,N20261127,2026-11-28T01:30:00Z,900,true,1.195346,0.927340,0.891595,0.875443
N20261127-S005,N20261127,2026-11-28T01:45:00Z,900,true,1.329609,0.899568,0.897506,0.885246
N20261127-S006,N20261127,2026-11-28T02:00:00Z,900,true,1.058311,0.835957,0.923051,0.910481
N20261127-S007,N20261127,2026-11-28T02:15:00Z,900,true,1.011212,0.926735,0.945884,0.909279
N20261127-S008,N20261127,2026-11-28T02:30:00Z,900,true,0.947988,0.782673,0.861113,0.897504
N20261127-S009,N20261127,2026-11-28T02:45:00Z,900,true,0.983874,0.966195,0.812754,0.971840
N20261127-S010,N20261127,2026-11-28T03:00:00Z,900,true,0.834101,0.950997,0.844207,0.920894
N20261127-S011,N20261127,2026-11-28T03:15:00Z,900,true,1.153696,0.840485,0.947653,0.918041
N20261127-S012,N20261127,2026-11-28T03:30:00Z,900,true,1.022138,0.817285,0.970286,0.878251
N20261127-S013,N20261127,2026-11-28T03:45:00Z,900,true,1.321596,0.861856,0.901448,0.982623
N20261127-S014,N20261127,2026-11-28T04:00:00Z,900,true,1.315686,0.834493,0.866233,0.900990
N20261127-S015,N20261127,2026-11-28T04:15:00Z,900,true,1.109439,0.979749,0.869182,0.967398
N20261127-S016,N20261127,2026-11-28T04:30:00Z,900,true,1.176722,0.804586,0.819640,0.897212
N20261127-S017,N20261127,2026-11-28T04:45:00Z,900,true,1.127237,0.869644,0.901539,0.923577
N20261127-S018,N20261127,2026-11-28T05:00:00Z,900,true,1.305338,0.951522,0.944762,0.927900
N20261127-S019,N20261127,2026-11-28T05:15:00Z,900,true,1.277666,0.976846,0.893065,0.878146
N20261127-S020,N20261127,2026-11-28T05:30:00Z,900,true,0.831123,0.883309,0.828599,0.933726
N20261127-S021,N20261127,2026-11-28T05:45:00Z,900,true,1.209271,0.825525,0.769645,0.983686
N20261127-S022,N20261127,2026-11-28T06:00:00Z,900,true,1.150565,0.867320,0.768573,0.890415
N20261127-S023,N20261127,2026-11-28T06:15:00Z,900,true,0.898975,0.821141,0.966964,0.880207
N20261127-S024,N20261127,2026-11-28T06:30:00Z,900,false,0.850665,0.955514,0.876997,0.897254
N20261127-S025,N20261127,2026-11-28T06:45:00Z,900,true,0.883164,0.903312,0.891398,0.904598
N20261127-S026,N20261127,2026-11-28T07:00:00Z,900,true,1.109932,0.918567,0.841442,0.880374
N20261127-S027,N20261127,2026-11-28T07:15:00Z,900,true,0.843257,0.961507,0.799752,0.924127
N20261127-S028,N20261127,2026-11-28T07:30:00Z,900,true,1.261319,0.948181,0.965293,0.923597
N20261127-S029,N20261127,2026-11-28T07:45:00Z,900,true,0.842104,0.915928,0.870596,0.897173
N20261127-S030,N20261127,2026-11-28T08:00:00Z,900,true,1.215680,0.833614,0.932152,0.906078
N20261128-S001,N20261128,2026-11-29T00:45:00Z,900,true,0.971867,0.936230,0.887484,0.974516
N20261128-S002,N20261128,2026-11-29T01:00:00Z,900,true,0.951778,0.857858,0.939851,0.974785
N20261128-S003,N20261128,2026-11-29T01:15:00Z,900,true,1.027399,0.977852,0.971327,0.893303
N20261128-S004,N20261128,2026-11-29T01:30:00Z,900,true,1.198295,0.909378,0.904217,0.922896
N20261128-S005,N20261128,2026-11-29T01:45:00Z,900,true,1.083092,0.953570,0.785654,0.928607
N20261128-S006,N20261128,2026-11-29T02:00:00Z,900,true,1.142550,0.888678,0.902192,0.923217
N20261128-S007,N20261128,2026-11-29T02:15:00Z,900,true,1.166560,0.951182,0.891166,0.913437
N20261128-S008,N20261128,2026-11-29T02:30:00Z,900,true,1.289702,0.924155,0.829760,0.901619
N20261128-S009,N20261128,2026-11-29T02:45:00Z,900,true,1.160083,0.920873,0.779660,0.947010
N20261128-S010,N20261128,2026-11-29T03:00:00Z,900,true,1.320987,0.776503,0.891315,0.887933
N20261128-S011,N20261128,2026-11-29T03:15:00Z,900,true,1.277207,0.914475,0.768249,0.981447
N20261128-S012,N20261128,2026-11-29T03:30:00Z,900,true,1.264042,0.878303,0.919622,0.887467
N20261128-S013,N20261128,2026-11-29T03:45:00Z,900,true,1.104458,0.936306,0.799569,0.909945
N20261128-S014,N20261128,2026-11-29T04:00:00Z,900,true,0.937149,0.941964,0.818281,0.938986
N20261128-S015,N20261128,2026-11-29T04:15:00Z,900,true,1.170172,0.927816,0.949016,0.943312
N20261128-S016,N20261128,2026-11-29T04:30:00Z,900,true,0.830366,0.942754,0.867681,0.898218
N20261128-S017,N20261128,2026-11-29T04:45:00Z,900,true,1.080446,0.870267,0.963475,0.951778
N20261128-S018,N20261128,2026-11-29T05:00:00Z,900,true,0.895919,0.881268,0.757910,0.937108
N20261128-S019,N20261128,2026-11-29T05:15:00Z,900,true,0.922888,0.909263,0.894684,0.927559
N20261128-S020,N20261128,2026-11-29T05:30:00Z,900,true,0.821490,0.894167,0.879254,0.957860
N20261128-S021,N20261128,2026-11-29T05:45:00Z,900,true,0.906237,0.821339,0.886308,0.957796
N20261128-S022,N20261128,2026-11-29T06:00:00Z,900,true,1.072768,0.787700,0.774832,0.889473
N20261128-S023,N20261128,2026-11-29T06:15:00Z,900,false,0.983908,0.837504,0.906758,0.891462
N20261128-S024,N20261128,2026-11-29T06:30:00Z,900,true,1.165941,0.892106,0.793763,0.912766
N20261128-S025,N20261128,2026-11-29T06:45:00Z,900,true,0.931057,0.885296,0.849169,0.952097
N20261128-S026,N20261128,2026-11-29T07:00:00Z,900,true,0.922862,0.880416,0.840831,0.935257
N20261128-S027,N20261128,2026-11-29T07:15:00Z,900,true,0.833784,0.831453,0.840781,0.960415
N20261128-S028,N20261128,2026-11-29T07:30:00Z,900,true,1.282787,0.846850,0.891220,0.983687
N20261128-S029,N20261128,2026-11-29T07:45:00Z,900,true,1.279315,0.978052,0.919265,0.968220
N20261128-S030,N20261128,2026-11-29T08:00:00Z,900,true,1.070830,0.887024,0.791092,0.981941
N20261129-S001,N20261129,2026-11-30T00:45:00Z,900,true,1.827043,0.726038,0.592418,0.836929
N20261129-S002,N20261129,2026-11-30T01:00:00Z,900,true,1.387989,0.663231,0.692231,0.779266
N20261129-S003,N20261129,2026-11-30T01:15:00Z,900,true,1.371129,0.578726,0.657626,0.784327
N20261129-S004,N20261129,2026-11-30T01:30:00Z,900,true,1.629116,0.526645,0.634265,0.806207
N20261129-S005,N20261129,2026-11-30T01:45:00Z,900,true,1.753770,0.586001,0.529971,0.828675
N20261129-S006,N20261129,2026-11-30T02:00:00Z,900,true,1.774952,0.731189,0.576128,0.802849
N20261129-S007,N20261129,2026-11-30T02:15:00Z,900,true,1.213086,0.768994,0.476351,0.795746
N20261129-S008,N20261129,2026-11-30T02:30:00Z,900,true,1.201963,0.594845,0.465183,0.903211
N20261129-S009,N20261129,2026-11-30T02:45:00Z,900,true,1.304292,0.629792,0.486492,0.875272
N20261129-S010,N20261129,2026-11-30T03:00:00Z,900,true,1.812021,0.553217,0.715561,0.923505
N20261129-S011,N20261129,2026-11-30T03:15:00Z,900,true,1.757960,0.737607,0.710622,0.873719
N20261129-S012,N20261129,2026-11-30T03:30:00Z,900,true,1.199476,0.652188,0.514993,0.886844
N20261129-S013,N20261129,2026-11-30T03:45:00Z,900,true,1.705661,0.654973,0.591227,0.816289
N20261129-S014,N20261129,2026-11-30T04:00:00Z,900,true,1.288110,0.693352,0.761381,0.883729
N20261129-S015,N20261129,2026-11-30T04:15:00Z,900,true,1.384331,0.662926,0.717817,0.830631
N20261129-S016,N20261129,2026-11-30T04:30:00Z,900,true,1.195612,0.700908,0.644950,0.869360
N20261129-S017,N20261129,2026-11-30T04:45:00Z,900,true,1.561452,0.663782,0.740909,0.828914
N20261129-S018,N20261129,2026-11-30T05:00:00Z,900,true,1.276532,0.741467,0.657717,0.891794
N20261129-S019,N20261129,2026-11-30T05:15:00Z,900,true,1.739993,0.769098,0.784086,0.807467
N20261129-S020,N20261129,2026-11-30T05:30:00Z,900,true,1.234807,0.692073,0.743945,0.801017
N20261129-S021,N20261129,2026-11-30T05:45:00Z,900,true,1.784610,0.722190,0.556457,0.870712
N20261129-S022,N20261129,2026-11-30T06:00:00Z,900,true,1.769279,0.555147,0.598324,0.849639
N20261129-S023,N20261129,2026-11-30T06:15:00Z,900,true,1.673664,0.621098,0.588104,0.860885
N20261129-S024,N20261129,2026-11-30T06:30:00Z,900,true,1.605360,0.481214,0.750493,0.864937
N20261129-S025,N20261129,2026-11-30T06:45:00Z,900,true,1.609041,0.531869,0.615810,0.817160
N20261129-S026,N20261129,2026-11-30T07:00:00Z,900,true,1.831684,0.590089,0.633570,0.931499
N20261129-S027,N20261129,2026-11-30T07:15:00Z,900,true,1.240666,0.628757,0.711401,0.928112
N20261129-S028,N20261129,2026-11-30T07:30:00Z,900,true,1.397022,0.596804,0.476936,0.784969
N20261129-S029,N20261129,2026-11-30T07:45:00Z,900,true,1.282509,0.700856,0.727073,0.891806
N20261129-S030,N20261129,2026-11-30T08:00:00Z,900,true,1.608210,0.612837,0.790651,0.875600
N20261130-S001,N20261130,2026-12-01T00:45:00Z,900,true,1.318115,0.942417,0.919936,0.938274
N20261130-S002,N20261130,2026-12-01T01:00:00Z,900,true,1.096403,0.820067,0.967397,0.915665
N20261130-S003,N20261130,2026-12-01T01:15:00Z,900,true,0.872860,0.785735,0.865491,0.970668
N20261130-S004,N20261130,2026-12-01T01:30:00Z,900,true,0.861994,0.925577,0.760202,0.875602
N20261130-S005,N20261130,2026-12-01T01:45:00Z,900,true,1.199540,0.788607,0.921296,0.903603
N20261130-S006,N20261130,2026-12-01T02:00:00Z,900,true,1.075435,0.858645,0.863116,0.874997
N20261130-S007,N20261130,2026-12-01T02:15:00Z,900,false,0.847331,0.832631,0.805153,0.932688
N20261130-S008,N20261130,2026-12-01T02:30:00Z,900,true,1.267321,0.960237,0.780478,0.948250
N20261130-S009,N20261130,2026-12-01T02:45:00Z,900,false,1.197218,0.933341,0.910413,0.907555
N20261130-S010,N20261130,2026-12-01T03:00:00Z,900,true,1.038917,0.843831,0.886471,0.877893
N20261130-S011,N20261130,2026-12-01T03:15:00Z,900,true,1.143666,0.977804,0.964476,0.916508
N20261130-S012,N20261130,2026-12-01T03:30:00Z,900,true,0.924128,0.938243,0.795843,0.890070
N20261130-S013,N20261130,2026-12-01T03:45:00Z,900,true,0.947786,0.864240,0.834340,0.982691
N20261130-S014,N20261130,2026-12-01T04:00:00Z,900,true,0.996717,0.943081,0.832076,0.879625
N20261130-S015,N20261130,2026-12-01T04:15:00Z,900,true,0.827418,0.858500,0.781770,0.973195
N20261130-S016,N20261130,2026-12-01T04:30:00Z,900,true,1.183841,0.818956,0.880339,0.977327
N20261130-S017,N20261130,2026-12-01T04:45:00Z,900,true,1.056443,0.939617,0.802243,0.921530
N20261130-S018,N20261130,2026-12-01T05:00:00Z,900,true,0.841860,0.808726,0.883407,0.903059
N20261130-S019,N20261130,2026-12-01T05:15:00Z,900,true,1.008236,0.957517,0.835230,0.895447
N20261130-S020,N20261130,2026-12-01T05:30:00Z,900,true,1.320591,0.923053,0.850260,0.900977
N20261130-S021,N20261130,2026-12-01T05:45:00Z,900,true,1.258499,0.774914,0.752036,0.929717
N20261130-S022,N20261130,2026-12-01T06:00:00Z,900,true,0.898142,0.845500,0.854960,0.883136
N20261130-S023,N20261130,2026-12-01T06:15:00Z,900,true,1.162206,0.896060,0.856722,0.911094
N20261130-S024,N20261130,2026-12-01T06:30:00Z,900,true,1.294212,0.870430,0.767636,0.944506
N20261130-S025,N20261130,2026-12-01T06:45:00Z,900,true,0.886588,0.940252,0.913366,0.898821
N20261130-S026,N20261130,2026-12-01T07:00:00Z,900,true,0.918422,0.886295,0.913137,0.929213
N20261130-S027,N20261130,2026-12-01T07:15:00Z,900,true,0.899911,0.924240,0.812670,0.927473
N20261130-S028,N20261130,2026-12-01T07:30:00Z,900,true,0.854641,0.877644,0.886891,0.936095
N20261130-S029,N20261130,2026-12-01T07:45:00Z,900,true,0.855159,0.935698,0.933628,0.929257
N20261130-S030,N20261130,2026-12-01T08:00:00Z,900,true,1.243134,0.943035,0.818069,0.915003
