slot_id,night_id,timestamp_utc,duration_seconds,is_observable,seeing_arcsec,transparency,sky_quality,instrument_efficiency
N20261018-S001,N20261018,2026-10-19T00:15:00Z,900,true,1.135211,0.894966,0.745687,0.954523
N20261018-S002,N20261018,2026-10-19T00:30:00Z,900,true,0.954613,0.860726,0.765887,0.968499
N20261018-S003,N20261018,2026-10-19T00:45:00Z,900,true,0.996151,0.752888,0.838616,0.938176
N20261018-S004,N20261018,2026-10-19T01:00:00Z,900,true,1.347777,0.772646,0.818414,0.873589
N20261018-S005,N20261018,2026-10-19T01:15:00Z,900,true,1.268764,0.808596,0.914647,0.972880
N20261018-S006,N20261018,2026-10-19T01:30:00Z,900,true,1.358679,0.842775,0.761833,0.967477
N20261018-S007,N20261018,2026-10-19T01:45:00Z,900,true,1.007211,0.903511,0.919159,0.870540
N20261018-S008,N20261018,2026-10-19T02:00:00Z,900,true,1.084229,0.831369,0.825208,0.874846
N20261018-S009,N20261018,2026-10-19T02:15:00Z,900,true,1.256101,0.767792,0.933523,0.948753
N20261018-S010,N20261018,2026-10-19T02:30:00Z,900,false,1.039595,0.918815,0.750606,0.943586
N20261018-S011,N20261018,2026-10-19T02:45:00Z,900,true,0.844300,0.888568,0.894487,0.971843
N20261018-S012,N20261018,2026-10-19T03:00:00Z,900,true,0.943356,0.751544,0.900463,0.960683
N20261018-S013,N20261018,2026-10-19T03:15:00Z,900,true,1.257072,0.770100,0.808638,0.887031
N20261018-S014,N20261018,2026-10-19T03:30:00Z,900,true,0.968004,0.949296,0.740535,0.896379
N20261018-S015,N20261018,2026-10-19T03:45:00Z,900,true,1.155136,0.939990,0.801167,0.919806
N20261018-S016,N20261018,2026-10-19T04:00:00Z,900,true,1.166800,0.852704,0.797808,0.871801
N20261018-S017,N20261018,2026-10-19T04:15:00Z,900,true,1.315715,0.763537,0.766258,0.958068
N20261018-S018,N20261018,2026-10-19T04:30:00Z,900,true,1.133865,0.872888,0.853846,0.948480
N20261018-S019,N20261018,2026-10-19T04:45:00Z,900,true,1.223240,0.791890,0.923575,0.879407
N20261018-S020,N20261018,2026-10-19T05:00:00Z,900,true,1.280198,0.833608,0.845499,0.972114
N20261018-S021,N20261018,2026-10-19T05:15:00Z,900,true,0.879517,0.811020,0.879067,0.882730
N20261018-S022,N20261018,2026-10-19T05:30:00Z,900,true,0.900563,0.812508,0.809154,0.939793
N20261018-S023,N20261018,2026-10-19T05:45:00Z,900,true,1.301055,0.929499,0.934524,0.885021
N20261018-S024,N20261018,2026-10-19T06:00:00Z,900,true,1.067179,0.742063,0.787315,0.965045
N20261018-S025,N20261018,2026-10-19T06:15:00Z,900,true,1.213134,0.894815,0.762570,0.897146
N20261018-S026,N20261018,2026-10-19T06:30:00Z,900,true,0.852481,0.814315,0.768611,0.939703
N20261018-S027,N20261018,2026-10-19T06:45:00Z,900,true,0.956712,0.748776,0.730149,0.908182
N20261018-S028,N20261018,2026-10-19T07:00:00Z,900,true,1.221379,0.855003,0.860271,0.882780
N20261018-S029,N20261018,2026-10-19T07:15:00Z,900,true,1.030926,0.784416,0.877931,0.929391
N20261018-S030,N20261018,2026-10-19T07:30:00Z,900,true,1.279609,0.885769,0.817786,0.893589
N20261018-S031,N20261018,2026-10-19T07:45:00Z,900,true,0.879891,0.903023,0.890104,0.958595
N20261018-S032,N20261018,2026-10-19T08:00:00Z,900,true,1.179510,0.767379,0.922604,0.919827
N20261018-S033,N20261018,2026-10-19T08:15:00Z,900,true,0.976152,0.767244,0.765231,0.888833
N20261018-S034,N20261018,2026-10-19T08:30:00Z,900,true,1.261173,0.940122,0.903460,0.889273
N20261019-S001,N20261019,2026-10-20T00:15:00Z,900,true,1.286891,0.791385,0.727426,0.941284
N20261019-S002,N20261019,2026-10-20T00:30:00Z,900,true,1.271420,0.934750,0.912545,0.900792
N20261019-S003,N20261019,2026-10-20T00:45:00Z,900,true,0.934139,0.910891,0.824602,0.908786
N20261019-S004,N20261019,2026-10-20T01:00:00Z,900,true,1.202033,0.811776,0.785932,0.912626
N20261019-S005,N20261019,2026-10-20T01:15:00Z,900,true,1.319003,0.828858,0.824589,0.953127
N20261019-S006,N20261019,2026-10-20T01:30:00Z,900,true,1.158552,0.860575,0.758380,0.946730
N20261019-S007,N20261019,2026-10-20T01:45:00Z,900,true,0.964803,0.835848,0.759116,0.963441
N20261019-S008,N20261019,2026-10-20T02:00:00Z,900,true,1.116033,0.853851,0.816285,0.914690
N20261019-S009,N20261019,2026-10-20T02:15:00Z,900,true,0.935223,0.817165,0.894929,0.883182
N20261019-S010,N20261019,2026-10-20T02:30:00Z,900,true,1.076729,0.756918,0.920448,0.909868
N20261019-S011,N20261019,2026-10-20T02:45:00Z,900,true,1.100581,0.740730,0.899064,0.937898
N20261019-S012,N20261019,2026-10-20T03:00:00Z,900,true,1.020164,0.905353,0.914234,0.874100
N20261019-S013,N20261019,2026-10-20T03:15:00Z,900,true,1.025208,0.748394,0.733990,0.971042
N20261019-S014,N20261019,2026-10-20T03:30:00Z,900,true,0.957337,0.858495,0.801593,0.882577
N20261019-S015,N20261019,2026-10-20T03:45:00Z,900,true,1.002123,0.899142,0.930577,0.916176
N20261019-S016,N20261019,2026-10-20T04:00:00Z,900,true,1.072261,0.763914,0.772637,0.944420
N20261019-S017,N20261019,2026-10-20T04:15:00Z,900,true,1.276731,0.833270,0.874238,0.914093
N20261019-S018,N20261019,2026-10-20T04:30:00Z,900,true,1.158072,0.858767,0.860843,0.936188
N20261019-S019,N20261019,2026-10-20T04:45:00Z,900,true,1.033466,0.849561,0.762488,0.879914
N20261019-S020,N20261019,2026-10-20T05:00:00Z,900,false,0.910283,0.925853,0.794464,0.941162
N20261019-S021,N20261019,2026-10-20T05:15:00Z,900,true,1.137697,0.901884,0.805315,0.905664
N20261019-S022,N20261019,2026-10-20T05:30:00Z,900,true,1.076968,0.779300,0.761820,0.972764
N20261019-S023,N20261019,2026-10-20T05:45:00Z,900,true,0.953370,0.762728,0.836853,0.923871
N20261019-S024,N20261019,2026-10-20T06:00:00Z,900,true,1.198024,0.846120,0.893344,0.904252
N20261019-S025,N20261019,2026-10-20T06:15:00Z,900,true,0.897529,0.797900,0.854307,0.921568
N20261019-S026,N20261019,2026-10-20T06:30:00Z,900,true,0.991445,0.854489,0.912090,0.953584
N20261019-S027,N20261019,2026-10-20T06:45:00Z,900,true,1.305467,0.904055,0.927034,0.948067
N20261019-S028,N20261019,2026-10-20T07:00:00Z,900,true,1.298985,0.812461,0.732427,0.888340
N20261019-S029,N20261019,2026-10-20T07:15:00Z,900,true,0.985934,0.810254,0.795648,0.934254
N20261019-S030,N20261019,2026-10-20T07:30:00Z,900,true,0.965955,0.864518,0.938605,0.930694
N20261019-S031,N20261019,2026-10-20T07:45:00Z,900,true,0.884526,0.824677,0.753000,0.975715
N20261019-S032,N20261019,2026-10-20T08:00:00Z,900,true,1.125940,0.920699,0.754447,0.970619
N20261019-S033,N20261019,2026-10-20T08:15:00Z,900,true,0.956212,0.746661,0.827679,0.953126
N20261020-S001,N20261020,2026-10-21T00:15:00Z,900,true,1.692738,0.365493,0.476861,0.821866
N20261020-S002,N20261020,2026-10-21T00:30:00Z,900,true,2.192976,0.212236,0.286557,0.726164
N20261020-S003,N20261020,2026-10-21T00:45:00Z,900,true,2.324333,0.337786,0.445793,0.700386
N20261020-S004,N20261020,2026-10-21T01:00:00Z,900,true,2.330785,0.229600,0.238064,0.782658
N20261020-S005,N20261020,2026-10-21T01:15:00Z,900,true,1.813257,0.522609,0.518336,0.780600
N20261020-S006,N20261020,2026-10-21T01:30:00Z,900,true,2.466392,0.488514,0.303603,0.715091
N20261020-S007,N20261020,2026-10-21T01:45:00Z,900,true,2.424858,0.419853,0.195027,0.700442
N20261020-S008,N20261020,2026-10-21T02:00:00Z,900,false,2.273858,0.268636,0.397887,0.802597
N20261020-S009,N20261020,2026-10-21T02:15:00Z,900,true,1.799534,0.232082,0.265790,0.627284
N20261020-S010,N20261020,2026-10-21T02:30:00Z,900,true,2.555189,0.318507,0.311093,0.836455
N20261020-S011,N20261020,2026-10-21T02:45:00Z,900,true,2.402714,0.223712,0.434740,0.714533
N20261020-S012,N20261020,2026-10-21T03:00:00Z,900,false,2.581175,0.178052,0.438184,0.841713
N20261020-S013,N20261020,2026-10-21T03:15:00Z,900,false,1.832839,0.526209,0.300388,0.763253
N20261020-S014,N20261020,2026-10-21T03:30:00Z,900,false,2.066554,0.366434,0.167866,0.690485
N20261020-S015,N20261020,2026-10-21T03:45:00Z,900,true,1.697440,0.454082,0.324979,0.829549
N20261020-S016,N20261020,2026-10-21T04:00:00Z,900,true,2.502359,0.372880,0.274851,0.809704
N20261020-S017,N20261020,2026-10-21T04:15:00Z,900,true,1.781469,0.336266,0.354516,0.630710
N20261020-S018,N20261020,2026-10-21T04:30:00Z,900,true,2.264810,0.409846,0.162772,0.765544
N20261020-S019,N20261020,2026-10-21T04:45:00Z,900,true,1.662083,0.505738,0.315981,0.813413
N20261020-S020,N20261020,2026-10-21T05:00:00Z,900,true,2.179733,0.504600,0.542790,0.815057
N20261020-S021,N20261020,2026-10-21T05:15:00Z,900,true,2.469013,0.216009,0.459178,0.657718
N20261020-S022,N20261020,2026-10-21T05:30:00Z,900,true,2.408991,0.359098,0.525981,0.772872
N20261020-S023,N20261020,2026-10-21T05:45:00Z,900,true,1.702430,0.327062,0.436404,0.790143
N20261020-S024,N20261020,2026-10-21T06:00:00Z,900,true,2.489813,0.204705,0.578590,0.819287
N20261020-S025,N20261020,2026-10-21T06:15:00Z,900,true,1.874088,0.262942,0.491282,0.656967
N20261020-S026,N20261020,2026-10-21T06:30:00Z,900,false,2.192590,0.251021,0.177564,0.832700
N20261020-S027,N20261020,2026-10-21T06:45:00Z,900,true,2.504249,0.356703,0.525081,0.707842
N20261020-S028,N20261020,2026-10-21T07:00:00Z,900,true,2.314600,0.385912,0.171252,0.795926
N20261020-S029,N20261020,2026-10-21T07:15:00Z,900,true,1.615647,0.495127,0.317115,0.765522
N20261020-S030,N20261020,2026-10-21T07:30:00Z,900,true,2.007758,0.443588,0.410187,0.658727
N20261020-S031,N20261020,2026-10-21T07:45:00Z,900,true,2.078737,0.467633,0.296005,0.774833
N20261020-S032,N20261020,2026-10-21T08:00:00Z,900,true,1.960370,0.483466,0.426546,0.649319
N20261020-S033,N20261020,2026-10-21T08:15:00Z,900,true,1.615708,0.343718,0.310324,0.751494
N20261021-S001,N20261021,2026-10-22T00:15:00Z,900,true,1.089336,0.804849,0.842098,0.961491
N20261021-S002,N20261021,2026-10-22T00:30:00Z,900,false,1.227812,0.760455,0.824445,0.908575
N20261021-S003,N20261021,2026-10-22T00:45:00Z,900,true,0.875496,0.788557,0.920193,0.878453
N20261021-S004,N20261021,2026-10-22T01:00:00Z,900,true,1.008368,0.763993,0.878298,0.946310
N20261021-S005,N20261021,2026-10-22T01:15:00Z,900,true,0.878025,0.947882,0.933291,0.955496
N20261021-S006,N20261021,2026-10-22T01:30:00Z,900,true,1.037414,0.906338,0.798395,0.875307
N20261021-S007,N20261021,2026-10-22T01:45:00Z,900,true,1.237615,0.765955,0.777227,0.933745
N20261021-S008,N20261021,2026-10-22T02:00:00Z,900,true,1.164282,0.854805,0.929417,0.978417
N20261021-S009,N20261021,2026-10-22T02:15:00Z,900,true,1.126618,0.764536,0.823700,0.968036
N20261021-S010,N20261021,2026-10-22T02:30:00Z,900,true,1.320096,0.935786,0.798916,0.974396
N20261021-S011,N20261021,2026-10-22T02:45:00Z,900,true,1.306118,0.821368,0.741417,0.885014
N20261021-S012,N20261021,2026-10-22T03:00:00Z,900,true,1.107880,0.827934,0.864632,0.945928
N20261021-S013,N20261021,2026-10-22T03:15:00Z,900,true,1.211540,0.916248,0.919697,0.910692
N20261021-S014,N20261021,2026-10-22T03:30:00Z,900,true,1.300622,0.879586,0.905046,0.946274
N20261021-S015,N20261021,2026-10-22T03:45:00Z,900,true,0.930197,0.804890,0.731109,0.963381
N20261021-S016,N20261021,2026-10-22T04:00:00Z,900,true,1.096691,0.899071,0.921512,0.879443
N20261021-S017,N20261021,2026-10-22T04:15:00Z,900,true,0.846691,0.819464,0.756726,0.873810
N20261021-S018,N20261021,2026-10-22T04:30:00Z,900,true,1.019041,0.774621,0.888430,0.926827
N20261021-S019,N20261021,2026-10-22T04:45:00Z,900,true,0.965861,0.882067,0.726560,0.909191
N20261021-S020,N20261021,2026-10-22T05:00:00Z,900,true,1.056832,0.924438,0.767985,0.911514
N20261021-S021,N20261021,2026-10-22T05:15:00Z,900,true,1.355533,0.891133,0.922366,0.922266
N20261021-S022,N20261021,2026-10-22T05:30:00Z,900,true,0.906962,0.904338,0.848506,0.969804
N20261021-S023,N20261021,2026-10-22T05:45:00Z,900,true,1.220564,0.816051,0.871306,0.903344
N20261021-S024,N20261021,2026-10-22T06:00:00Z,900,true,1.120509,0.849135,0.734204,0.978013
N20261021-S025,N20261021,2026-10-22T06:15:00Z,900,true,1.322674,0.872193,0.863607,0.930015
N20261021-S026,N20261021,2026-10-22T06:30:00Z,900,true,1.093705,0.850690,0.744580,0.962938
N20261021-S027,N20261021,2026-10-22T06:45:00Z,900,true,1.201580,0.912260,0.724151,0.975087
N20261021-S028,N20261021,2026-10-22T07:00:00Z,900,true,1.212402,0.932319,0.861463,0.951256
N20261021-S029,N20261021,2026-10-22T07:15:00Z,900,true,1.261999,0.881402,0.920188,0.926824
N20261021-S030,N20261021,2026-10-22T07:30:00Z,900,true,0.969979,0.756718,0.814923,0.936286
N20261021-S031,N20261021,2026-10-22T07:45:00Z,900,true,1.094923,0.828381,0.887708,0.930165
N20261021-S032,N20261021,2026-10-22T08:00:00Z,900,true,1.060910,0.908645,0.866064,0.880779
N20261021-S033,N20261021,2026-10-22T08:15:00Z,900,true,1.303057,0.829869,0.823423,0.894345
N20261022-S001,N20261022,2026-10-23T00:15:00Z,900,true,1.874709,0.749258,0.533728,0.890670
N20261022-S002,N20261022,2026-10-23T00:30:00Z,900,true,1.185000,0.557429,0.496758,0.854955
N20261022-S003,N20261022,2026-10-23T00:45:00Z,900,true,1.748835,0.732381,0.653598,0.779785
N20261022-S004,N20261022,2026-10-23T01:00:00Z,900,true,1.177329,0.668315,0.696490,0.884212
N20261022-S005,N20261022,2026-10-23T01:15:00Z,900,true,1.386568,0.665300,0.571335,0.838696
N20261022-S006,N20261022,2026-10-23T01:30:00Z,900,true,1.831233,0.568823,0.426983,0.774331
N20261022-S007,N20261022,2026-10-23T01:45:00Z,900,true,1.320165,0.483925,0.719987,0.889064
N20261022-S008,N20261022,2026-10-23T02:00:00Z,900,true,1.618281,0.475385,0.633315,0.821848
N20261022-S009,N20261022,2026-10-23T02:15:00Z,900,true,1.716727,0.733068,0.714698,0.851547
N20261022-S010,N20261022,2026-10-23T02:30:00Z,900,true,1.455860,0.551713,0.594414,0.841638
N20261022-S011,N20261022,2026-10-23T02:45:00Z,900,true,1.653672,0.571238,0.698760,0.793035
N20261022-S012,N20261022,2026-10-23T03:00:00Z,900,true,1.332430,0.738447,0.573270,0.910823
N20261022-S013,N20261022,2026-10-23T03:15:00Z,900,true,1.609730,0.596169,0.437033,0.838055
N20261022-S014,N20261022,2026-10-23T03:30:00Z,900,true,1.207498,0.695363,0.650127,0.851726
N20261022-S015,N20261022,2026-10-23T03:45:00Z,900,true,1.845880,0.646203,0.645704,0.902703
N20261022-S016,N20261022,2026-10-23T04:00:00Z,900,true,1.501785,0.629415,0.727968,0.881707
N20261022-S017,N20261022,2026-10-23T04:15:00Z,900,true,1.908790,0.565962,0.422590,0.845244
N20261022-S018,N20261022,2026-10-23T04:30:00Z,900,true,1.248532,0.534150,0.597408,0.922897
N20261022-S019,N20261022,2026-10-23T04:45:00Z,900,true,1.193514,0.733285,0.681987,0.821035
N20261022-S020,N20261022,2026-10-23T05:00:00Z,900,true,1.188133,0.664256,0.764676,0.809271
N20261022-S021,N20261022,2026-10-23T05:15:00Z,900,true,1.517516,0.735322,0.639858,0.787503
N20261022-S022,N20261022,2026-10-23T05:30:00Z,900,true,1.405328,0.619691,0.623612,0.855421
N20261022-S023,N20261022,2026-10-23T05:45:00Z,900,true,1.308595,0.691918,0.488352,0.858341
N20261022-S024,N20261022,2026-10-23T06:00:00Z,900,true,1.211684,0.722939,0.694127,0.801426
N20261022-S025,N20261022,2026-10-23T06:15:00Z,900,true,1.896712,0.612035,0.736390,0.821446
N20261022-S026,N20261022,2026-10-23T06:30:00Z,900,true,1.553833,0.520799,0.442068,0.925894
N20261022-S027,N20261022,2026-10-23T06:45:00Z,900,true,1.496277,0.635357,0.713761,0.911892
N20261022-S028,N20261022,2026-10-23T07:00:00Z,900,true,1.380154,0.457260,0.608204,0.910981
N20261022-S029,N20261022,2026-10-23T07:15:00Z,900,false,1.205757,0.724879,0.569930,0.888718
N20261022-S030,N20261022,2026-10-23T07:30:00Z,900,true,1.177630,0.510996,0.583783,0.849881
N20261022-S031,N20261022,2026-10-23T07:45:00Z,900,true,1.427076,0.668830,0.767204,0.829924
N20261022-S032,N20261022,2026-10-23T08:00:00Z,900,false,1.189411,0.680537,0.476167,0.771912
N20261022-S033,N20261022,2026-10-23T08:15:00Z,900,true,1.485457,0.684551,0.451782,0.788590
N20261023-S001,N20261023,2026-10-24T00:15:00Z,900,true,2.319111,0.475034,0.574841,0.638168
N20261023-S002,N20261023,2026-10-24T00:30:00Z,900,true,2.023165,0.195085,0.160964,0.849779
N20261023-S003,N20261023,2026-10-24T00:45:00Z,900,true,2.363722,0.213526,0.570160,0.629834
N20261023-S004,N20261023,2026-10-24T01:00:00Z,900,true,2.465337,0.366348,0.296090,0.687129
N20261023-S005,N20261023,2026-10-24T01:15:00Z,900,false,2.398842,0.188985,0.456649,0.706500
N20261023-S006,N20261023,2026-10-24T01:30:00Z,900,true,2.343028,0.356282,0.483923,0.727256
N20261023-S007,N20261023,2026-10-24T01:45:00Z,900,true,1.670104,0.493099,0.464933,0.792262
N20261023-S008,N20261023,2026-10-24T02:00:00Z,900,true,1.739238,0.272544,0.279491,0.692428
N20261023-S009,N20261023,2026-10-24T02:15:00Z,900,true,2.086950,0.422488,0.334305,0.653216
N20261023-S010,N20261023,2026-10-24T02:30:00Z,900,true,2.386478,0.356633,0.322535,0.761787
N20261023-S011,N20261023,2026-10-24T02:45:00Z,900,true,1.832160,0.273864,0.454452,0.804963
N20261023-S012,N20261023,2026-10-24T03:00:00Z,900,true,2.601428,0.416644,0.448718,0.610520
N20261023-S013,N20261023,2026-10-24T03:15:00Z,900,true,1.760811,0.177516,0.194095,0.816431
N20261023-S014,N20261023,2026-10-24T03:30:00Z,900,true,2.517120,0.520598,0.284394,0.705212
N20261023-S015,N20261023,2026-10-24T03:45:00Z,900,true,2.036793,0.268902,0.282813,0.664134
N20261023-S016,N20261023,2026-10-24T04:00:00Z,900,true,1.714569,0.260469,0.275814,0.843496
N20261023-S017,N20261023,2026-10-24T04:15:00Z,900,true,1.816968,0.523538,0.456944,0.814643
N20261023-S018,N20261023,2026-10-24T04:30:00Z,900,true,2.348012,0.256529,0.275500,0.669322
N20261023-S019,N20261023,2026-10-24T04:45:00Z,900,true,1.683443,0.253059,0.306571,0.713939
N20261023-S020,N20261023,2026-10-24T05:00:00Z,900,true,2.025918,0.400521,0.460241,0.807941
N20261023-S021,N20261023,2026-10-24T05:15:00Z,900,true,2.108099,0.334070,0.276868,0.656975
N20261023-S022,N20261023,2026-10-24T05:30:00Z,900,true,2.408951,0.293434,0.274400,0.815631
N20261023-S023,N20261023,2026-10-24T05:45:00Z,900,false,2.609312,0.355331,0.485673,0.795922
N20261023-S024,N20261023,2026-10-24T06:00:00Z,900,true,2.277466,0.474294,0.337094,0.629563
N20261023-S025,N20261023,2026-10-24T06:15:00Z,900,true,1.952365,0.364782,0.389112,0.724347
N20261023-S026,N20261023,2026-10-24T06:30:00Z,900,true,2.364961,0.449887,0.239816,0.702163
N20261023-S027,N20261023,2026-10-24T06:45:00Z,900,true,2.531832,0.434816,0.298199,0.787353
N20261023-S028,N20261023,2026-10-24T07:00:00Z,900,true,1.771204,0.227611,0.254867,0.719086
N20261023-S029,N20261023,2026-10-24T07:15:00Z,900,true,1.784706,0.306420,0.560303,0.618365
N20261023-S030,N20261023,2026-10-24T07:30:00Z,900,true,2.024494,0.384260,0.183896,0.737871
N20261023-S031,N20261023,2026-10-24T07:45:00Z,900,true,2.112657,0.497841,0.335809,0.818592
N20261023-S032,N20261023,2026-10-24T08:00:00Z,900,true,2.348618,0.534945,0.208949,0.802176
N20261023-S033,N20261023,2026-10-24T08:15:00Z,900,true,1.809947,0.531819,0.435606,0.732186
N20261024-S001,N20261024,2026-10-25T00:15:00Z,900,true,1.154957,0.923330,0.927561,0.948041
N20261024-S002,N20261024,2026-10-25T00:30:00Z,900,true,1.021648,0.903994,0.797123,0.920016
N20261024-S003,N20261024,2026-10-25T00:45:00Z,900,true,0.846860,0.768890,0.861664,0.903068
N20261024-S004,N20261024,2026-10-25T01:00:00Z,900,true,1.265171,0.811869,0.761835,0.936071
N20261024-S005,N20261024,2026-10-25T01:15:00Z,900,true,0.934137,0.794483,0.886661,0.962739
N20261024-S006,N20261024,2026-10-25T01:30:00Z,900,true,1.350375,0.906055,0.804934,0.888580
N20261024-S007,N20261024,2026-10-25T01:45:00Z,900,true,1.196936,0.926760,0.737685,0.912868
N20261024-S008,N20261024,2026-10-25T02:00:00Z,900,true,0.860219,0.807530,0.841923,0.923332
N20261024-S009,N20261024,2026-10-25T02:15:00Z,900,true,1.048572,0.754592,0.770236,0.932756
N20261024-S010,N20261024,2026-10-25T02:30:00Z,900,true,0.863866,0.850863,0.771124,0.941996
N20261024-S011,N20261024,2026-10-25T02:45:00Z,900,true,1.255491,0.819052,0.783745,0.940672
N20261024-S012,N20261024,2026-10-25T03:00:00Z,900,true,0.914711,0.760987,0.752672,0.882086
N20261024-S013,N20261024,2026-10-25T03:15:00Z,900,true,1.186845,0.907600,0.847912,0.917015
N20261024-S014,N20261024,2026-10-25T03:30:00Z,900,true,0.894241,0.819246,0.774530,0.926722
N20261024-S015,N20261024,2026-10-25T03:45:00Z,900,true,1.263417,0.866722,0.803781,0.916994
N20261024-S016,N20261024,2026-10-25T04:00:00Z,900,true,1.248817,0.798369,0.809862,0.884354
N20261024-S017,N20261024,2026-10-25T04:15:00Z,900,true,1.319725,0.750292,0.721289,0.939290
N20261024-S018,N20261024,2026-10-25T04:30:00Z,900,true,0.965573,0.877464,0.922335,0.971903
N20261024-S019,N20261024,2026-10-25T04:45:00Z,900,true,1.075243,0.832405,0.886441,0.933593
N20261024-S020,N20261024,2026-10-25T05:00:00Z,900,true,0.876599,0.830839,0.791195,0.881775
N20261024-S021,N20261024,2026-10-25T05:15:00Z,900,true,1.254508,0.751480,0.812998,0.920322
N20261024-S022,N20261024,2026-10-25T05:30:00Z,900,true,0.955917,0.896232,0.862979,0.974905
N20261024-S023,N20261024,2026-10-25T05:45:00Z,900,true,1.137678,0.745808,0.851609,0.907833
N20261024-S024,N20261024,2026-10-25T06:00:00Z,900,true,1.305705,0.814552,0.864257,0.896162
N20261024-S025,N20261024,2026-10-25T06:15:00Z,900,false,1.267219,0.820203,0.881066,0.976732
N20261024-S026,N20261024,2026-10-25T06:30:00Z,900,true,1.112971,0.849275,0.793736,0.947705
N20261024-S027,N20261024,2026-10-25T06:45:00Z,900,true,1.116679,0.917764,0.802230,0.945040
N20261024-S028,N20261024,2026-10-25T07:00:00Z,900,true,0.979293,0.750093,0.908513,0.920923
N20261024-S029,N20261024,2026-10-25T07:15:00Z,900,true,1.319488,0.790393,0.809244,0.958130
N20261024-S030,N20261024,2026-10-25T07:30:00Z,900,true,1.101112,0.872462,0.819355,0.949113
N20261024-S031,N20261024,2026-10-25T07:45:00Z,900,true,0.866029,0.853249,0.793568,0.906720
N20261024-S032,N20261024,2026-10-25T08:00:00Z,900,true,0.963867,0.884209,0.914160,0.912396
N20261024-S033,N20261024,2026-10-25T08:15:00Z,900,true,1.296612,0.815790,0.936016,0.926079
N20261025-S001,N20261025,2026-10-26T00:15:00Z,900,true,1.808162,0.717315,0.443266,0.779064
N20261025-S002,N20261025,2026-10-26T00:30:00Z,900,true,1.850113,0.615214,0.540717,0.879990
N20261025-S003,N20261025,2026-10-26T00:45:00Z,900,true,1.796531,0.573112,0.670062,0.783996
N20261025-S004,N20261025,2026-10-26T01:00:00Z,900,true,1.275560,0.528285,0.455000,0.885282
N20261025-S005,N20261025,2026-10-26T01:15:00Z,900,true,1.173156,0.446422,0.663417,0.807060
N20261025-S006,N20261025,2026-10-26T01:30:00Z,900,true,1.319141,0.674812,0.717743,0.903943
N20261025-S007,N20261025,2026-10-26T01:45:00Z,900,true,1.742897,0.626708,0.449115,0.864779
N20261025-S008,N20261025,2026-10-26T02:00:00Z,900,true,1.408627,0.504023,0.467855,0.896648
N20261025-S009,N20261025,2026-10-26T02:15:00Z,900,true,1.241163,0.754419,0.732003,0.846819
N20261025-S010,N20261025,2026-10-26T02:30:00Z,900,false,1.766422,0.767059,0.479325,0.925095
N20261025-S011,N20261025,2026-10-26T02:45:00Z,900,true,1.467595,0.701558,0.501966,0.879852
N20261025-S012,N20261025,2026-10-26T03:00:00Z,900,true,1.259658,0.766424,0.529812,0.776177
N20261025-S013,N20261025,2026-10-26T03:15:00Z,900,false,1.271847,0.666834,0.425979,0.817833
N20261025-S014,N20261025,2026-10-26T03:30:00Z,900,true,1.296816,0.525578,0.665458,0.802339
N20261025-S015,N20261025,2026-10-26T03:45:00Z,900,true,1.716866,0.776580,0.523133,0.907318
N20261025-S016,N20261025,2026-10-26T04:00:00Z,900,true,1.718150,0.440136,0.763275,0.928303
N20261025-S017,N20261025,2026-10-26T04:15:00Z,900,true,1.809756,0.750882,0.643767,0.889871
N20261025-S018,N20261025,2026-10-26T04:30:00Z,900,true,1.719167,0.728545,0.701203,0.864303
N20261025-S019,N20261025,2026-10-26T04:45:00Z,900,true,1.485753,0.695711,0.458537,0.785959
N20261025-S020,N20261025,2026-10-26T05:00:00Z,900,true,1.827726,0.673984,0.680573,0.787184
N20261025-S021,N20261025,2026-10-26T05:15:00Z,900,true,1.485720,0.577235,0.577957,0.854303
N20261025-S022,N20261025,2026-10-26T05:30:00Z,900,true,1.232585,0.752398,0.570294,0.889693
N20261025-S023,N20261025,2026-10-26T05:45:00Z,900,true,1.653288,0.487297,0.583911,0.830189
N20261025-S024,N20261025,2026-10-26T06:00:00Z,900,true,1.523443,0.623043,0.463634,0.799079
N20261025-S025,N20261025,2026-10-26T06:15:00Z,900,true,1.340394,0.540568,0.680208,0.889635
N20261025-S026,N20261025,2026-10-26T06:30:00Z,900,true,1.478959,0.704327,0.642750,0.883766
N20261025-S027,N20261025,2026-10-26T06:45:00Z,900,true,1.324731,0.716366,0.646356,0.898400
N20261025-S028,N20261025,2026-10-26T07:00:00Z,900,true,1.237774,0.759250,0.710752,0.816166
N20261025-S029,N20261025,2026-10-26T07:15:00Z,900,true,1.163594,0.763485,0.720524,0.892724
N20261025-S030,N20261025,2026-10-26T07:30:00Z,900,true,1.446165,0.623050,0.629209,0.771701
N20261025-S031,N20261025,2026-10-26T07:45:00Z,900,false,1.421711,0.449889,0.490733,0.847904
N20261025-S032,N20261025,2026-10-26T08:00:00Z,900,true,1.837733,0.687282,0.747941,0.829079
N20261025-S033,N20261025,2026-10-26T08:15:00Z,900,true,1.201510,0.654490,0.747747,0.918016
N20261026-S001,N20261026,2026-10-27T00:15:00Z,900,true,0.842932,0.812916,0.934976,0.940876
N20261026-S002,N20261026,2026-10-27T00:30:00Z,900,true,1.343499,0.829674,0.809872,0.962247
N20261026-S003,N20261026,2026-10-27T00:45:00Z,900,true,1.213321,0.757057,0.850157,0.883026
N20261026-S004,N20261026,2026-10-27T01:00:00Z,900,true,0.848580,0.804610,0.825741,0.979693
N20261026-S005,N20261026,2026-10-27T01:15:00Z,900,true,0.948434,0.878618,0.856282,0.972605
N20261026-S006,N20261026,2026-10-27T01:30:00Z,900,true,1.215089,0.820762,0.780508,0.946008
N20261026-S007,N20261026,2026-10-27T01:45:00Z,900,true,1.328813,0.805507,0.773919,0.971980
N20261026-S008,N20261026,2026-10-27T02:00:00Z,900,true,1.120852,0.816776,0.826942,0.884621
N20261026-S009,N20261026,2026-10-27T02:15:00Z,900,true,1.105118,0.805087,0.897550,0.950653
N20261026-S010,N20261026,2026-10-27T02:30:00Z,900,true,1.060798,0.829270,0.752152,0.972599
N20261026-S011,N20261026,2026-10-27T02:45:00Z,900,true,0.861202,0.795542,0.758822,0.976571
N20261026-S012,N20261026,2026-10-27T03:00:00Z,900,true,1.350148,0.879328,0.736259,0.930489
N20261026-S013,N20261026,2026-10-27T03:15:00Z,900,true,1.228583,0.757555,0.770982,0.978393
N20261026-S014,N20261026,2026-10-27T03:30:00Z,900,true,1.164828,0.947041,0.727344,0.977452
N20261026-S015,N20261026,2026-10-27T03:45:00Z,900,true,0.850676,0.938580,0.828525,0.895393
N20261026-S016,N20261026,2026-10-27T04:00:00Z,900,true,0.968797,0.927735,0.798881,0.977007
N20261026-S017,N20261026,2026-10-27T04:15:00Z,900,true,0.846610,0.772858,0.771306,0.870283
N20261026-S018,N20261026,2026-10-27T04:30:00Z,900,true,1.238994,0.775649,0.919514,0.890017
N20261026-S019,N20261026,2026-10-27T04:45:00Z,900,true,1.076140,0.815272,0.933725,0.920730
N20261026-S020,N20261026,2026-10-27T05:00:00Z,900,true,1.130702,0.774250,0.830968,0.923407
N20261026-S021,N20261026,2026-10-27T05:15:00Z,900,true,1.008721,0.939164,0.763058,0.937776
N20261026-S022,N20261026,2026-10-27T05:30:00Z,900,true,1.227201,0.898040,0.841316,0.899075
N20261026-S023,N20261026,2026-10-27T05:45:00Z,900,true,1.145982,0.921097,0.858467,0.978937
N20261026-S024,N20261026,2026-10-27T06:00:00Z,900,true,1.099185,0.858796,0.927454,0.901935
N20261026-S025,N20261026,2026-10-27T06:15:00Z,900,true,1.317524,0.884136,0.923162,0.908293
N20261026-S026,N20261026,2026-10-27T06:30:00Z,900,false,0.926152,0.937774,0.832867,0.968539
N20261026-S027,N20261026,2026-10-27T06:45:00Z,900,true,0.860519,0.807820,0.886028,0.925817
N20261026-S028,N20261026,2026-10-27T07:00:00Z,900,true,1.309777,0.911572,0.752826,0.926865
N20261026-S029,N20261026,2026-10-27T07:15:00Z,900,true,0.968199,0.805623,0.939344,0.975618
N20261026-S030,N20261026,2026-10-27T07:30:00Z,900,true,0.897693,0.846714,0.761438,0.962625
N20261026-S031,N20261026,2026-10-27T07:45:00Z,900,true,0.906907,0.813929,0.886055,0.911546
N20261026-S032,N20261026,2026-10-27T08:00:00Z,900,true,1.281569,0.800078,0.842156,0.937405
N20261026-S033,N20261026,2026-10-27T08:15:00Z,900,true,1.094996,0.751799,0.922822,0.946171
N20261027-S001,N20261027,2026-10-28T00:15:00Z,900,true,1.228866,0.745935,0.825351,0.937427
N20261027-S002,N20261027,2026-10-28T00:30:00Z,900,true,0.906284,0.938694,0.788364,0.881091
N20261027-S003,N20261027,2026-10-28T00:45:00Z,900,true,1.310169,0.821175,0.788321,0.939373
N20261027-S004,N20261027,2026-10-28T01:00:00Z,900,true,1.338024,0.931392,0.859723,0.881567
N20261027-S005,N20261027,2026-10-28T01:15:00Z,900,true,1.190640,0.755695,0.927744,0.923175
N20261027-S006,N20261027,2026-10-28T01:30:00Z,900,true,1.292147,0.857309,0.866621,0.915700
N20261027-S007,N20261027,2026-10-28T01:45:00Z,900,true,0.887029,0.895733,0.758944,0.954575
N20261027-S008,N20261027,2026-10-28T02:00:00Z,900,true,1.134614,0.744784,0.865019,0.971468
N20261027-S009,N20261027,2026-10-28T02:15:00Z,900,false,1.155652,0.885427,0.836933,0.947393
N20261027-S010,N20261027,2026-10-28T02:30:00Z,900,true,1.136168,0.740091,0.906274,0.916505
N20261027-S011,N20261027,2026-10-28T02:45:00Z,900,true,1.035907,0.941800,0.884284,0.904983
N20261027-S012,N20261027,2026-10-28T03:00:00Z,900,true,1.357778,0.819344,0.847234,0.937508
N20261027-S013,N20261027,2026-10-28T03:15:00Z,900,true,1.026231,0.874570,0.726120,0.922726
N20261027-S014,N20261027,2026-10-28T03:30:00Z,900,true,0.878496,0.871093,0.801853,0.905149
N20261027-S015,N20261027,2026-10-28T03:45:00Z,900,true,1.063567,0.928540,0.895865,0.882143
N20261027-S016,N20261027,2026-10-28T04:00:00Z,900,true,1.011754,0.904123,0.935891,0.908860
N20261027-S017,N20261027,2026-10-28T04:15:00Z,900,true,0.916472,0.925290,0.881090,0.971726
N20261027-S018,N20261027,2026-10-28T04:30:00Z,900,true,1.341160,0.814334,0.933967,0.974076
N20261027-S019,N20261027,2026-10-28T04:45:00Z,900,true,1.100401,0.789483,0.758156,0.977771
N20261027-S020,N20261027,2026-10-28T05:00:00Z,900,true,0.859282,0.814285,0.876942,0.910676
N20261027-S021,N20261027,2026-10-28T05:15:00Z,900,true,0.958897,0.769062,0.916519,0.912209
N20261027-S022,N20261027,2026-10-28T05:30:00Z,900,true,1.355490,0.830377,0.876854,0.932506
N20261027-S023,N20261027,2026-10-28T05:45:00Z,900,true,1.201968,0.939023,0.783942,0.923556
N20261027-S024,N20261027,2026-10-28T06:00:00Z,900,true,1.243465,0.793243,0.899351,0.887264
N20261027-S025,N20261027,2026-10-28T06:15:00Z,900,true,0.951198,0.783679,0.726116,0.894611
N20261027-S026,N20261027,2026-10-28T06:30:00Z,900,true,0.874849,0.890028,0.896860,0.888218
N20261027-S027,N20261027,2026-10-28T06:45:00Z,900,false,1.208583,0.863694,0.847529,0.878531
N20261027-S028,N20261027,2026-10-28T07:00:00Z,900,true,0.920782,0.863224,0.876775,0.911454
N20261027-S029,N20261027,2026-10-28T07:15:00Z,900,true,1.123331,0.828835,0.826047,0.912946
N20261027-S030,N20261027,2026-10-28T07:30:00Z,900,true,0.967498,0.880947,0.930830,0.957410
N20261027-S031,N20261027,2026-10-28T07:45:00Z,900,true,0.910671,0.848210,0.878903,0.943779
N20261027-S032,N20261027,2026-10-28T08:00:00Z,900,true,1.313002,0.794568,0.860360,0.871295
N20261027-S033,N20261027,2026-10-28T08:15:00Z,900,true,1.191237,0.753907,0.743755,0.892903
N20261028-S001,N20261028,2026-10-29T00:15:00Z,900,true,1.299017,0.592005,0.643544,0.837042
N20261028-S002,N20261028,2026-10-29T00:30:00Z,900,true,1.663241,0.726974,0.744412,0.826099
N20261028-S003,N20261028,2026-10-29T00:45:00Z,900,true,1.342224,0.729742,0.767557,0.823721
N20261028-S004,N20261028,2026-10-29T01:00:00Z,900,true,1.444202,0.672349,0.744515,0.821248
N20261028-S005,N20261028,2026-10-29T01:15:00Z,900,true,1.436608,0.675373,0.507682,0.859362
N20261028-S006,N20261028,2026-10-29T01:30:00Z,900,true,1.185061,0.670742,0.572353,0.866939
N20261028-S007,N20261028,2026-10-29T01:45:00Z,900,true,1.630885,0.669868,0.705328,0.920403
N20261028-S008,N20261028,2026-10-29T02:00:00Z,900,true,1.452769,0.712276,0.537361,0.829285
N20261028-S009,N20261028,2026-10-29T02:15:00Z,900,true,1.249758,0.501173,0.696663,0.805684
N20261028-S010,N20261028,2026-10-29T02:30:00Z,900,true,1.214176,0.576210,0.737329,0.863822
N20261028-S011,N20261028,2026-10-29T02:45:00Z,900,true,1.385530,0.476339,0.646729,0.852100
N20261028-S012,N20261028,2026-10-29T03:00:00Z,900,true,1.312718,0.540099,0.668741,0.815740
N20261028-S013,N20261028,2026-10-29T03:15:00Z,900,true,1.262232,0.513666,0.449266,0.848765
N20261028-S014,N20261028,2026-10-29T03:30:00Z,900,false,1.474819,0.727756,0.718985,0.888026
N20261028-S015,N20261028,2026-10-29T03:45:00Z,900,true,1.272858,0.596710,0.709682,0.918525
N20261028-S016,N20261028,2026-10-29T04:00:00Z,900,true,1.608683,0.499447,0.594198,0.909301
N20261028-S017,N20261028,2026-10-29T04:15:00Z,900,true,1.395575,0.712444,0.713279,0.844643
N20261028-S018,N20261028,2026-10-29T04:30:00Z,900,true,1.404051,0.735121,0.603164,0.828549
N20261028-S019,N20261028,2026-10-29T04:45:00Z,900,true,1.888663,0.520031,0.621472,0.922772
N20261028-S020,N20261028,2026-10-29T05:00:00Z,900,true,1.874371,0.499590,0.659762,0.792865
N20261028-S021,N20261028,2026-10-29T05:15:00Z,900,true,1.805319,0.502696,0.627626,0.895087
N20261028-S022,N20261028,2026-10-29T05:30:00Z,900,false,1.544157,0.624330,0.645216,0.883713
N20261028-S023,N20261028,2026-10-29T05:45:00Z,900,true,1.455430,0.555544,0.628961,0.805304
N20261028-S024,N20261028,2026-10-29T06:00:00Z,900,false,1.534824,0.493097,0.604271,0.914397
N20261028-S025,N20261028,2026-10-29T06:15:00Z,900,true,1.806855,0.562509,0.764821,0.809701
N20261028-S026,N20261028,2026-10-29T06:30:00Z,900,true,1.247531,0.566336,0.603194,0.866835
N20261028-S027,N20261028,2026-10-29T06:45:00Z,900,true,1.716832,0.778990,0.705283,0.775664
N20261028-S028,N20261028,2026-10-29T07:00:00Z,900,true,1.735600,0.519445,0.456665,0.879507
N20261028-S029,N20261028,2026-10-29T07:15:00Z,900,true,1.366870,0.629650,0.730679,0.917680
N20261028-S030,N20261028,2026-10-29T07:30:00Z,900,true,1.584543,0.751651,0.500168,0.813517
N20261028-S031,N20261028,2026-10-29T07:45:00Z,900,true,1.483201,0.480229,0.474841,0.850436
N20261028-S032,N20261028,2026-10-29T08:00:00Z,900,true,1.229944,0.757131,0.638729,0.905879
N20261028-S033,N20261028,2026-10-29T08:15:00Z,900,true,1.860298,0.724849,0.544415,0.901746
N20261029-S001,N20261029,2026-10-30T00:30:00Z,900,true,1.105139,0.837906,0.758958,0.961023
N20261029-S002,N20261029,2026-10-30T00:45:00Z,900,true,0.879316,0.751195,0.908404,0.964916
N20261029-S003,N20261029,2026-10-30T01:00:00Z,900,true,1.236194,0.933610,0.809031,0.947216
N20261029-S004,N20261029,2026-10-30T01:15:00Z,900,true,1.247933,0.949969,0.913118,0.949906
N20261029-S005,N20261029,2026-10-30T01:30:00Z,900,false,1.128244,0.819659,0.863769,0.922114
N20261029-S006,N20261029,2026-10-30T01:45:00Z,900,true,0.948637,0.812920,0.738192,0.958035
N20261029-S007,N20261029,2026-10-30T02:00:00Z,900,true,1.015269,0.799768,0.772143,0.966132
N20261029-S008,N20261029,2026-10-30T02:15:00Z,900,true,0.853418,0.924820,0.784728,0.957752
N20261029-S009,N20261029,2026-10-30T02:30:00Z,900,true,1.153475,0.891271,0.896462,0.937834
N20261029-S010,N20261029,2026-10-30T02:45:00Z,900,true,0.911276,0.877900,0.727759,0.894062
N20261029-S011,N20261029,2026-10-30T03:00:00Z,900,true,1.250718,0.940780,0.896502,0.930645
N20261029-S012,N20261029,2026-10-30T03:15:00Z,900,true,1.194339,0.931594,0.820331,0.946383
N20261029-S013,N20261029,2026-10-30T03:30:00Z,900,true,1.160204,0.839265,0.845670,0.896580
N20261029-S014,N20261029,2026-10-30T03:45:00Z,900,true,1.136900,0.901359,0.861470,0.979601
N20261029-S015,N20261029,2026-10-30T04:00:00Z,900,true,1.278941,0.890201,0.744907,0.906490
N20261029-S016,N20261029,2026-10-30T04:15:00Z,900,true,1.358672,0.826015,0.922224,0.943112
N20261029-S017,N20261029,2026-10-30T04:30:00Z,900,true,0.985735,0.940404,0.922973,0.948744
N20261029-S018,N20261029,2026-10-30T04:45:00Z,900,true,1.217306,0.880557,0.790227,0.929036
N20261029-S019,N20261029,2026-10-30T05:00:00Z,900,true,0.977684,0.871322,0.794280,0.961895
N20261029-S020,N20261029,2026-10-30T05:15:00Z,900,true,1.004933,0.740464,0.905090,0.967257
N20261029-S021,N20261029,2026-10-30T05:30:00Z,900,true,1.069342,0.912080,0.770395,0.969525
N20261029-S022,N20261029,2026-10-30T05:45:00Z,900,true,1.294173,0.903847,0.785217,0.931295
N20261029-S023,N20261029,2026-10-30T06:00:00Z,900,true,1.193003,0.798190,0.792816,0.970973
N20261029-S024,N20261029,2026-10-30T06:15:00Z,900,true,1.037870,0.744574,0.723517,0.931084
N20261029-S025,N20261029,2026-10-30T06:30:00Z,900,true,1.171173,0.909350,0.818340,0.897143
N20261029-S026,N20261029,2026-10-30T06:45:00Z,900,true,1.308541,0.792874,0.737630,0.909710
N20261029-S027,N20261029,2026-10-30T07:00:00Z,900,true,1.203996,0.921422,0.881763,0.879259
N20261029-S028,N20261029,2026-10-30T07:15:00Z,900,true,1.216281,0.749375,0.788305,0.919540
N20261029-S029,N20261029,2026-10-30T07:30:00Z,900,true,0.929946,0.881037,0.832862,0.888446
N20261029-S030,N20261029,2026-10-30T07:45:00Z,900,true,1.183541,0.802150,0.852423,0.876126
N20261029-S031,N20261029,2026-10-30T08:00:00Z,900,false,1.324307,0.852793,0.878525,0.895925
N20261029-S032,N20261029,2026-10-30T08:15:00Z,900,true,1.014953,0.862093,0.725130,0.976791
N20261030-S001,N20261030,2026-10-31T00:30:00Z,900,true,0.845348,0.761239,0.930627,0.903722
N20261030-S002,N20261030,2026-10-31T00:45:00Z,900,true,0.995271,0.861247,0.795095,0.878538
N20261030-S003,N20261030,2026-10-31T01:00:00Z,900,true,1.303845,0.901992,0.893468,0.945443
N20261030-S004,N20261030,2026-10-31T01:15:00Z,900,true,1.348672,0.745479,0.933988,0.956272
N20261030-S005,N20261030,2026-10-31T01:30:00Z,900,true,1.321780,0.832615,0.758394,0.951494
N20261030-S006,N20261030,2026-10-31T01:45:00Z,900,true,0.862665,0.933608,0.871895,0.891516
N20261030-S007,N20261030,2026-10-31T02:00:00Z,900,true,1.045222,0.867711,0.866983,0.945510
N20261030-S008,N20261030,2026-10-31T02:15:00Z,900,true,1.035266,0.822444,0.900323,0.968577
N20261030-S009,N20261030,2026-10-31T02:30:00Z,900,true,1.292830,0.898750,0.881769,0.979730
N20261030-S010,N20261030,2026-10-31T02:45:00Z,900,true,0.902804,0.803473,0.788738,0.898990
N20261030-S011,N20261030,2026-10-31T03:00:00Z,900,true,0.910522,0.760470,0.764992,0.878844
N20261030-S012,N20261030,2026-10-31T03:15:00Z,900,true,1.012427,0.755653,0.902403,0.936253
N20261030-S013,N20261030,2026-10-31T03:30:00Z,900,true,0.863820,0.817293,0.815926,0.880033
N20261030-S014,N20261030,2026-10-31T03:45:00Z,900,true,0.840291,0.913721,0.797345,0.954845
N20261030-S015,N20261030,2026-10-31T04:00:00Z,900,true,1.142517,0.833302,0.930679,0.923272
N20261030-S016,N20261030,2026-10-31T04:15:00Z,900,true,1.118077,0.750456,0.826061,0.920686
N20261030-S017,N20261030,2026-10-31T04:30:00Z,900,true,1.289660,0.838356,0.845998,0.902236
N20261030-S018,N20261030,2026-10-31T04:45:00Z,900,true,0.851086,0.805859,0.753686,0.960837
N20261030-S019,N20261030,2026-10-31T05:00:00Z,900,true,1.091780,0.845140,0.760970,0.919107
N20261030-S020,N20261030,2026-10-31T05:15:00Z,900,true,0.855170,0.768161,0.887774,0.901184
N20261030-S021,N20261030,2026-10-31T05:30:00Z,900,true,0.905622,0.942099,0.720226,0.939971
N20261030-S022,N20261030,2026-10-31T05:45:00Z,900,true,0.882829,0.907586,0.751312,0.971067
N20261030-S023,N20261030,2026-10-31T06:00:00Z,900,false,1.270574,0.905748,0.728151,0.953156
N20261030-S024,N20261030,2026-10-31T06:15:00Z,900,true,0.976185,0.795333,0.763136,0.895678
N20261030-S025,N20261030,2026-10-31T06:30:00Z,900,true,1.348913,0.752564,0.720934,0.913338
N20261030-S026,N20261030,2026-10-31T06:45:00Z,900,true,1.116739,0.832326,0.886932,0.962338
N20261030-S027,N20261030,2026-10-31T07:00:00Z,900,true,0.949342,0.927871,0.920894,0.883564
N20261030-S028,N20261030,2026-10-31T07:15:00Z,900,true,1.125436,0.840471,0.789843,0.958930
N20261030-S029,N20261030,2026-10-31T07:30:00Z,900,true,1.154840,0.903118,0.725539,0.966447
N20261030-S030,N20261030,2026-10-31T07:45:00Z,900,true,1.091631,0.873189,0.744269,0.894180
N20261030-S031,N20261030,2026-10-31T08:00:00Z,900,true,1.050160,0.821115,0.911942,0.900277
N20261030-S032,N20261030,2026-10-31T08:15:00Z,900,true,1.279253,0.920109,0.793556,0.932302
N20261031-S001,N20261031,2026-11-01T00:30:00Z,900,true,0.899581,0.770876,0.931374,0.926611
N20261031-S002,N20261031,2026-11-01T00:45:00Z,900,true,1.105964,0.874366,0.761100,0.974532
N20261031-S003,N20261031,2026-11-01T01:00:00Z,900,true,0.891758,0.940033,0.870281,0.967787
N20261031-S004,N20261031,2026-11-01T01:15:00Z,900,true,1.276612,0.889684,0.825439,0.940583
N20261031-S005,N20261031,2026-11-01T01:30:00Z,900,true,1.004363,0.800780,0.827008,0.949701
N20261031-S006,N20261031,2026-11-01T01:45:00Z,900,true,1.129178,0.803985,0.875326,0.967299
N20261031-S007,N20261031,2026-11-01T02:00:00Z,900,true,0.971237,0.802382,0.787067,0.904056
N20261031-S008,N20261031,2026-11-01T02:15:00Z,900,true,0.896460,0.759208,0.796680,0.927359
N20261031-S009,N20261031,2026-11-01T02:30:00Z,900,true,1.324119,0.775702,0.919473,0.901891
N20261031-S010,N20261031,2026-11-01T02:45:00Z,900,true,1.128379,0.863170,0.876065,0.924219
N20261031-S011,N20261031,2026-11-01T03:00:00Z,900,true,1.296885,0.882320,0.727299,0.883190
N20261031-S012,N20261031,2026-11-01T03:15:00Z,900,true,0.892765,0.824562,0.803628,0.901502
N20261031-S013,N20261031,2026-11-01T03:30:00Z,900,true,1.221900,0.930857,0.782430,0.884277
N20261031-S014,N20261031,2026-11-01T03:45:00Z,900,true,1.178248,0.923921,0.913749,0.884698
N20261031-S015,N20261031,2026-11-01T04:00:00Z,900,true,0.897690,0.941518,0.939317,0.974713
N20261031-S016,N20261031,2026-11-01T04:15:00Z,900,true,1.165003,0.768886,0.846865,0.914644
N20261031-S017,N20261031,2026-11-01T04:30:00Z,900,true,0.906503,0.754293,0.843282,0.871123
N20261031-S018,N20261031,2026-11-01T04:45:00Z,900,true,0.967308,0.818067,0.735677,0.916030
N20261031-S019,N20261031,2026-11-01T05:00:00Z,900,true,0.992423,0.862398,0.852611,0.923749
N20261031-S020,N20261031,2026-11-01T05:15:00Z,900,true,1.350169,0.916425,0.892851,0.877173
N20261031-S021,N20261031,2026-11-01T05:30:00Z,900,true,1.085001,0.911494,0.900877,0.969927
N20261031-S022,N20261031,2026-11-01T05:45:00Z,900,true,1.170892,0.845703,0.895090,0.918220
N20261031-S023,N20261031,2026-11-01T06:00:00Z,900,false,1.064813,0.931759,0.858260,0.888972
N20261031-S024,N20261031,2026-11-01T06:15:00Z,900,true,1.298171,0.792863,0.860941,0.958473
N20261031-S025,N20261031,2026-11-01T06:30:00Z,900,true,0.962273,0.894927,0.858722,0.903169
N20261031-S026,N20261031,2026-11-01T06:45:00Z,900,true,1.218884,0.889132,0.732589,0.902460
N20261031-S027,N20261031,2026-11-01T07:00:00Z,900,true,1.138632,0.774665,0.916767,0.923936
N20261031-S028,N20261031,2026-11-01T07:15:00Z,900,false,1.212877,0.786632,0.788712,0.940524
N20261031-S029,N20261031,2026-11-01T07:30:00Z,900,true,1.349738,0.945720,0.831020,0.898456
N20261031-S030,N20261031,2026-11-01T07:45:00Z,900,true,1.156314,0.878338,0.748757,0.933091
N20261031-S031,N20261031,2026-11-01T08:00:00Z,900,true,1.352573,0.896007,0.795236,0.884271
N20261031-S032,N20261031,2026-11-01T08:15:00Z,900,true,1.291047,0.821512,0.885544,0.895606
N20261101-S001,N20261101,2026-11-02T00:30:00Z,900,true,1.354430,0.927805,0.845656,0.900068
N20261101-S002,N20261101,2026-11-02T00:45:00Z,900,true,1.028496,0.826791,0.908977,0.946725
N20261101-S003,N20261101,2026-11-02T01:00:00Z,900,true,1.086916,0.853346,0.796408,0.966132
N20261101-S004,N20261101,2026-11-02T01:15:00Z,900,true,1.072371,0.939993,0.841981,0.913116
N20261101-S005,N20261101,2026-11-02T01:30:00Z,900,true,1.291834,0.847594,0.797580,0.921628
N20261101-S006,N20261101,2026-11-02T01:45:00Z,900,true,1.324878,0.799598,0.849373,0.964829
N20261101-S007,N20261101,2026-11-02T02:00:00Z,900,true,0.995299,0.844411,0.893447,0.877939
N20261101-S008,N20261101,2026-11-02T02:15:00Z,900,true,1.354029,0.908291,0.879681,0.933365
N20261101-S009,N20261101,2026-11-02T02:30:00Z,900,true,1.142443,0.846362,0.919030,0.951211
N20261101-S010,N20261101,2026-11-02T02:45:00Z,900,true,1.162449,0.764993,0.934309,0.895996
N20261101-S011,N20261101,2026-11-02T03:00:00Z,900,true,1.131806,0.848020,0.798678,0.882431
N20261101-S012,N20261101,2026-11-02T03:15:00Z,900,true,0.998058,0.944556,0.922387,0.940272
N20261101-S013,N20261101,2026-11-02T03:30:00Z,900,true,1.351204,0.777190,0.889554,0.937526
N20261101-S014,N20261101,2026-11-02T03:45:00Z,900,true,1.272291,0.873657,0.921832,0.939765
N20261101-S015,N20261101,2026-11-02T04:00:00Z,900,true,1.139279,0.888389,0.750020,0.958483
N20261101-S016,N20261101,2026-11-02T04:15:00Z,900,true,1.156633,0.852257,0.814651,0.972775
N20261101-S017,N20261101,2026-11-02T04:30:00Z,900,true,1.307627,0.813686,0.836654,0.976054
N20261101-S018,N20261101,2026-11-02T04:45:00Z,900,true,1.332744,0.881806,0.924680,0.882735
N20261101-S019,N20261101,2026-11-02T05:00:00Z,900,true,1.271657,0.946447,0.877024,0.924991
N20261101-S020,N20261101,2026-11-02T05:15:00Z,900,true,0.913041,0.843249,0.901652,0.924167
N20261101-S021,N20261101,2026-11-02T05:30:00Z,900,true,1.308501,0.754600,0.915837,0.873685
N20261101-S022,N20261101,2026-11-02T05:45:00Z,900,true,1.176601,0.746403,0.936455,0.969369
N20261101-S023,N20261101,2026-11-02T06:00:00Z,900,true,1.295262,0.854442,0.863715,0.889443
N20261101-S024,N20261101,2026-11-02T06:15:00Z,900,true,1.210666,0.848711,0.874544,0.900575
N20261101-S025,N20261101,2026-11-02T06:30:00Z,900,true,1.225602,0.788997,0.725921,0.904332
N20261101-S026,N20261101,2026-11-02T06:45:00Z,900,true,1.002078,0.918815,0.936891,0.877757
N20261101-S027,N20261101,2026-11-02T07:00:00Z,900,true,1.135657,0.862883,0.743426,0.871815
N20261101-S028,N20261101,2026-11-02T07:15:00Z,900,false,1.013072,0.789353,0.936688,0.870858
N20261101-S029,N20261101,2026-11-02T07:30:00Z,900,true,1.012790,0.830175,0.886613,0.973028
N20261101-S030,N20261101,2026-11-02T07:45:00Z,900,true,1.245961,0.940320,0.841145,0.955854
N20261101-S031,N20261101,2026-11-02T08:00:00Z,900,true,0.991956,0.930686,0.866869,0.957621
N20261101-S032,N20261101,2026-11-02T08:15:00Z,900,true,0.851058,0.830109,0.927585,0.912904
N20261102-S001,N20261102,2026-11-03T00:30:00Z,900,true,1.093762,0.751235,0.881808,0.934429
N20261102-S002,N20261102,2026-11-03T00:45:00Z,900,true,0.924977,0.868819,0.927945,0.890103
N20261102-S003,N20261102,2026-11-03T01:00:00Z,900,false,0.895378,0.840923,0.865121,0.940840
N20261102-S004,N20261102,2026-11-03T01:15:00Z,900,true,1.056067,0.941216,0.860622,0.886249
N20261102-S005,N20261102,2026-11-03T01:30:00Z,900,true,1.132099,0.740883,0.889793,0.951176
N20261102-S006,N20261102,2026-11-03T01:45:00Z,900,true,0.968571,0.849049,0.756274,0.929682
N20261102-S007,N20261102,2026-11-03T02:00:00Z,900,true,0.925703,0.843568,0.750196,0.882716
N20261102-S008,N20261102,2026-11-03T02:15:00Z,900,true,1.011570,0.949350,0.817478,0.923170
N20261102-S009,N20261102,2026-11-03T02:30:00Z,900,true,1.032882,0.848725,0.723605,0.897012
N20261102-S010,N20261102,2026-11-03T02:45:00Z,900,true,1.099125,0.838706,0.920833,0.889565
N20261102-S011,N20261102,2026-11-03T03:00:00Z,900,true,1.133335,0.884367,0.816405,0.887170
N20261102-S012,N20261102,2026-11-03T03:15:00Z,900,true,0.885888,0.744061,0.777219,0.975456
N20261102-S013,N20261102,2026-11-03T03:30:00Z,900,true,0.924801,0.932483,0.874264,0.979055
N20261102-S014,N20261102,2026-11-03T03:45:00Z,900,true,1.070501,0.845801,0.834982,0.894221
N20261102-S015,N20261102,2026-11-03T04:00:00Z,900,true,1.291243,0.921250,0.796748,0.886687
N20261102-S016,N20261102,2026-11-03T04:15:00Z,900,true,1.040853,0.857612,0.768268,0.942902
N20261102-S017,N20261102,2026-11-03T04:30:00Z,900,true,0.912714,0.896611,0.730921,0.890325
N20261102-S018,N20261102,2026-11-03T04:45:00Z,900,true,1.150999,0.815328,0.783419,0.895390
N20261102-S019,N20261102,2026-11-03T05:00:00Z,900,false,0.840717,0.892444,0.768385,0.958987
N20261102-S020,N20261102,2026-11-03T05:15:00Z,900,true,1.104347,0.763025,0.935161,0.933863
N20261102-S021,N20261102,2026-11-03T05:30:00Z,900,true,1.208841,0.847541,0.756293,0.891937
N20261102-S022,N20261102,2026-11-03T05:45:00Z,900,true,1.245012,0.741831,0.827056,0.871642
N20261102-S023,N20261102,2026-11-03T06:00:00Z,900,false,1.205061,0.780210,0.743573,0.894138
N20261102-S024,N20261102,2026-11-03T06:15:00Z,900,true,1.330937,0.900919,0.889902,0.966601
N20261102-S025,N20261102,2026-11-03T06:30:00Z,900,true,1.013581,0.828147,0.771012,0.918537
N20261102-S026,N20261102,2026-11-03T06:45:00Z,900,true,1.000855,0.936188,0.892637,0.871695
N20261102-S027,N20261102,2026-11-03T07:00:00Z,900,true,1.191995,0.898782,0.799074,0.873890
N20261102-S028,N20261102,2026-11-03T07:15:00Z,900,false,0.981983,0.802450,0.920016,0.908874
N20261102-S029,N20261102,2026-11-03T07:30:00Z,900,true,1.325492,0.850048,0.834151,0.933347
N20261102-S030,N20261102,2026-11-03T07:45:00Z,900,true,1.253816,0.753707,0.824808,0.946874
N20261102-S031,N20261102,2026-11-03T08:00:00Z,900,false,1.190467,0.854597,0.921813,0.943103
N20261102-S032,N20261102,2026-11-03T08:15:00Z,900,true,1.197706,0.777210,0.790543,0.877418
N20261103-S001,N20261103,2026-11-04T00:30:00Z,900,true,2.004314,0.333707,0.368607,0.691549
N20261103-S002,N20261103,2026-11-04T00:45:00Z,900,true,2.044528,0.189590,0.305574,0.715382
N20261103-S003,N20261103,2026-11-04T01:00:00Z,900,false,1.741608,0.415936,0.550200,0.795575
N20261103-S004,N20261103,2026-11-04T01:15:00Z,900,false,2.250020,0.372933,0.252176,0.718788
N20261103-S005,N20261103,2026-11-04T01:30:00Z,900,true,2.382621,0.304458,0.324197,0.789502
N20261103-S006,N20261103,2026-11-04T01:45:00Z,900,true,2.107739,0.403534,0.556838,0.688425
N20261103-S007,N20261103,2026-11-04T02:00:00Z,900,false,1.844052,0.445963,0.490483,0.742359
N20261103-S008,N20261103,2026-11-04T02:15:00Z,900,true,2.596392,0.200826,0.534618,0.775714
N20261103-S009,N20261103,2026-11-04T02:30:00Z,900,true,1.865793,0.519853,0.207462,0.768606
N20261103-S010,N20261103,2026-11-04T02:45:00Z,900,true,2.382611,0.427047,0.288673,0.765151
N20261103-S011,N20261103,2026-11-04T03:00:00Z,900,false,2.108553,0.269416,0.565551,0.701622
N20261103-S012,N20261103,2026-11-04T03:15:00Z,900,false,1.768811,0.255100,0.527958,0.732512
N20261103-S013,N20261103,2026-11-04T03:30:00Z,900,true,2.489008,0.361058,0.496973,0.839380
N20261103-S014,N20261103,2026-11-04T03:45:00Z,900,true,1.623066,0.471618,0.325678,0.733077
N20261103-S015,N20261103,2026-11-04T04:00:00Z,900,true,2.396482,0.505398,0.458264,0.754000
N20261103-S016,N20261103,2026-11-04T04:15:00Z,900,true,2.491471,0.410835,0.304910,0.614642
N20261103-S017,N20261103,2026-11-04T04:30:00Z,900,false,2.106725,0.345849,0.394118,0.616623
N20261103-S018,N20261103,2026-11-04T04:45:00Z,900,false,2.067801,0.377468,0.175705,0.755467
N20261103-S019,N20261103,2026-11-04T05:00:00Z,900,true,2.517025,0.282662,0.161692,0.748674
N20261103-S020,N20261103,2026-11-04T05:15:00Z,900,true,1.627533,0.243398,0.259307,0.622939
N20261103-S021,N20261103,2026-11-04T05:30:00Z,900,true,2.318331,0.198104,0.482120,0.720145
N20261103-S022,N20261103,2026-11-04T05:45:00Z,900,false,1.611569,0.219354,0.218204,0.740058
N20261103-S023,N20261103,2026-11-04T06:00:00Z,900,true,2.281871,0.197126,0.534017,0.767785
N20261103-S024,N20261103,2026-11-04T06:15:00Z,900,false,2.065129,0.429301,0.300069,0.809835
N20261103-S025,N20261103,2026-11-04T06:30:00Z,900,true,2.042620,0.440504,0.529056,0.732100
N20261103-S026,N20261103,2026-11-04T06:45:00Z,900,false,2.406156,0.460734,0.484240,0.830622
N20261103-S027,N20261103,2026-11-04T07:00:00Z,900,true,2.407965,0.401054,0.275993,0.686064
N20261103-S028,N20261103,2026-11-04T07:15:00Z,900,true,1.795452,0.297252,0.358265,0.662724
N20261103-S029,N20261103,2026-11-04T07:30:00Z,900,true,2.608086,0.190645,0.388560,0.672182
N20261103-S030,N20261103,2026-11-04T07:45:00Z,900,true,2.140327,0.449788,0.311590,0.678478
N20261103-S031,N20261103,2026-11-04T08:00:00Z,900,true,2.450396,0.340772,0.323711,0.644724
N20261103-S032,N20261103,2026-11-04T08:15:00Z,900,true,1.726308,0.409889,0.546887,0.801714
N20261104-S001,N20261104,2026-11-05T00:30:00Z,900,true,1.048910,0.853006,0.817271,0.964617
N20261104-S002,N20261104,2026-11-05T00:45:00Z,900,true,1.217581,0.903945,0.736428,0.939756
N20261104-S003,N20261104,2026-11-05T01:00:00Z,900,true,1.274586,0.789483,0.792242,0.913427
N20261104-S004,N20261104,2026-11-05T01:15:00Z,900,true,0.888747,0.907466,0.810297,0.882769
N20261104-S005,N20261104,2026-11-05T01:30:00Z,900,true,1.359787,0.900871,0.824790,0.914802
N20261104-S006,N20261104,2026-11-05T01:45:00Z,900,true,0.909575,0.772949,0.852031,0.923744
N20261104-S007,N20261104,2026-11-05T02:00:00Z,900,true,1.211837,0.839367,0.845268,0.970213
N20261104-S008,N20261104,2026-11-05T02:15:00Z,900,false,0.906229,0.869874,0.800546,0.896066
N20261104-S009,N20261104,2026-11-05T02:30:00Z,900,true,0.955017,0.806060,0.764565,0.959484
N20261104-S010,N20261104,2026-11-05T02:45:00Z,900,true,1.316741,0.787077,0.863268,0.903850
N20261104-S011,N20261104,2026-11-05T03:00:00Z,900,true,0.912786,0.752290,0.777839,0.963051
N20261104-S012,N20261104,2026-11-05T03:15:00Z,900,true,0.928363,0.922983,0.843104,0.972291
N20261104-S013,N20261104,2026-11-05T03:30:00Z,900,true,0.939165,0.897633,0.755942,0.941147
N20261104-S014,N20261104,2026-11-05T03:45:00Z,900,true,0.963136,0.924344,0.896319,0.903752
N20261104-S015,N20261104,2026-11-05T04:00:00Z,900,true,1.153635,0.805001,0.788460,0.967611
N20261104-S016,N20261104,2026-11-05T04:15:00Z,900,true,0.913720,0.909485,0.778416,0.974318
N20261104-S017,N20261104,2026-11-05T04:30:00Z,900,true,1.334519,0.937821,0.847445,0.894285
N20261104-S018,N20261104,2026-11-05T04:45:00Z,900,true,1.150939,0.887415,0.771705,0.963067
N20261104-S019,N20261104,2026-11-05T05:00:00Z,900,true,0.842310,0.910308,0.792488,0.972295
N20261104-S020,N20261104,2026-11-05T05:15:00Z,900,true,1.252433,0.785604,0.747372,0.904637
N20261104-S021,N20261104,2026-11-05T05:30:00Z,900,true,1.124341,0.798827,0.751759,0.898006
N20261104-S022,N20261104,2026-11-05T05:45:00Z,900,true,0.924847,0.946930,0.912397,0.889828
N20261104-S023,N20261104,2026-11-05T06:00:00Z,900,true,1.325793,0.746911,0.788738,0.923314
N20261104-S024,N20261104,2026-11-05T06:15:00Z,900,true,1.251722,0.789041,0.886757,0.943540
N20261104-S025,N20261104,2026-11-05T06:30:00Z,900,true,0.964176,0.858089,0.850306,0.925281
N20261104-S026,N20261104,2026-11-05T06:45:00Z,900,true,1.329853,0.860336,0.833517,0.937093
N20261104-S027,N20261104,2026-11-05T07:00:00Z,900,true,0.985129,0.774261,0.832459,0.899589
N20261104-S028,N20261104,2026-11-05T07:15:00Z,900,true,1.041694,0.916270,0.854770,0.919631
N20261104-S029,N20261104,2026-11-05T07:30:00Z,900,true,1.117988,0.899081,0.794655,0.975634
N20261104-S030,N20261104,2026-11-05T07:45:00Z,900,true,1.035156,0.831960,0.883149,0.921318
N20261104-S031,N20261104,2026-11-05T08:00:00Z,900,true,1.096765,0.811623,0.732040,0.898936
N20261105-S001,N20261105,2026-11-06T00:30:00Z,900,true,0.983352,0.891291,0.775676,0.955921
N20261105-S002,N20261105,2026-11-06T00:45:00Z,900,false,1.088454,0.819870,0.920232,0.931768
N20261105-S003,N20261105,2026-11-06T01:00:00Z,900,true,1.214270,0.807128,0.875715,0.928646
N20261105-S004,N20261105,2026-11-06T01:15:00Z,900,true,1.238844,0.889099,0.738164,0.922646
N20261105-S005,N20261105,2026-11-06T01:30:00Z,900,true,1.316532,0.787775,0.809356,0.974862
N20261105-S006,N20261105,2026-11-06T01:45:00Z,900,true,1.225658,0.871175,0.775037,0.935361
N20261105-S007,N20261105,2026-11-06T02:00:00Z,900,true,0.893158,0.801803,0.818818,0.959982
N20261105-S008,N20261105,2026-11-06T02:15:00Z,900,true,1.130628,0.804280,0.786773,0.874234
N20261105-S009,N20261105,2026-11-06T02:30:00Z,900,true,0.934843,0.785073,0.756456,0.933344
N20261105-S010,N20261105,2026-11-06T02:45:00Z,900,true,1.038442,0.907338,0.734093,0.945987
N20261105-S011,N20261105,2026-11-06T03:00:00Z,900,true,1.241937,0.866168,0.828219,0.905348
N20261105-S012,N20261105,2026-11-06T03:15:00Z,900,true,1.124326,0.803721,0.913783,0.947128
N20261105-S013,N20261105,2026-11-06T03:30:00Z,900,true,1.218982,0.784179,0.846973,0.933957
N20261105-S014,N20261105,2026-11-06T03:45:00Z,900,true,1.047425,0.784281,0.784439,0.884265
N20261105-S015,N20261105,2026-11-06T04:00:00Z,900,true,1.359389,0.805547,0.851360,0.969266
N20261105-S016,N20261105,2026-11-06T04:15:00Z,900,true,1.112337,0.889095,0.721507,0.877081
N20261105-S017,N20261105,2026-11-06T04:30:00Z,900,true,0.873350,0.901485,0.936955,0.888708
N20261105-S018,N20261105,2026-11-06T04:45:00Z,900,true,1.322010,0.797402,0.893325,0.935473
N20261105-S019,N20261105,2026-11-06T05:00:00Z,900,true,0.962705,0.821889,0.910189,0.912652
N20261105-S020,N20261105,2026-11-06T05:15:00Z,900,true,0.862760,0.790992,0.798661,0.911422
N20261105-S021,N20261105,2026-11-06T05:30:00Z,900,true,0.875718,0.924832,0.868718,0.960946
N20261105-S022,N20261105,2026-11-06T05:45:00Z,900,true,1.138820,0.933361,0.915170,0.875909
N20261105-S023,N20261105,2026-11-06T06:00:00Z,900,true,1.052644,0.772610,0.814640,0.870077
N20261105-S024,N20261105,2026-11-06T06:15:00Z,900,true,1.336322,0.860453,0.787973,0.964071
N20261105-S025,N20261105,2026-11-06T06:30:00Z,900,true,0.926175,0.905790,0.919469,0.958490
N20261105-S026,N20261105,2026-11-06T06:45:00Z,900,true,1.211021,0.878778,0.742294,0.936748
N20261105-S027,N20261105,2026-11-06T07:00:00Z,900,true,0.930162,0.898349,0.879826,0.908981
N20261105-S028,N20261105,2026-11-06T07:15:00Z,900,true,1.181347,0.809781,0.730818,0.924210
N20261105-S029,N20261105,2026-11-06T07:30:00Z,900,true,1.107963,0.919893,0.925516,0.967500
N20261105-S030,N20261105,2026-11-06T07:45:00Z,900,true,1.191690,0.769194,0.787957,0.873258
N20261105-S031,N20261105,2026-11-06T08:00:00Z,900,true,1.226501,0.781552,0.811207,0.931092
N20261106-S001,N20261106,2026-11-07T00:30:00Z,900,true,1.765935,0.600988,0.499024,0.795111
N20261106-S002,N20261106,2026-11-07T00:45:00Z,900,true,1.854387,0.773950,0.603130,0.881291
N20261106-S003,N20261106,2026-11-07T01:00:00Z,900,true,1.774430,0.644123,0.773279,0.822722
N20261106-S004,N20261106,2026-11-07T01:15:00Z,900,true,1.360204,0.715121,0.555942,0.915765
N20261106-S005,N20261106,2026-11-07T01:30:00Z,900,false,1.831118,0.754257,0.437210,0.859594
N20261106-S006,N20261106,2026-11-07T01:45:00Z,900,true,1.790643,0.565601,0.487763,0.890521
N20261106-S007,N20261106,2026-11-07T02:00:00Z,900,true,1.197435,0.514431,0.483036,0.797999
N20261106-S008,N20261106,2026-11-07T02:15:00Z,900,true,1.734054,0.504876,0.663289,0.841160
N20261106-S009,N20261106,2026-11-07T02:30:00Z,900,true,1.569501,0.564994,0.550612,0.900389
N20261106-S010,N20261106,2026-11-07T02:45:00Z,900,true,1.446838,0.601908,0.554460,0.845549
N20261106-S011,N20261106,2026-11-07T03:00:00Z,900,true,1.519254,0.474935,0.545630,0.868283
N20261106-S012,N20261106,2026-11-07T03:15:00Z,900,true,1.246139,0.638754,0.672961,0.824920
N20261106-S013,N20261106,2026-11-07T03:30:00Z,900,true,1.904261,0.501393,0.659906,0.866022
N20261106-S014,N20261106,2026-11-07T03:45:00Z,900,true,1.343785,0.456408,0.421587,0.870766
N20261106-S015,N20261106,2026-11-07T04:00:00Z,900,true,1.648234,0.592683,0.465315,0.902761
N20261106-S016,N20261106,2026-11-07T04:15:00Z,900,true,1.525920,0.472964,0.564129,0.854262
N20261106-S017,N20261106,2026-11-07T04:30:00Z,900,true,1.576484,0.493738,0.424230,0.832386
N20261106-S018,N20261106,2026-11-07T04:45:00Z,900,true,1.268284,0.657437,0.566414,0.916917
N20261106-S019,N20261106,2026-11-07T05:00:00Z,900,true,1.674062,0.710536,0.444175,0.896877
N20261106-S020,N20261106,2026-11-07T05:15:00Z,900,true,1.280628,0.612550,0.649367,0.788155
N20261106-S021,N20261106,2026-11-07T05:30:00Z,900,true,1.852902,0.504441,0.771927,0.892638
N20261106-S022,N20261106,2026-11-07T05:45:00Z,900,true,1.444965,0.701362,0.598147,0.787369
N20261106-S023,N20261106,2026-11-07T06:00:00Z,900,true,1.847975,0.774587,0.542561,0.865652
N20261106-S024,N20261106,2026-11-07T06:15:00Z,900,true,1.585395,0.755160,0.708471,0.771593
N20261106-S025,N20261106,2026-11-07T06:30:00Z,900,true,1.558575,0.560928,0.619585,0.820170
N20261106-S026,N20261106,2026-11-07T06:45:00Z,900,true,1.224612,0.490741,0.603627,0.793671
N20261106-S027,N20261106,2026-11-07T07:00:00Z,900,true,1.532284,0.751039,0.528477,0.897233
N20261106-S028,N20261106,2026-11-07T07:15:00Z,900,true,1.519994,0.661489,0.731596,0.846954
N20261106-S029,N20261106,2026-11-07T07:30:00Z,900,true,1.303616,0.484144,0.646270,0.842741
N20261106-S030,N20261106,2026-11-07T07:45:00Z,900,true,1.228367,0.637830,0.729166,0.840771
N20261106-S031,N20261106,2026-11-07T08:00:00Z,900,true,1.340966,0.622210,0.494452,0.853551
N20261107-S001,N20261107,2026-11-08T00:30:00Z,900,false,1.047735,0.783486,0.812918,0.907718
N20261107-S002,N20261107,2026-11-08T00:45:00Z,900,true,1.121507,0.887734,0.777921,0.959878
N20261107-S003,N20261107,2026-11-08T01:00:00Z,900,true,0.969553,0.899391,0.840154,0.966543
N20261107-S004,N20261107,2026-11-08T01:15:00Z,900,true,0.916152,0.840255,0.737948,0.934761
N20261107-S005,N20261107,2026-11-08T01:30:00Z,900,true,0.989818,0.904576,0.782146,0.950802
N20261107-S006,N20261107,2026-11-08T01:45:00Z,900,true,0.967087,0.943099,0.787931,0.948621
N20261107-S007,N20261107,2026-11-08T02:00:00Z,900,true,0.950570,0.925547,0.908501,0.906794
N20261107-S008,N20261107,2026-11-08T02:15:00Z,900,true,0.855494,0.907239,0.936874,0.962356
N20261107-S009,N20261107,2026-11-08T02:30:00Z,900,true,1.061632,0.887982,0.801080,0.949339
N20261107-S010,N20261107,2026-11-08T02:45:00Z,900,true,1.089835,0.767597,0.885568,0.968870
N20261107-S011,N20261107,2026-11-08T03:00:00Z,900,true,1.184394,0.861930,0.779759,0.952059
N20261107-S012,N20261107,2026-11-08T03:15:00Z,900,true,1.247251,0.826092,0.859384,0.905251
N20261107-S013,N20261107,2026-11-08T03:30:00Z,900,true,1.052006,0.777122,0.878318,0.897352
N20261107-S014,N20261107,2026-11-08T03:45:00Z,900,true,1.185187,0.816705,0.921209,0.922090
N20261107-S015,N20261107,2026-11-08T04:00:00Z,900,true,1.221616,0.740728,0.822231,0.870789
N20261107-S016,N20261107,2026-11-08T04:15:00Z,900,true,1.172282,0.864621,0.882248,0.927086
N20261107-S017,N20261107,2026-11-08T04:30:00Z,900,true,1.155176,0.770589,0.870580,0.893290
N20261107-S018,N20261107,2026-11-08T04:45:00Z,900,true,1.286748,0.769869,0.730718,0.924281
N20261107-S019,N20261107,2026-11-08T05:00:00Z,900,true,0.881712,0.939923,0.900229,0.884688
N20261107-S020,N20261107,2026-11-08T05:15:00Z,900,true,1.034245,0.786421,0.727093,0.973692
N20261107-S021,N20261107,2026-11-08T05:30:00Z,900,true,1.007501,0.745588,0.774911,0.892500
N20261107-S022,N20261107,2026-11-08T05:45:00Z,900,true,0.958523,0.896224,0.784610,0.945028
N20261107-S023,N20261107,2026-11-08T06:00:00Z,900,true,0.919784,0.943135,0.738783,0.884369
N20261107-S024,N20261107,2026-11-08T06:15:00Z,900,true,0.847035,0.804683,0.920562,0.962726
N20261107-S025,N20261107,2026-11-08T06:30:00Z,900,true,1.045715,0.896514,0.822522,0.951127
N20261107-S026,N20261107,2026-11-08T06:45:00Z,900,true,0.859373,0.936459,0.918780,0.954080
N20261107-S027,N20261107,2026-11-08T07:00:00Z,900,true,1.236524,0.781609,0.788988,0.967041
N20261107-S028,N20261107,2026-11-08T07:15:00Z,900,true,0.969455,0.745301,0.929500,0.884608
N20261107-S029,N20261107,2026-11-08T07:30:00Z,900,true,0.884392,0.793725,0.867272,0.946475
N20261107-S030,N20261107,2026-11-08T07:45:00Z,900,true,1.059269,0.816131,0.773892,0.890798
N20261107-S031,N20261107,2026-11-08T08:00:00Z,900,true,0.982559,0.929866,0.864103,0.976514
N20261108-S001,N20261108,2026-11-09T00:30:00Z,900,false,1.523942,0.732995,0.675145,0.878964
N20261108-S002,N20261108,2026-11-09T00:45:00Z,900,true,1.743956,0.530509,0.420261,0.838864
N20261108-S003,N20261108,2026-11-09T01:00:00Z,900,true,1.388217,0.511569,0.626927,0.879733
N20261108-S004,N20261108,2026-11-09T01:15:00Z,900,true,1.195534,0.441982,0.621510,0.891130
N20261108-S005,N20261108,2026-11-09T01:30:00Z,900,true,1.408431,0.651288,0.452392,0.874655
N20261108-S006,N20261108,2026-11-09T01:45:00Z,900,true,1.315410,0.638213,0.749489,0.897888
N20261108-S007,N20261108,2026-11-09T02:00:00Z,900,true,1.740327,0.688048,0.467973,0.801115
N20261108-S008,N20261108,2026-11-09T02:15:00Z,900,true,1.440432,0.722965,0.455861,0.869135
N20261108-S009,N20261108,2026-11-09T02:30:00Z,900,true,1.498404,0.668574,0.587258,0.898430
N20261108-S010,N20261108,2026-11-09T02:45:00Z,900,true,1.178325,0.675503,0.490539,0.861011
N20261108-S011,N20261108,2026-11-09T03:00:00Z,900,true,1.724656,0.525823,0.564146,0.907740
N20261108-S012,N20261108,2026-11-09T03:15:00Z,900,true,1.329192,0.666905,0.639080,0.817624
N20261108-S013,N20261108,2026-11-09T03:30:00Z,900,true,1.650000,0.593331,0.698695,0.804099
N20261108-S014,N20261108,2026-11-09T03:45:00Z,900,true,1.467881,0.745308,0.578173,0.838156
N20261108-S015,N20261108,2026-11-09T04:00:00Z,900,true,1.647895,0.619713,0.650960,0.810870
N20261108-S016,N20261108,2026-11-09T04:15:00Z,900,true,1.556331,0.724778,0.452356,0.837547
N20261108-S017,N20261108,2026-11-09T04:30:00Z,900,true,1.853904,0.503267,0.618065,0.894452
N20261108-S018,N20261108,2026-11-09T04:45:00Z,900,true,1.812908,0.513403,0.674056,0.927395
N20261108-S019,N20261108,2026-11-09T05:00:00Z,900,true,1.554918,0.533027,0.485638,0.796182
N20261108-S020,N20261108,2026-11-09T05:15:00Z,900,true,1.713492,0.681171,0.715781,0.845725
N20261108-S021,N20261108,2026-11-09T05:30:00Z,900,true,1.816594,0.530275,0.484751,0.810830
N20261108-S022,N20261108,2026-11-09T05:45:00Z,900,true,1.440917,0.726053,0.755324,0.841921
N20261108-S023,N20261108,2026-11-09T06:00:00Z,900,true,1.483215,0.762143,0.466161,0.865810
N20261108-S024,N20261108,2026-11-09T06:15:00Z,900,true,1.402312,0.464311,0.720907,0.891412
N20261108-S025,N20261108,2026-11-09T06:30:00Z,900,true,1.647725,0.545450,0.567329,0.885337
N20261108-S026,N20261108,2026-11-09T06:45:00Z,900,true,1.179410,0.766129,0.554699,0.809714
N20261108-S027,N20261108,2026-11-09T07:00:00Z,900,true,1.631094,0.546914,0.731561,0.853111
N20261108-S028,N20261108,2026-11-09T07:15:00Z,900,true,1.845996,0.692430,0.478330,0.816079
N20261108-S029,N20261108,2026-11-09T07:30:00Z,900,true,1.628213,0.601068,0.767595,0.851055
N20261108-S030,N20261108,2026-11-09T07:45:00Z,900,true,1.895735,0.777929,0.620746,0.789082
N20261108-S031,N20261108,2026-11-09T08:00:00Z,900,true,1.884425,0.558040,0.507097,0.810387
N20261109-S001,N20261109,2026-11-10T00:30:00Z,900,true,1.199510,0.769457,0.806343,0.954929
N20261109-S002,N20261109,2026-11-10T00:45:00Z,900,true,1.136358,0.824099,0.763526,0.957645
N20261109-S003,N20261109,2026-11-10T01:00:00Z,900,true,1.076032,0.856110,0.894766,0.903757
N20261109-S004,N20261109,2026-11-10T01:15:00Z,900,true,1.206754,0.776686,0.834205,0.891323
N20261109-S005,N20261109,2026-11-10T01:30:00Z,900,true,1.159739,0.871126,0.774702,0.875762
N20261109-S006,N20261109,2026-11-10T01:45:00Z,900,true,1.155702,0.841607,0.755609,0.972015
N20261109-S007,N20261109,2026-11-10T02:00:00Z,900,true,0.996006,0.795920,0.834796,0.900509
N20261109-S008,N20261109,2026-11-10T02:15:00Z,900,true,1.240078,0.877367,0.810972,0.898282
N20261109-S009,N20261109,2026-11-10T02:30:00Z,900,true,1.105325,0.832117,0.814538,0.978555
N20261109-S010,N20261109,2026-11-10T02:45:00Z,900,true,1.308664,0.839372,0.843098,0.874063
N20261109-S011,N20261109,2026-11-10T03:00:00Z,900,false,1.163265,0.916845,0.905576,0.956267
N20261109-S012,N20261109,2026-11-10T03:15:00Z,900,true,1.280935,0.876599,0.812336,0.892165
N20261109-S013,N20261109,2026-11-10T03:30:00Z,900,true,1.297613,0.883304,0.905255,0.939197
N20261109-S014,N20261109,2026-11-10T03:45:00Z,900,false,1.119021,0.877894,0.851752,0.888092
N20261109-S015,N20261109,2026-11-10T04:00:00Z,900,true,1.262584,0.947799,0.847225,0.892174
N20261109-S016,N20261109,2026-11-10T04:15:00Z,900,true,1.221098,0.860655,0.929663,0.879089
N20261109-S017,N20261109,2026-11-10T04:30:00Z,900,true,1.060518,0.799792,0.902455,0.882274
N20261109-S018,N20261109,2026-11-10T04:45:00Z,900,true,1.250925,0.837259,0.835065,0.945024
N20261109-S019,N20261109,2026-11-10T05:00:00Z,900,true,1.099163,0.947657,0.840037,0.888541
N20261109-S020,N20261109,2026-11-10T05:15:00Z,900,false,1.146358,0.934712,0.751793,0.898620
N20261109-S021,N20261109,2026-11-10T05:30:00Z,900,true,0.990475,0.922477,0.930139,0.891843
N20261109-S022,N20261109,2026-11-10T05:45:00Z,900,true,0.985958,0.908665,0.914810,0.945507
N20261109-S023,N20261109,2026-11-10T06:00:00Z,900,true,0.955635,0.909343,0.933445,0.930270
N20261109-S024,N20261109,2026-11-10T06:15:00Z,900,true,1.205577,0.794845,0.849672,0.883248
N20261109-S025,N20261109,2026-11-10T06:30:00Z,900,true,1.244388,0.785339,0.939095,0.958759
N20261109-S026,N20261109,2026-11-10T06:45:00Z,900,true,1.291376,0.772134,0.888293,0.900237
N20261109-S027,N20261109,2026-11-10T07:00:00Z,900,true,1.288644,0.792747,0.737772,0.931317
N20261109-S028,N20261109,2026-11-10T07:15:00Z,900,true,1.108058,0.894911,0.880857,0.944566
N20261109-S029,N20261109,2026-11-10T07:30:00Z,900,true,1.045055,0.753503,0.798047,0.936625
N20261109-S030,N20261109,2026-11-10T07:45:00Z,900,true,1.080631,0.829118,0.745449,0.876726
N20261109-S031,N20261109,2026-11-10T08:00:00Z,900,true,1.072450,0.915677,0.754989,0.912725
N20261110-S001,N20261110,2026-11-11T00:30:00Z,900,true,1.315984,0.884275,0.890247,0.896419
N20261110-S002,N20261110,2026-11-11T00:45:00Z,900,true,1.280125,0.907957,0.730604,0.885791
N20261110-S003,N20261110,2026-11-11T01:00:00Z,900,true,0.871539,0.874204,0.815558,0.877232
N20261110-S004,N20261110,2026-11-11T01:15:00Z,900,true,0.851468,0.860211,0.906740,0.890764
N20261110-S005,N20261110,2026-11-11T01:30:00Z,900,true,0.902712,0.816545,0.823473,0.954901
N20261110-S006,N20261110,2026-11-11T01:45:00Z,900,true,1.178174,0.809716,0.877018,0.945023
N20261110-S007,N20261110,2026-11-11T02:00:00Z,900,true,0.899818,0.856951,0.825147,0.970221
N20261110-S008,N20261110,2026-11-11T02:15:00Z,900,true,0.949590,0.761280,0.769863,0.913748
N20261110-S009,N20261110,2026-11-11T02:30:00Z,900,true,1.319303,0.936593,0.727892,0.916221
N20261110-S010,N20261110,2026-11-11T02:45:00Z,900,true,1.277455,0.742144,0.832063,0.950878
N20261110-S011,N20261110,2026-11-11T03:00:00Z,900,true,0.887154,0.864513,0.750857,0.898142
N20261110-S012,N20261110,2026-11-11T03:15:00Z,900,true,1.071936,0.929456,0.842153,0.954850
N20261110-S013,N20261110,2026-11-11T03:30:00Z,900,true,0.919376,0.820278,0.794817,0.895421
N20261110-S014,N20261110,2026-11-11T03:45:00Z,900,true,0.886493,0.769452,0.882882,0.936426
N20261110-S015,N20261110,2026-11-11T04:00:00Z,900,true,1.082878,0.910727,0.743046,0.878002
N20261110-S016,N20261110,2026-11-11T04:15:00Z,900,true,1.339657,0.818492,0.879136,0.908950
N20261110-S017,N20261110,2026-11-11T04:30:00Z,900,true,0.986370,0.930600,0.864885,0.928305
N20261110-S018,N20261110,2026-11-11T04:45:00Z,900,true,0.998195,0.762734,0.749540,0.924209
N20261110-S019,N20261110,2026-11-11T05:00:00Z,900,true,1.138253,0.863724,0.731395,0.877895
N20261110-S020,N20261110,2026-11-11T05:15:00Z,900,true,1.171061,0.832838,0.797977,0.883507
N20261110-S021,N20261110,2026-11-11T05:30:00Z,900,true,1.262173,0.837575,0.877230,0.888106
N20261110-S022,N20261110,2026-11-11T05:45:00Z,900,true,0.887685,0.853627,0.816626,0.943957
N20261110-S023,N20261110,2026-11-11T06:00:00Z,900,true,1.145789,0.841993,0.786187,0.957664
N20261110-S024,N20261110,2026-11-11T06:15:00Z,900,true,0.943778,0.807046,0.878183,0.935587
N20261110-S025,N20261110,2026-11-11T06:30:00Z,900,true,0.960517,0.794489,0.825592,0.958145
N20261110-S026,N20261110,2026-11-11T06:45:00Z,900,true,0.912261,0.927342,0.865808,0.881760
N20261110-S027,N20261110,2026-11-11T07:00:00Z,900,true,1.096824,0.786705,0.742848,0.927569
N20261110-S028,N20261110,2026-11-11T07:15:00Z,900,true,0.973373,0.803376,0.726344,0.922056
N20261110-S029,N20261110,2026-11-11T07:30:00Z,900,true,1.298060,0.767004,0.800117,0.934758
N20261110-S030,N20261110,2026-11-11T07:45:00Z,900,true,1.111940,0.897991,0.806636,0.896828
N20261110-S031,N20261110,2026-11-11T08:00:00Z,900,true,1.006658,0.778610,0.858005,0.958597
N20261111-S001,N20261111,2026-11-12T00:30:00Z,900,false,1.161038,0.807172,0.863081,0.926784
N20261111-S002,N20261111,2026-11-12T00:45:00Z,900,true,1.244387,0.780572,0.798774,0.905711
N20261111-S003,N20261111,2026-11-12T01:00:00Z,900,true,1.285940,0.916947,0.857972,0.976013
N20261111-S004,N20261111,2026-11-12T01:15:00Z,900,true,1.219646,0.813012,0.745087,0.917538
N20261111-S005,N20261111,2026-11-12T01:30:00Z,900,true,1.271635,0.900914,0.881106,0.914479
N20261111-S006,N20261111,2026-11-12T01:45:00Z,900,true,1.054192,0.800740,0.872551,0.921916
N20261111-S007,N20261111,2026-11-12T02:00:00Z,900,true,0.951102,0.790378,0.889745,0.916029
N20261111-S008,N20261111,2026-11-12T02:15:00Z,900,true,0.889996,0.805595,0.819106,0.945905
N20261111-S009,N20261111,2026-11-12T02:30:00Z,900,true,0.853655,0.740863,0.757182,0.963955
N20261111-S010,N20261111,2026-11-12T02:45:00Z,900,true,1.283115,0.772664,0.796591,0.879553
N20261111-S011,N20261111,2026-11-12T03:00:00Z,900,true,0.906075,0.806205,0.797416,0.918701
N20261111-S012,N20261111,2026-11-12T03:15:00Z,900,true,1.302831,0.753093,0.733528,0.932675
N20261111-S013,N20261111,2026-11-12T03:30:00Z,900,false,1.308231,0.753912,0.826463,0.961650
N20261111-S014,N20261111,2026-11-12T03:45:00Z,900,true,0.841047,0.742898,0.749356,0.933529
N20261111-S015,N20261111,2026-11-12T04:00:00Z,900,true,1.331964,0.852997,0.749470,0.968520
N20261111-S016,N20261111,2026-11-12T04:15:00Z,900,true,1.096533,0.758853,0.853147,0.975588
N20261111-S017,N20261111,2026-11-12T04:30:00Z,900,true,1.179591,0.784824,0.839525,0.954145
N20261111-S018,N20261111,2026-11-12T04:45:00Z,900,true,1.279160,0.881687,0.925607,0.870017
N20261111-S019,N20261111,2026-11-12T05:00:00Z,900,true,1.074596,0.837246,0.925347,0.966343
N20261111-S020,N20261111,2026-11-12T05:15:00Z,900,true,1.170007,0.894291,0.753369,0.893307
N20261111-S021,N20261111,2026-11-12T05:30:00Z,900,true,0.845080,0.808714,0.747512,0.957371
N20261111-S022,N20261111,2026-11-12T05:45:00Z,900,true,0.921627,0.741316,0.794638,0.963154
N20261111-S023,N20261111,2026-11-12T06:00:00Z,900,true,1.113585,0.928336,0.792074,0.926638
N20261111-S024,N20261111,2026-11-12T06:15:00Z,900,true,1.347714,0.889716,0.763840,0.970566
N20261111-S025,N20261111,2026-11-12T06:30:00Z,900,true,1.310650,0.924795,0.927275,0.898067
N20261111-S026,N20261111,2026-11-12T06:45:00Z,900,true,1.064409,0.865211,0.913103,0.977931
N20261111-S027,N20261111,2026-11-12T07:00:00Z,900,true,1.115751,0.843350,0.751481,0.877837
N20261111-S028,N20261111,2026-11-12T07:15:00Z,900,true,1.126717,0.875612,0.739094,0.954998
N20261111-S029,N20261111,2026-11-12T07:30:00Z,900,true,1.175565,0.906478,0.860581,0.912093
N20261111-S030,N20261111,2026-11-12T07:45:00Z,900,true,1.291151,0.782333,0.743358,0.973681
N20261111-S031,N20261111,2026-11-12T08:00:00Z,900,true,1.299857,0.883769,0.933196,0.928900
N20261112-S001,N20261112,2026-11-13T00:30:00Z,900,true,1.195904,0.855941,0.752956,0.947374
N20261112-S002,N20261112,2026-11-13T00:45:00Z,900,true,1.299126,0.766996,0.832616,0.884002
N20261112-S003,N20261112,2026-11-13T01:00:00Z,900,true,1.094009,0.798450,0.796798,0.934938
N20261112-S004,N20261112,2026-11-13T01:15:00Z,900,true,0.855948,0.885812,0.928304,0.940874
N20261112-S005,N20261112,2026-11-13T01:30:00Z,900,true,1.118832,0.848917,0.775067,0.885066
N20261112-S006,N20261112,2026-11-13T01:45:00Z,900,true,1.064886,0.836342,0.763027,0.873670
N20261112-S007,N20261112,2026-11-13T02:00:00Z,900,true,1.341775,0.948621,0.761548,0.969452
N20261112-S008,N20261112,2026-11-13T02:15:00Z,900,true,0.905107,0.945175,0.758766,0.874111
N20261112-S009,N20261112,2026-11-13T02:30:00Z,900,true,1.218393,0.823135,0.851735,0.920151
N20261112-S010,N20261112,2026-11-13T02:45:00Z,900,true,0.962219,0.874794,0.885514,0.919888
N20261112-S011,N20261112,2026-11-13T03:00:00Z,900,true,1.203858,0.845546,0.733470,0.910948
N20261112-S012,N20261112,2026-11-13T03:15:00Z,900,true,1.284493,0.839127,0.825879,0.890101
N20261112-S013,N20261112,2026-11-13T03:30:00Z,900,true,1.039029,0.749141,0.839125,0.903027
N20261112-S014,N20261112,2026-11-13T03:45:00Z,900,true,1.060767,0.898452,0.928318,0.941113
N20261112-S015,N20261112,2026-11-13T04:00:00Z,900,true,0.941785,0.817546,0.801566,0.979583
N20261112-S016,N20261112,2026-11-13T04:15:00Z,900,true,1.020304,0.910230,0.738688,0.920594
N20261112-S017,N20261112,2026-11-13T04:30:00Z,900,true,0.977841,0.742522,0.897038,0.931755
N20261112-S018,N20261112,2026-11-13T04:45:00Z,900,true,1.117835,0.947978,0.732473,0.890101
N20261112-S019,N20261112,2026-11-13T05:00:00Z,900,true,1.185744,0.816047,0.824237,0.975345
N20261112-S020,N20261112,2026-11-13T05:15:00Z,900,true,0.857302,0.817310,0.726978,0.877541
N20261112-S021,N20261112,2026-11-13T05:30:00Z,900,true,1.029329,0.870403,0.891528,0.974055
N20261112-S022,N20261112,2026-11-13T05:45:00Z,900,true,1.045382,0.911814,0.892580,0.899885
N20261112-S023,N20261112,2026-11-13T06:00:00Z,900,true,1.003705,0.843885,0.939198,0.904273
N20261112-S024,N20261112,2026-11-13T06:15:00Z,900,true,1.093135,0.871764,0.772149,0.919714
N20261112-S025,N20261112,2026-11-13T06:30:00Z,900,true,1.077379,0.774354,0.738748,0.876606
N20261112-S026,N20261112,2026-11-13T06:45:00Z,900,true,1.187524,0.836608,0.772901,0.916166
N20261112-S027,N20261112,2026-11-13T07:00:00Z,900,true,1.214046,0.824431,0.743817,0.954172
N20261112-S028,N20261112,2026-11-13T07:15:00Z,900,true,0.977630,0.798918,0.917190,0.913010
N20261112-S029,N20261112,2026-11-13T07:30:00Z,900,true,1.323673,0.888005,0.865198,0.900206
N20261112-S030,N20261112,2026-11-13T07:45:00Z,900,true,0.872078,0.761162,0.860317,0.909099
N20261112-S031,N20261112,2026-11-13T08:00:00Z,900,true,1.325276,0.882314,0.806280,0.879552
N20261113-S001,N20261113,2026-11-14T00:30:00Z,900,true,0.912930,0.753932,0.869519,0.915829
N20261113-S002,N20261113,2026-11-14T00:45:00Z,900,true,1.063287,0.822981,0.792930,0.949384
N20261113-S003,N20261113,2026-11-14T01:00:00Z,900,true,1.163436,0.784649,0.796648,0.964770
N20261113-S004,N20261113,2026-11-14T01:15:00Z,900,true,0.916825,0.898766,0.857291,0.914520
N20261113-S005,N20261113,2026-11-14T01:30:00Z,900,true,1.028818,0.768271,0.734723,0.879395
N20261113-S006,N20261113,2026-11-14T01:45:00Z,900,true,1.244842,0.800364,0.907747,0.918092
N20261113-S007,N20261113,2026-11-14T02:00:00Z,900,true,1.144894,0.771839,0.733796,0.930077
N20261113-S008,N20261113,2026-11-14T02:15:00Z,900,true,1.106231,0.746270,0.815874,0.972732
N20261113-S009,N20261113,2026-11-14T02:30:00Z,900,true,1.047733,0.888259,0.803095,0.963030
N20261113-S010,N20261113,2026-11-14T02:45:00Z,900,true,1.041140,0.882064,0.798960,0.931457
N20261113-S011,N20261113,2026-11-14T03:00:00Z,900,true,0.881028,0.868523,0.829401,0.890309
N20261113-S012,N20261113,2026-11-14T03:15:00Z,900,true,0.934301,0.943025,0.867121,0.873856
N20261113-S013,N20261113,2026-11-14T03:30:00Z,900,true,1.178544,0.809303,0.866397,0.922205
N20261113-S014,N20261113,2026-11-14T03:45:00Z,900,true,1.207426,0.903683,0.768584,0.925190
N20261113-S015,N20261113,2026-11-14T04:00:00Z,900,true,0.909425,0.752599,0.909744,0.921925
N20261113-S016,N20261113,2026-11-14T04:15:00Z,900,false,1.131248,0.945160,0.912454,0.941694
N20261113-S017,N20261113,2026-11-14T04:30:00Z,900,false,1.131877,0.761542,0.861000,0.925086
N20261113-S018,N20261113,2026-11-14T04:45:00Z,900,true,0.963557,0.794808,0.784011,0.889634
N20261113-S019,N20261113,2026-11-14T05:00:00Z,900,true,0.996226,0.765499,0.793942,0.903569
N20261113-S020,N20261113,2026-11-14T05:15:00Z,900,true,0.884919,0.752174,0.768412,0.892389
N20261113-S021,N20261113,2026-11-14T05:30:00Z,900,true,1.238435,0.822091,0.915355,0.928400
N20261113-S022,N20261113,2026-11-14T05:45:00Z,900,true,0.978442,0.934791,0.865151,0.961708
N20261113-S023,N20261113,2026-11-14T06:00:00Z,900,true,1.048625,0.810742,0.724529,0.911856
N20261113-S024,N20261113,2026-11-14T06:15:00Z,900,true,1.215018,0.915463,0.835824,0.976698
N20261113-S025,N20261113,2026-11-14T06:30:00Z,900,true,1.230996,0.767271,0.747689,0.916338
N20261113-S026,N20261113,2026-11-14T06:45:00Z,900,true,1.323126,0.894111,0.840119,0.955465
N20261113-S027,N20261113,2026-11-14T07:00:00Z,900,true,1.269348,0.830383,0.923819,0.909385
N20261113-S028,N20261113,2026-11-14T07:15:00Z,900,true,0.953550,0.766027,0.762626,0.922239
N20261113-S029,N20261113,2026-11-14T07:30:00Z,900,true,0.908143,0.896171,0.779010,0.950878
N20261113-S030,N20261113,2026-11-14T07:45:00Z,900,false,1.304836,0.905927,0.729143,0.956956
N20261113-S031,N20261113,2026-11-14T08:00:00Z,900,true,0.863421,0.760534,0.776831,0.920220
N20261114-S001,N20261114,2026-11-15T00:30:00Z,900,true,1.226538,0.805623,0.724938,0.880616
N20261114-S002,N20261114,2026-11-15T00:45:00Z,900,true,1.008536,0.831979,0.778016,0.900101
N20261114-S003,N20261114,2026-11-15T01:00:00Z,900,true,1.032686,0.785206,0.909992,0.923860
N20261114-S004,N20261114,2026-11-15T01:15:00Z,900,true,1.219409,0.793624,0.728940,0.937331
N20261114-S005,N20261114,2026-11-15T01:30:00Z,900,true,1.161951,0.876039,0.938030,0.897765
N20261114-S006,N20261114,2026-11-15T01:45:00Z,900,true,1.333784,0.764733,0.775738,0.979355
N20261114-S007,N20261114,2026-11-15T02:00:00Z,900,true,1.085507,0.791895,0.936015,0.871840
N20261114-S008,N20261114,2026-11-15T02:15:00Z,900,true,0.945129,0.865751,0.753239,0.945610
N20261114-S009,N20261114,2026-11-15T02:30:00Z,900,true,1.339854,0.803179,0.885447,0.890089
N20261114-S010,N20261114,2026-11-15T02:45:00Z,900,true,1.223623,0.808618,0.753076,0.871360
N20261114-S011,N20261114,2026-11-15T03:00:00Z,900,true,1.171651,0.880773,0.863284,0.936772
N20261114-S012,N20261114,2026-11-15T03:15:00Z,900,true,0.889952,0.849892,0.748149,0.901368
N20261114-S013,N20261114,2026-11-15T03:30:00Z,900,true,0.853276,0.809590,0.752196,0.961166
N20261114-S014,N20261114,2026-11-15T03:45:00Z,900,true,0.902139,0.854548,0.871530,0.900404
N20261114-S015,N20261114,2026-11-15T04:00:00Z,900,true,1.261463,0.898245,0.832386,0.966789
N20261114-S016,N20261114,2026-11-15T04:15:00Z,900,true,1.120060,0.795920,0.816874,0.975219
N20261114-S017,N20261114,2026-11-15T04:30:00Z,900,true,1.192455,0.937869,0.740267,0.960839
N20261114-S018,N20261114,2026-11-15T04:45:00Z,900,true,1.354832,0.770036,0.726044,0.977901
N20261114-S019,N20261114,2026-11-15T05:00:00Z,900,true,1.006101,0.792738,0.783326,0.913821
N20261114-S020,N20261114,2026-11-15T05:15:00Z,900,true,1.290692,0.814489,0.806864,0.974397
N20261114-S021,N20261114,2026-11-15T05:30:00Z,900,true,0.844764,0.862741,0.750005,0.908460
N20261114-S022,N20261114,2026-11-15T05:45:00Z,900,true,1.295477,0.776010,0.749171,0.963705
N20261114-S023,N20261114,2026-11-15T06:00:00Z,900,true,0.946789,0.741112,0.832998,0.926276
N20261114-S024,N20261114,2026-11-15T06:15:00Z,900,true,0.918162,0.930574,0.884361,0.891822
N20261114-S025,N20261114,2026-11-15T06:30:00Z,900,true,1.006677,0.901600,0.927496,0.956628
N20261114-S026,N20261114,2026-11-15T06:45:00Z,900,true,1.138658,0.927849,0.831651,0.967284
N20261114-S027,N20261114,2026-11-15T07:00:00Z,900,true,1.059140,0.884046,0.766488,0.948604
N20261114-S028,N20261114,2026-11-15T07:15:00Z,900,true,1.339790,0.857153,0.751991,0.899178
N20261114-S029,N20261114,2026-11-15T07:30:00Z,900,true,1.317431,0.865258,0.890135,0.956438
N20261114-S030,N20261114,2026-11-15T07:45:00Z,900,true,1.217693,0.936460,0.720804,0.947421
N20261114-S031,N20261114,2026-11-15T08:00:00Z,900,true,1.264637,0.815081,0.818073,0.969129
N20261115-S001,N20261115,2026-11-16T00:30:00Z,900,true,1.858554,0.630346,0.646447,0.776900
N20261115-S002,N20261115,2026-11-16T00:45:00Z,900,true,1.775828,0.779548,0.582644,0.834170
N20261115-S003,N20261115,2026-11-16T01:00:00Z,900,true,1.403876,0.623428,0.600454,0.922848
N20261115-S004,N20261115,2026-11-16T01:15:00Z,900,true,1.403272,0.620280,0.491996,0.771958
N20261115-S005,N20261115,2026-11-16T01:30:00Z,900,true,1.616137,0.778432,0.595590,0.786163
N20261115-S006,N20261115,2026-11-16T01:45:00Z,900,true,1.727136,0.603725,0.450975,0.806294
N20261115-S007,N20261115,2026-11-16T02:00:00Z,900,true,1.560305,0.445317,0.478750,0.902094
N20261115-S008,N20261115,2026-11-16T02:15:00Z,900,true,1.873057,0.598896,0.507933,0.824885
N20261115-S009,N20261115,2026-11-16T02:30:00Z,900,true,1.227996,0.508339,0.629473,0.796380
N20261115-S010,N20261115,2026-11-16T02:45:00Z,900,false,1.804598,0.735221,0.538283,0.872102
N20261115-S011,N20261115,2026-11-16T03:00:00Z,900,true,1.297392,0.696861,0.677061,0.773658
N20261115-S012,N20261115,2026-11-16T03:15:00Z,900,true,1.639901,0.440510,0.433997,0.779524
N20261115-S013,N20261115,2026-11-16T03:30:00Z,900,false,1.619802,0.492400,0.588797,0.840637
N20261115-S014,N20261115,2026-11-16T03:45:00Z,900,true,1.511653,0.688977,0.483932,0.913654
N20261115-S015,N20261115,2026-11-16T04:00:00Z,900,true,1.410477,0.624347,0.720545,0.897922
N20261115-S016,N20261115,2026-11-16T04:15:00Z,900,false,1.297333,0.607705,0.446062,0.795641
N20261115-S017,N20261115,2026-11-16T04:30:00Z,900,true,1.409931,0.633104,0.546742,0.795444
N20261115-S018,N20261115,2026-11-16T04:45:00Z,900,true,1.871963,0.764718,0.543695,0.891871
N20261115-S019,N20261115,2026-11-16T05:00:00Z,900,true,1.418339,0.602552,0.472911,0.875748
N20261115-S020,N20261115,2026-11-16T05:15:00Z,900,true,1.319726,0.606542,0.562870,0.890896
N20261115-S021,N20261115,2026-11-16T05:30:00Z,900,true,1.186857,0.451022,0.441791,0.788990
N20261115-S022,N20261115,2026-11-16T05:45:00Z,900,true,1.520721,0.540182,0.494400,0.800269
N20261115-S023,N20261115,2026-11-16T06:00:00Z,900,true,1.635457,0.725820,0.676638,0.791793
N20261115-S024,N20261115,2026-11-16T06:15:00Z,900,true,1.704302,0.688998,0.635461,0.779490
N20261115-S025,N20261115,2026-11-16T06:30:00Z,900,true,1.907191,0.588591,0.723745,0.903251
N20261115-S026,N20261115,2026-11-16T06:45:00Z,900,true,1.232718,0.480249,0.500415,0.925776
N20261115-S027,N20261115,2026-11-16T07:00:00Z,900,true,1.287052,0.712563,0.522659,0.893177
N20261115-S028,N20261115,2026-11-16T07:15:00Z,900,true,1.603797,0.565901,0.485673,0.910286
N20261115-S029,N20261115,2026-11-16T07:30:00Z,900,true,1.329187,0.606516,0.575508,0.854979
N20261115-S030,N20261115,2026-11-16T07:45:00Z,900,true,1.882724,0.702069,0.722611,0.914942
N20261115-S031,N20261115,2026-11-16T08:00:00Z,900,true,1.268663,0.545222,0.602806,0.879259
N20261116-S001,N20261116,2026-11-17T00:45:00Z,900,true,2.415849,0.164952,0.429705,0.658400
N20261116-S002,N20261116,2026-11-17T01:00:00Z,900,false,2.270262,0.214762,0.239078,0.664157
N20261116-S003,N20261116,2026-11-17T01:15:00Z,900,true,2.149187,0.316424,0.193814,0.841832
N20261116-S004,N20261116,2026-11-17T01:30:00Z,900,true,2.114661,0.390462,0.182276,0.712602
N20261116-S005,N20261116,2026-11-17T01:45:00Z,900,true,2.232026,0.411205,0.354609,0.708321
N20261116-S006,N20261116,2026-11-17T02:00:00Z,900,true,2.527275,0.400353,0.578917,0.622041
N20261116-S007,N20261116,2026-11-17T02:15:00Z,900,false,1.889866,0.355582,0.429784,0.771286
N20261116-S008,N20261116,2026-11-17T02:30:00Z,900,false,2.334626,0.248429,0.342512,0.770963
N20261116-S009,N20261116,2026-11-17T02:45:00Z,900,true,1.961304,0.217315,0.493191,0.722920
N20261116-S010,N20261116,2026-11-17T03:00:00Z,900,true,1.813707,0.502608,0.565707,0.698142
N20261116-S011,N20261116,2026-11-17T03:15:00Z,900,false,1.634134,0.460128,0.547716,0.614754
N20261116-S012,N20261116,2026-11-17T03:30:00Z,900,false,1.799468,0.535236,0.493291,0.629149
N20261116-S013,N20261116,2026-11-17T03:45:00Z,900,true,2.048524,0.285226,0.312669,0.677239
N20261116-S014,N20261116,2026-11-17T04:00:00Z,900,true,1.768050,0.496662,0.397159,0.655018
N20261116-S015,N20261116,2026-11-17T04:15:00Z,900,false,1.744514,0.532051,0.330409,0.731845
N20261116-S016,N20261116,2026-11-17T04:30:00Z,900,true,1.989766,0.189610,0.516876,0.743744
N20261116-S017,N20261116,2026-11-17T04:45:00Z,900,true,1.740893,0.371848,0.317232,0.693852
N20261116-S018,N20261116,2026-11-17T05:00:00Z,900,true,2.256094,0.373958,0.201047,0.833375
N20261116-S019,N20261116,2026-11-17T05:15:00Z,900,false,1.758090,0.360463,0.535577,0.777901
N20261116-S020,N20261116,2026-11-17T05:30:00Z,900,true,2.347538,0.400171,0.216183,0.650364
N20261116-S021,N20261116,2026-11-17T05:45:00Z,900,true,2.482856,0.372562,0.343158,0.744171
N20261116-S022,N20261116,2026-11-17T06:00:00Z,900,true,1.767382,0.369578,0.249200,0.715314
N20261116-S023,N20261116,2026-11-17T06:15:00Z,900,true,2.100290,0.289670,0.346416,0.747544
N20261116-S024,N20261116,2026-11-17T06:30:00Z,900,false,1.644845,0.308562,0.437832,0.668901
N20261116-S025,N20261116,2026-11-17T06:45:00Z,900,true,1.702904,0.399893,0.177912,0.745905
N20261116-S026,N20261116,2026-11-17T07:00:00Z,900,true,1.689484,0.366574,0.319182,0.775919
N20261116-S027,N20261116,2026-11-17T07:15:00Z,900,true,2.602262,0.505691,0.514802,0.672741
N20261116-S028,N20261116,2026-11-17T07:30:00Z,900,true,2.370806,0.332721,0.523136,0.652145
N20261116-S029,N20261116,2026-11-17T07:45:00Z,900,true,2.513459,0.291772,0.435577,0.701074
N20261116-S030,N20261116,2026-11-17T08:00:00Z,900,true,1.925570,0.393447,0.179479,0.655695
N20261117-S001,N20261117,2026-11-18T00:45:00Z,900,true,1.232902,0.930121,0.913653,0.958476
N20261117-S002,N20261117,2026-11-18T01:00:00Z,900,true,0.953173,0.894559,0.809750,0.951194
N20261117-S003,N20261117,2026-11-18T01:15:00Z,900,true,0.961794,0.800299,0.781018,0.943940
N20261117-S004,N20261117,2026-11-18T01:30:00Z,900,true,0.982742,0.797433,0.885079,0.927023
N20261117-S005,N20261117,2026-11-18T01:45:00Z,900,true,1.027601,0.808944,0.868389,0.881911
N20261117-S006,N20261117,2026-11-18T02:00:00Z,900,true,0.957093,0.933335,0.815529,0.901711
N20261117-S007,N20261117,2026-11-18T02:15:00Z,900,true,1.335730,0.884168,0.800155,0.892695
N20261117-S008,N20261117,2026-11-18T02:30:00Z,900,true,0.980845,0.875374,0.759656,0.877855
N20261117-S009,N20261117,2026-11-18T02:45:00Z,900,true,1.312333,0.785671,0.784043,0.914235
N20261117-S010,N20261117,2026-11-18T03:00:00Z,900,true,0.863799,0.900533,0.801384,0.898531
N20261117-S011,N20261117,2026-11-18T03:15:00Z,900,true,1.057385,0.943633,0.819151,0.920433
N20261117-S012,N20261117,2026-11-18T03:30:00Z,900,true,1.000484,0.809143,0.731144,0.902356
N20261117-S013,N20261117,2026-11-18T03:45:00Z,900,true,0.949502,0.783572,0.738231,0.933606
N20261117-S014,N20261117,2026-11-18T04:00:00Z,900,true,1.175729,0.814403,0.800812,0.922295
N20261117-S015,N20261117,2026-11-18T04:15:00Z,900,true,0.939701,0.776938,0.921056,0.899787
N20261117-S016,N20261117,2026-11-18T04:30:00Z,900,true,1.068949,0.873733,0.826832,0.953690
N20261117-S017,N20261117,2026-11-18T04:45:00Z,900,true,0.987185,0.862610,0.838081,0.965605
N20261117-S018,N20261117,2026-11-18T05:00:00Z,900,true,0.872994,0.743842,0.723909,0.976888
N20261117-S019,N20261117,2026-11-18T05:15:00Z,900,false,0.973434,0.761789,0.888250,0.944424
N20261117-S020,N20261117,2026-11-18T05:30:00Z,900,true,0.852444,0.764087,0.762239,0.873401
N20261117-S021,N20261117,2026-11-18T05:45:00Z,900,true,1.268739,0.741434,0.822033,0.920027
N20261117-S022,N20261117,2026-11-18T06:00:00Z,900,true,0.901198,0.920819,0.864385,0.931392
N20261117-S023,N20261117,2026-11-18T06:15:00Z,900,true,0.855822,0.848620,0.814562,0.944158
N20261117-S024,N20261117,2026-11-18T06:30:00Z,900,true,1.174787,0.749909,0.827856,0.909093
N20261117-S025,N20261117,2026-11-18T06:45:00Z,900,true,1.038912,0.755327,0.761390,0.964702
N20261117-S026,N20261117,2026-11-18T07:00:00Z,900,true,1.110113,0.879260,0.778156,0.895611
N20261117-S027,N20261117,2026-11-18T07:15:00Z,900,true,0.925961,0.942235,0.881834,0.964090
N20261117-S028,N20261117,2026-11-18T07:30:00Z,900,true,1.202129,0.924777,0.759897,0.941787
N20261117-S029,N20261117,2026-11-18T07:45:00Z,900,true,1.243800,0.779614,0.853656,0.913494
N20261117-S030,N20261117,2026-11-18T08:00:00Z,900,true,1.151803,0.818631,0.921921,0.975942
N20261118-S001,N20261118,2026-11-19T00:45:00Z,900,true,1.081891,0.919590,0.899872,0.902109
N20261118-S002,N20261118,2026-11-19T01:00:00Z,900,true,0.877239,0.886769,0.799416,0.971026
N20261118-S003,N20261118,2026-11-19T01:15:00Z,900,true,1.308579,0.836912,0.863047,0.904062
N20261118-S004,N20261118,2026-11-19T01:30:00Z,900,true,1.195993,0.908353,0.754770,0.923481
N20261118-S005,N20261118,2026-11-19T01:45:00Z,900,true,0.952680,0.760161,0.849286,0.881912
N20261118-S006,N20261118,2026-11-19T02:00:00Z,900,false,1.000215,0.807757,0.742249,0.936411
N20261118-S007,N20261118,2026-11-19T02:15:00Z,900,true,1.104609,0.811327,0.919367,0.895074
N20261118-S008,N20261118,2026-11-19T02:30:00Z,900,true,1.102055,0.834197,0.916864,0.899822
N20261118-S009,N20261118,2026-11-19T02:45:00Z,900,true,1.350454,0.873790,0.858458,0.960826
N20261118-S010,N20261118,2026-11-19T03:00:00Z,900,true,1.279036,0.925519,0.795533,0.897740
N20261118-S011,N20261118,2026-11-19T03:15:00Z,900,true,0.976719,0.888592,0.773252,0.931481
N20261118-S012,N20261118,2026-11-19T03:30:00Z,900,true,1.139501,0.805305,0.836740,0.916455
N20261118-S013,N20261118,2026-11-19T03:45:00Z,900,true,1.045798,0.905791,0.787692,0.926947
N20261118-S014,N20261118,2026-11-19T04:00:00Z,900,true,0.909449,0.915959,0.778866,0.916516
N20261118-S015,N20261118,2026-11-19T04:15:00Z,900,true,0.911529,0.909068,0.733094,0.894827
N20261118-S016,N20261118,2026-11-19T04:30:00Z,900,true,1.282246,0.790011,0.840211,0.963271
N20261118-S017,N20261118,2026-11-19T04:45:00Z,900,true,0.876119,0.780136,0.928236,0.910875
N20261118-S018,N20261118,2026-11-19T05:00:00Z,900,true,0.950718,0.818897,0.882265,0.880235
N20261118-S019,N20261118,2026-11-19T05:15:00Z,900,true,1.075328,0.855758,0.889017,0.962890
N20261118-S020,N20261118,2026-11-19T05:30:00Z,900,true,0.920875,0.885516,0.767634,0.928448
N20261118-S021,N20261118,2026-11-19T05:45:00Z,900,true,1.040595,0.886816,0.721627,0.921343
N20261118-S022,N20261118,2026-11-19T06:00:00Z,900,true,1.075529,0.857374,0.740208,0.900795
N20261118-S023,N20261118,2026-11-19T06:15:00Z,900,true,1.035283,0.878615,0.906985,0.943722
N20261118-S024,N20261118,2026-11-19T06:30:00Z,900,true,0.919940,0.805012,0.721482,0.883609
N20261118-S025,N20261118,2026-11-19T06:45:00Z,900,true,0.859262,0.880421,0.788661,0.889388
N20261118-S026,N20261118,2026-11-19T07:00:00Z,900,true,0.951804,0.756107,0.881648,0.925800
N20261118-S027,N20261118,2026-11-19T07:15:00Z,900,true,1.069555,0.889061,0.876373,0.877425
N20261118-S028,N20261118,2026-11-19T07:30:00Z,900,true,1.196896,0.942720,0.746621,0.956926
N20261118-S029,N20261118,2026-11-19T07:45:00Z,900,true,1.330632,0.902538,0.832812,0.946789
N20261118-S030,N20261118,2026-11-19T08:00:00Z,900,true,0.979046,0.917651,0.778225,0.943993
N20261119-S001,N20261119,2026-11-20T00:45:00Z,900,true,1.898124,0.633853,0.659363,0.801681
N20261119-S002,N20261119,2026-11-20T01:00:00Z,900,true,1.341250,0.535719,0.605389,0.773678
N20261119-S003,N20261119,2026-11-20T01:15:00Z,900,true,1.680834,0.612576,0.540891,0.883397
N20261119-S004,N20261119,2026-11-20T01:30:00Z,900,true,1.381893,0.723132,0.422178,0.879111
N20261119-S005,N20261119,2026-11-20T01:45:00Z,900,false,1.766961,0.446875,0.422811,0.845075
N20261119-S006,N20261119,2026-11-20T02:00:00Z,900,true,1.776228,0.552908,0.646885,0.896883
N20261119-S007,N20261119,2026-11-20T02:15:00Z,900,true,1.753814,0.638489,0.462240,0.803114
N20261119-S008,N20261119,2026-11-20T02:30:00Z,900,true,1.708618,0.515526,0.475033,0.817959
N20261119-S009,N20261119,2026-11-20T02:45:00Z,900,true,1.792723,0.648713,0.747284,0.884617
N20261119-S010,N20261119,2026-11-20T03:00:00Z,900,true,1.436830,0.472070,0.596415,0.783319
N20261119-S011,N20261119,2026-11-20T03:15:00Z,900,true,1.512285,0.491205,0.531261,0.830018
N20261119-S012,N20261119,2026-11-20T03:30:00Z,900,true,1.426320,0.521546,0.591806,0.858038
N20261119-S013,N20261119,2026-11-20T03:45:00Z,900,true,1.260116,0.547511,0.635804,0.865463
N20261119-S014,N20261119,2026-11-20T04:00:00Z,900,true,1.235969,0.640020,0.430891,0.926961
N20261119-S015,N20261119,2026-11-20T04:15:00Z,900,true,1.715171,0.682423,0.746026,0.835710
N20261119-S016,N20261119,2026-11-20T04:30:00Z,900,false,1.908406,0.565129,0.676924,0.792239
N20261119-S017,N20261119,2026-11-20T04:45:00Z,900,true,1.511685,0.778832,0.516411,0.865500
N20261119-S018,N20261119,2026-11-20T05:00:00Z,900,true,1.818773,0.648584,0.572030,0.833516
N20261119-S019,N20261119,2026-11-20T05:15:00Z,900,true,1.896604,0.535045,0.675609,0.896038
N20261119-S020,N20261119,2026-11-20T05:30:00Z,900,true,1.180988,0.473174,0.671783,0.876681
N20261119-S021,N20261119,2026-11-20T05:45:00Z,900,true,1.748075,0.596718,0.565516,0.881912
N20261119-S022,N20261119,2026-11-20T06:00:00Z,900,true,1.162444,0.708861,0.663772,0.823255
N20261119-S023,N20261119,2026-11-20T06:15:00Z,900,false,1.215857,0.591395,0.775529,0.812688
N20261119-S024,N20261119,2026-11-20T06:30:00Z,900,true,1.635550,0.635141,0.604845,0.774181
N20261119-S025,N20261119,2026-11-20T06:45:00Z,900,true,1.605061,0.508559,0.697363,0.772402
N20261119-S026,N20261119,2026-11-20T07:00:00Z,900,true,1.851443,0.687627,0.649273,0.832962
N20261119-S027,N20261119,2026-11-20T07:15:00Z,900,true,1.207795,0.562092,0.743328,0.854817
N20261119-S028,N20261119,2026-11-20T07:30:00Z,900,true,1.496724,0.551490,0.662603,0.901240
N20261119-S029,N20261119,2026-11-20T07:45:00Z,900,true,1.759322,0.506022,0.694792,0.870940
N20261119-S030,N20261119,2026-11-20T08:00:00Z,900,true,1.619183,0.739727,0.667290,0.885003
N20261120-S001,N20261120,2026-11-21T00:45:00Z,900,true,0.873431,0.832743,0.916758,0.958014
N20261120-S002,N20261120,2026-11-21T01:00:00Z,900,true,0.924316,0.886269,0.861749,0.965342
N20261120-S003,N20261120,2026-11-21T01:15:00Z,900,true,1.036105,0.917440,0.826729,0.972880
N20261120-S004,N20261120,2026-11-21T01:30:00Z,900,true,0.874159,0.911748,0.926363,0.953019
N20261120-S005,N20261120,2026-11-21T01:45:00Z,900,true,1.277410,0.926264,0.821218,0.963162
N20261120-S006,N20261120,2026-11-21T02:00:00Z,900,true,1.019149,0.913492,0.799700,0.974159
N20261120-S007,N20261120,2026-11-21T02:15:00Z,900,true,0.853570,0.763345,0.937946,0.886568
N20261120-S008,N20261120,2026-11-21T02:30:00Z,900,true,1.257671,0.880136,0.879386,0.945186
N20261120-S009,N20261120,2026-11-21T02:45:00Z,900,true,0.866351,0.887591,0.729921,0.930393
N20261120-S010,N20261120,2026-11-21T03:00:00Z,900,true,0.979767,0.772844,0.787159,0.948283
N20261120-S011,N20261120,2026-11-21T03:15:00Z,900,true,1.294852,0.870938,0.768879,0.897555
N20261120-S012,N20261120,2026-11-21T03:30:00Z,900,true,1.279250,0.746062,0.737265,0.912062
N20261120-S013,N20261120,2026-11-21T03:45:00Z,900,true,0.948603,0.802586,0.899033,0.966378
N20261120-S014,N20261120,2026-11-21T04:00:00Z,900,true,1.122978,0.890419,0.723406,0.921898
N20261120-S015,N20261120,2026-11-21T04:15:00Z,900,true,1.075483,0.872901,0.835570,0.887922
N20261120-S016,N20261120,2026-11-21T04:30:00Z,900,true,1.104740,0.812022,0.895453,0.881380
N20261120-S017,N20261120,2026-11-21T04:45:00Z,900,true,1.225505,0.748386,0.923460,0.883453
N20261120-S018,N20261120,2026-11-21T05:00:00Z,900,true,0.847725,0.857257,0.857433,0.975289
N20261120-S019,N20261120,2026-11-21T05:15:00Z,900,true,0.907917,0.885385,0.749087,0.975306
N20261120-S020,N20261120,2026-11-21T05:30:00Z,900,false,0.955092,0.751470,0.792717,0.923191
N20261120-S021,N20261120,2026-11-21T05:45:00Z,900,true,1.120971,0.777465,0.727212,0.967086
N20261120-S022,N20261120,2026-11-21T06:00:00Z,900,true,1.214839,0.948498,0.748684,0.972401
N20261120-S023,N20261120,2026-11-21T06:15:00Z,900,false,1.146394,0.908246,0.730269,0.957014
N20261120-S024,N20261120,2026-11-21T06:30:00Z,900,true,0.933724,0.861493,0.806731,0.930416
N20261120-S025,N20261120,2026-11-21T06:45:00Z,900,false,1.191715,0.838113,0.921349,0.945089
N20261120-S026,N20261120,2026-11-21T07:00:00Z,900,true,1.348920,0.928594,0.842017,0.978508
N20261120-S027,N20261120,2026-11-21T07:15:00Z,900,true,1.212939,0.797836,0.722724,0.920814
N20261120-S028,N20261120,2026-11-21T07:30:00Z,900,true,0.955081,0.793184,0.927622,0.935754
N20261120-S029,N20261120,2026-11-21T07:45:00Z,900,true,1.254708,0.862344,0.922044,0.977873
N20261120-S030,N20261120,2026-11-21T08:00:00Z,900,true,1.242613,0.837391,0.774412,0.910690
N20261121-S001,N20261121,2026-11-22T00:45:00Z,900,true,0.998335,0.830668,0.785028,0.944068
N20261121-S002,N20261121,2026-11-22T01:00:00Z,900,true,1.167736,0.930427,0.755468,0.963616
N20261121-S003,N20261121,2026-11-22T01:15:00Z,900,true,1.265711,0.755777,0.911647,0.963970
N20261121-S004,N20261121,2026-11-22T01:30:00Z,900,true,1.266233,0.897492,0.763043,0.932996
N20261121-S005,N20261121,2026-11-22T01:45:00Z,900,true,0.919395,0.881480,0.724461,0.974200
N20261121-S006,N20261121,2026-11-22T02:00:00Z,900,true,1.163804,0.749440,0.780270,0.910855
N20261121-S007,N20261121,2026-11-22T02:15:00Z,900,true,1.212219,0.862386,0.921336,0.946279
N20261121-S008,N20261121,2026-11-22T02:30:00Z,900,true,0.992960,0.899840,0.856146,0.969397
N20261121-S009,N20261121,2026-11-22T02:45:00Z,900,true,1.117265,0.889734,0.814091,0.881477
N20261121-S010,N20261121,2026-11-22T03:00:00Z,900,false,1.092031,0.781110,0.813244,0.907237
N20261121-S011,N20261121,2026-11-22T03:15:00Z,900,true,0.989259,0.935302,0.782136,0.944085
N20261121-S012,N20261121,2026-11-22T03:30:00Z,900,true,1.034245,0.814450,0.921393,0.968592
N20261121-S013,N20261121,2026-11-22T03:45:00Z,900,true,0.986403,0.833524,0.761823,0.910365
N20261121-S014,N20261121,2026-11-22T04:00:00Z,900,true,0.993387,0.815402,0.811961,0.882676
N20261121-S015,N20261121,2026-11-22T04:15:00Z,900,true,0.990974,0.772047,0.802931,0.870149
N20261121-S016,N20261121,2026-11-22T04:30:00Z,900,true,1.233164,0.785628,0.859422,0.933182
N20261121-S017,N20261121,2026-11-22T04:45:00Z,900,false,0.957270,0.837716,0.933135,0.949084
N20261121-S018,N20261121,2026-11-22T05:00:00Z,900,true,0.941964,0.788009,0.725448,0.871189
N20261121-S019,N20261121,2026-11-22T05:15:00Z,900,true,1.288472,0.812421,0.807356,0.882076
N20261121-S020,N20261121,2026-11-22T05:30:00Z,900,true,1.129583,0.887666,0.752366,0.948750
N20261121-S021,N20261121,2026-11-22T05:45:00Z,900,true,1.019859,0.878312,0.784882,0.901488
N20261121-S022,N20261121,2026-11-22T06:00:00Z,900,true,1.204392,0.776323,0.892127,0.962966
N20261121-S023,N20261121,2026-11-22T06:15:00Z,900,true,1.164659,0.779922,0.926625,0.910869
N20261121-S024,N20261121,2026-11-22T06:30:00Z,900,true,1.310518,0.812725,0.781514,0.940205
N20261121-S025,N20261121,2026-11-22T06:45:00Z,900,true,0.925734,0.891950,0.745862,0.958625
N20261121-S026,N20261121,2026-11-22T07:00:00Z,900,true,1.133700,0.742319,0.754106,0.924821
N20261121-S027,N20261121,2026-11-22T07:15:00Z,900,true,1.114103,0.902161,0.830543,0.968898
N20261121-S028,N20261121,2026-11-22T07:30:00Z,900,true,0.913099,0.855775,0.782731,0.895705
N20261121-S029,N20261121,2026-11-22T07:45:00Z,900,true,1.347111,0.865732,0.865557,0.956665
N20261121-S030,N20261121,2026-11-22T08:00:00Z,900,true,0.843643,0.888129,0.873622,0.878881
N20261122-S001,N20261122,2026-11-23T00:45:00Z,900,true,1.682585,0.539687,0.487312,0.860674
N20261122-S002,N20261122,2026-11-23T01:00:00Z,900,true,1.584662,0.445476,0.628151,0.879473
N20261122-S003,N20261122,2026-11-23T01:15:00Z,900,true,1.727753,0.761927,0.547075,0.832130
N20261122-S004,N20261122,2026-11-23T01:30:00Z,900,true,1.378520,0.683146,0.543706,0.814445
N20261122-S005,N20261122,2026-11-23T01:45:00Z,900,true,1.698731,0.602635,0.580664,0.876726
N20261122-S006,N20261122,2026-11-23T02:00:00Z,900,false,1.831523,0.766977,0.604035,0.819697
N20261122-S007,N20261122,2026-11-23T02:15:00Z,900,true,1.468123,0.567256,0.600269,0.843608
N20261122-S008,N20261122,2026-11-23T02:30:00Z,900,true,1.601107,0.485926,0.673127,0.824425
N20261122-S009,N20261122,2026-11-23T02:45:00Z,900,true,1.678201,0.481546,0.646748,0.836860
N20261122-S010,N20261122,2026-11-23T03:00:00Z,900,true,1.184118,0.718065,0.550722,0.841533
N20261122-S011,N20261122,2026-11-23T03:15:00Z,900,false,1.356112,0.602168,0.461983,0.921969
N20261122-S012,N20261122,2026-11-23T03:30:00Z,900,true,1.269919,0.689766,0.714589,0.904312
N20261122-S013,N20261122,2026-11-23T03:45:00Z,900,true,1.707611,0.528448,0.429967,0.837180
N20261122-S014,N20261122,2026-11-23T04:00:00Z,900,true,1.615040,0.579667,0.449445,0.840741
N20261122-S015,N20261122,2026-11-23T04:15:00Z,900,true,1.746811,0.479148,0.633888,0.808789
N20261122-S016,N20261122,2026-11-23T04:30:00Z,900,true,1.225169,0.762007,0.565785,0.871552
N20261122-S017,N20261122,2026-11-23T04:45:00Z,900,true,1.737115,0.556807,0.518079,0.812690
N20261122-S018,N20261122,2026-11-23T05:00:00Z,900,true,1.360389,0.737602,0.750693,0.823057
N20261122-S019,N20261122,2026-11-23T05:15:00Z,900,false,1.343459,0.598804,0.530411,0.798920
N20261122-S020,N20261122,2026-11-23T05:30:00Z,900,true,1.881297,0.703926,0.698688,0.772519
N20261122-S021,N20261122,2026-11-23T05:45:00Z,900,true,1.611446,0.744752,0.774845,0.828760
N20261122-S022,N20261122,2026-11-23T06:00:00Z,900,true,1.775470,0.622942,0.669016,0.918971
N20261122-S023,N20261122,2026-11-23T06:15:00Z,900,true,1.659216,0.745861,0.757918,0.857800
N20261122-S024,N20261122,2026-11-23T06:30:00Z,900,true,1.490890,0.759771,0.616869,0.852628
N20261122-S025,N20261122,2026-11-23T06:45:00Z,900,false,1.782173,0.496168,0.420312,0.792361
N20261122-S026,N20261122,2026-11-23T07:00:00Z,900,true,1.765306,0.657468,0.748453,0.784102
N20261122-S027,N20261122,2026-11-23T07:15:00Z,900,true,1.900966,0.721698,0.607310,0.916692
N20261122-S028,N20261122,2026-11-23T07:30:00Z,900,false,1.444803,0.445555,0.598804,0.874216
N20261122-S029,N20261122,2026-11-23T07:45:00Z,900,true,1.563534,0.487870,0.753247,0.878127
N20261122-S030,N20261122,2026-11-23T08:00:00Z,900,true,1.385633,0.521201,0.686631,0.808484
N20261123-S001,N20261123,2026-11-24T00:45:00Z,900,true,1.720880,0.477862,0.752481,0.818565
N20261123-S002,N20261123,2026-11-24T01:00:00Z,900,true,1.333231,0.538177,0.638577,0.871427
N20261123-S003,N20261123,2026-11-24T01:15:00Z,900,true,1.435781,0.505249,0.739513,0.771418
N20261123-S004,N20261123,2026-11-24T01:30:00Z,900,true,1.508326,0.581992,0.490321,0.774997
N20261123-S005,N20261123,2026-11-24T01:45:00Z,900,true,1.382271,0.448199,0.620708,0.890276
N20261123-S006,N20261123,2026-11-24T02:00:00Z,900,true,1.706812,0.655049,0.555449,0.778319
N20261123-S007,N20261123,2026-11-24T02:15:00Z,900,true,1.715354,0.767593,0.735519,0.827500
N20261123-S008,N20261123,2026-11-24T02:30:00Z,900,true,1.833504,0.541625,0.719846,0.777090
N20261123-S009,N20261123,2026-11-24T02:45:00Z,900,true,1.482117,0.581463,0.513253,0.916039
N20261123-S010,N20261123,2026-11-24T03:00:00Z,900,true,1.296826,0.569895,0.451959,0.897174
N20261123-S011,N20261123,2026-11-24T03:15:00Z,900,true,1.214612,0.568150,0.450538,0.794105
N20261123-S012,N20261123,2026-11-24T03:30:00Z,900,true,1.395608,0.708581,0.458838,0.799220
N20261123-S013,N20261123,2026-11-24T03:45:00Z,900,true,1.669458,0.535069,0.436794,0.894584
N20261123-S014,N20261123,2026-11-24T04:00:00Z,900,true,1.737418,0.776317,0.531304,0.881317
N20261123-S015,N20261123,2026-11-24T04:15:00Z,900,true,1.764688,0.550891,0.516856,0.880038
N20261123-S016,N20261123,2026-11-24T04:30:00Z,900,true,1.288769,0.484816,0.522499,0.852009
N20261123-S017,N20261123,2026-11-24T04:45:00Z,900,true,1.547102,0.738534,0.766703,0.782999
N20261123-S018,N20261123,2026-11-24T05:00:00Z,900,true,1.824166,0.591093,0.424153,0.871284
N20261123-S019,N20261123,2026-11-24T05:15:00Z,900,true,1.889122,0.719370,0.760110,0.809994
N20261123-S020,N20261123,2026-11-24T05:30:00Z,900,true,1.213925,0.482503,0.546240,0.845717
N20261123-S021,N20261123,2026-11-24T05:45:00Z,900,true,1.376033,0.659700,0.637362,0.785146
N20261123-S022,N20261123,2026-11-24T06:00:00Z,900,true,1.532132,0.493287,0.776992,0.822703
N20261123-S023,N20261123,2026-11-24T06:15:00Z,900,true,1.517059,0.550256,0.724548,0.872754
N20261123-S024,N20261123,2026-11-24T06:30:00Z,900,true,1.639459,0.614364,0.649484,0.854370
N20261123-S025,N20261123,2026-11-24T06:45:00Z,900,true,1.288282,0.685042,0.423876,0.853891
N20261123-S026,N20261123,2026-11-24T07:00:00Z,900,true,1.803310,0.452430,0.657544,0.912267
N20261123-S027,N20261123,2026-11-24T07:15:00Z,900,true,1.464707,0.596450,0.666725,0.855558
N20261123-S028,N20261123,2026-11-24T07:30:00Z,900,true,1.631503,0.736697,0.717634,0.862517
N20261123-S029,N20261123,2026-11-24T07:45:00Z,900,true,1.607437,0.501221,0.622300,0.860136
N20261123-S030,N20261123,2026-11-24T08:00:00Z,900,true,1.346291,0.449052,0.756787,0.904139
N20261124-S001,N20261124,2026-11-25T00:45:00Z,900,true,1.121065,0.754050,0.833272,0.960214
N20261124-S002,N20261124,2026-11-25T01:00:00Z,900,false,0.920289,0.872674,0.809023,0.964670
N20261124-S003,N20261124,2026-11-25T01:15:00Z,900,true,1.312058,0.877936,0.773927,0.888695
N20261124-S004,N20261124,2026-11-25T01:30:00Z,900,true,0.854575,0.876924,0.729221,0.950412
N20261124-S005,N20261124,2026-11-25T01:45:00Z,900,true,1.250961,0.942621,0.819717,0.902605
N20261124-S006,N20261124,2026-11-25T02:00:00Z,900,true,1.046642,0.745038,0.909321,0.943996
N20261124-S007,N20261124,2026-11-25T02:15:00Z,900,true,0.900645,0.854472,0.891615,0.883723
N20261124-S008,N20261124,2026-11-25T02:30:00Z,900,true,1.248310,0.835654,0.849593,0.958074
N20261124-S009,N20261124,2026-11-25T02:45:00Z,900,true,1.214085,0.857231,0.935626,0.952522
N20261124-S010,N20261124,2026-11-25T03:00:00Z,900,true,0.846686,0.872962,0.856854,0.972491
N20261124-S011,N20261124,2026-11-25T03:15:00Z,900,true,1.135904,0.778194,0.915290,0.977001
N20261124-S012,N20261124,2026-11-25T03:30:00Z,900,true,1.220774,0.813513,0.927425,0.965359
N20261124-S013,N20261124,2026-11-25T03:45:00Z,900,true,1.331701,0.877303,0.919407,0.915704
N20261124-S014,N20261124,2026-11-25T04:00:00Z,900,true,1.342445,0.779153,0.935657,0.930940
N20261124-S015,N20261124,2026-11-25T04:15:00Z,900,true,1.139262,0.933744,0.827319,0.917288
N20261124-S016,N20261124,2026-11-25T04:30:00Z,900,true,0.988807,0.774344,0.834859,0.942632
N20261124-S017,N20261124,2026-11-25T04:45:00Z,900,true,0.895485,0.840929,0.722286,0.937453
N20261124-S018,N20261124,2026-11-25T05:00:00Z,900,true,1.341548,0.888567,0.871935,0.871453
N20261124-S019,N20261124,2026-11-25T05:15:00Z,900,true,1.139225,0.901506,0.760867,0.898752
N20261124-S020,N20261124,2026-11-25T05:30:00Z,900,true,1.107104,0.788336,0.821144,0.959379
N20261124-S021,N20261124,2026-11-25T05:45:00Z,900,true,1.223942,0.813576,0.754332,0.944933
N20261124-S022,N20261124,2026-11-25T06:00:00Z,900,true,0.989452,0.861660,0.886460,0.946868
N20261124-S023,N20261124,2026-11-25T06:15:00Z,900,true,1.351107,0.844383,0.872617,0.887377
N20261124-S024,N20261124,2026-11-25T06:30:00Z,900,true,1.108356,0.911915,0.855321,0.875738
N20261124-S025,N20261124,2026-11-25T06:45:00Z,900,true,0.939187,0.848800,0.834259,0.901795
N20261124-S026,N20261124,2026-11-25T07:00:00Z,900,true,0.978225,0.912653,0.855284,0.912111
N20261124-S027,N20261124,2026-11-25T07:15:00Z,900,true,1.261680,0.813978,0.769224,0.974633
N20261124-S028,N20261124,2026-11-25T07:30:00Z,900,true,1.203030,0.772052,0.924389,0.913723
N20261124-S029,N20261124,2026-11-25T07:45:00Z,900,true,1.142947,0.896550,0.884932,0.872197
N20261124-S030,N20261124,2026-11-25T08:00:00Z,900,true,1.210735,0.912644,0.852403,0.971111
