slot_id,night_id,timestamp_utc,duration_seconds,is_observable,seeing_arcsec,transparency,sky_quality,instrument_efficiency
N20261004-S001,N20261004,2026-10-05T00:00:00Z,900,true,1.043875,0.794920,0.885046,0.882531
N20261004-S002,N20261004,2026-10-05T00:15:00Z,900,true,1.211771,0.802501,0.943237,0.983398
N20261004-S003,N20261004,2026-10-05T00:30:00Z,900,true,1.318514,0.899053,0.941081,0.929860
N20261004-S004,N20261004,2026-10-05T00:45:00Z,900,true,1.342072,0.798243,0.792582,0.904703
N20261004-S005,N20261004,2026-10-05T01:00:00Z,900,true,1.232466,0.860059,0.805144,0.885860
N20261004-S006,N20261004,2026-10-05T01:15:00Z,900,true,1.130028,0.821606,0.752280,0.918138
N20261004-S007,N20261004,2026-10-05T01:30:00Z,900,true,0.870461,0.803053,0.866173,0.965760
N20261004-S008,N20261004,2026-10-05T01:45:00Z,900,true,1.346315,0.930090,0.944386,0.897372
N20261004-S009,N20261004,2026-10-05T02:00:00Z,900,true,1.256955,0.915193,0.777658,0.937132
N20261004-S010,N20261004,2026-10-05T02:15:00Z,900,true,1.291937,0.751432,0.844095,0.905819
N20261004-S011,N20261004,2026-10-05T02:30:00Z,900,true,1.021713,0.893531,0.782370,0.902822
N20261004-S012,N20261004,2026-10-05T02:45:00Z,900,true,1.071379,0.953787,0.852328,0.985103
N20261004-S013,N20261004,2026-10-05T03:00:00Z,900,true,1.309883,0.788053,0.938019,0.902971
N20261004-S014,N20261004,2026-10-05T03:15:00Z,900,true,1.229242,0.953384,0.817724,0.905932
N20261004-S015,N20261004,2026-10-05T03:30:00Z,900,true,1.356679,0.871121,0.924899,0.954017
N20261004-S016,N20261004,2026-10-05T03:45:00Z,900,true,1.305151,0.766732,0.861704,0.877245
N20261004-S017,N20261004,2026-10-05T04:00:00Z,900,true,1.096631,0.745720,0.835013,0.948858
N20261004-S018,N20261004,2026-10-05T04:15:00Z,900,true,1.082208,0.761152,0.801692,0.881480
N20261004-S019,N20261004,2026-10-05T04:30:00Z,900,true,1.241757,0.839075,0.824567,0.910093
N20261004-S020,N20261004,2026-10-05T04:45:00Z,900,true,1.295653,0.845575,0.897225,0.897066
N20261004-S021,N20261004,2026-10-05T05:00:00Z,900,true,1.321649,0.847733,0.872984,0.961799
N20261004-S022,N20261004,2026-10-05T05:15:00Z,900,true,0.903696,0.787909,0.816418,0.959868
N20261004-S023,N20261004,2026-10-05T05:30:00Z,900,true,0.943749,0.810887,0.897663,0.881559
N20261004-S024,N20261004,2026-10-05T05:45:00Z,900,true,0.950615,0.895195,0.813825,0.921583
N20261004-S025,N20261004,2026-10-05T06:00:00Z,900,true,1.287299,0.948685,0.781113,0.889462
N20261004-S026,N20261004,2026-10-05T06:15:00Z,900,true,1.061103,0.824473,0.873506,0.958752
N20261004-S027,N20261004,2026-10-05T06:30:00Z,900,true,0.969931,0.775055,0.933086,0.944065
N20261004-S028,N20261004,2026-10-05T06:45:00Z,900,true,1.188037,0.876365,0.835401,0.905578
N20261004-S029,N20261004,2026-10-05T07:00:00Z,900,true,0.958569,0.753194,0.744579,0.915276
N20261004-S030,N20261004,2026-10-05T07:15:00Z,900,true,0.982429,0.791990,0.761295,0.921317
N20261004-S031,N20261004,2026-10-05T07:30:00Z,900,true,1.235778,0.780270,0.767606,0.922019
N20261004-S032,N20261004,2026-10-05T07:45:00Z,900,true,1.204718,0.749082,0.845530,0.950577
N20261004-S033,N20261004,2026-10-05T08:00:00Z,900,true,0.872173,0.786377,0.932730,0.931899
N20261004-S034,N20261004,2026-10-05T08:15:00Z,900,true,0.945343,0.866373,0.848288,0.930740
N20261004-S035,N20261004,2026-10-05T08:30:00Z,900,true,0.944033,0.909346,0.900000,0.940756
N20261004-S036,N20261004,2026-10-05T08:45:00Z,900,true,1.384894,0.779579,0.835371,0.980596
N20261005-S001,N20261005,2026-10-06T00:00:00Z,900,true,1.875317,0.644904,0.760171,0.849191
N20261005-S002,N20261005,2026-10-06T00:15:00Z,900,true,1.851556,0.694946,0.623127,0.903847
N20261005-S003,N20261005,2026-10-06T00:30:00Z,900,true,1.929806,0.567772,0.460907,0.788684
N20261005-S004,N20261005,2026-10-06T00:45:00Z,900,true,1.491539,0.646400,0.528232,0.904120
N20261005-S005,N20261005,2026-10-06T01:00:00Z,900,true,1.341840,0.575668,0.529068,0.876374
N20261005-S006,N20261005,2026-10-06T01:15:00Z,900,true,1.271923,0.638946,0.535751,0.787453
N20261005-S007,N20261005,2026-10-06T01:30:00Z,900,true,1.883265,0.459867,0.489845,0.841162
N20261005-S008,N20261005,2026-10-06T01:45:00Z,900,false,1.231673,0.613249,0.709908,0.798340
N20261005-S009,N20261005,2026-10-06T02:00:00Z,900,true,1.653741,0.521989,0.531618,0.869112
N20261005-S010,N20261005,2026-10-06T02:15:00Z,900,true,1.511780,0.685137,0.546644,0.797760
N20261005-S011,N20261005,2026-10-06T02:30:00Z,900,true,1.844702,0.685547,0.575298,0.875866
N20261005-S012,N20261005,2026-10-06T02:45:00Z,900,true,1.327620,0.559675,0.700764,0.865775
N20261005-S013,N20261005,2026-10-06T03:00:00Z,900,true,1.440490,0.447393,0.739859,0.891949
N20261005-S014,N20261005,2026-10-06T03:15:00Z,900,true,1.224502,0.604001,0.551275,0.778167
N20261005-S015,N20261005,2026-10-06T03:30:00Z,900,true,1.206932,0.537622,0.599311,0.858159
N20261005-S016,N20261005,2026-10-06T03:45:00Z,900,true,1.902817,0.725023,0.597596,0.896173
N20261005-S017,N20261005,2026-10-06T04:00:00Z,900,true,1.424205,0.658056,0.720341,0.909070
N20261005-S018,N20261005,2026-10-06T04:15:00Z,900,false,1.276990,0.484243,0.746770,0.857264
N20261005-S019,N20261005,2026-10-06T04:30:00Z,900,true,1.799840,0.730055,0.572125,0.791344
N20261005-S020,N20261005,2026-10-06T04:45:00Z,900,false,1.376819,0.579653,0.779691,0.782939
N20261005-S021,N20261005,2026-10-06T05:00:00Z,900,true,1.563235,0.772862,0.667816,0.919285
N20261005-S022,N20261005,2026-10-06T05:15:00Z,900,true,1.442026,0.688493,0.484950,0.785319
N20261005-S023,N20261005,2026-10-06T05:30:00Z,900,true,1.465302,0.535450,0.495989,0.868022
N20261005-S024,N20261005,2026-10-06T05:45:00Z,900,true,1.926787,0.633047,0.780071,0.885512
N20261005-S025,N20261005,2026-10-06T06:00:00Z,900,true,1.480720,0.508777,0.634441,0.871561
N20261005-S026,N20261005,2026-10-06T06:15:00Z,900,true,1.611478,0.620657,0.707602,0.817752
N20261005-S027,N20261005,2026-10-06T06:30:00Z,900,true,1.377729,0.692284,0.619990,0.834076
N20261005-S028,N20261005,2026-10-06T06:45:00Z,900,true,1.354213,0.463661,0.547718,0.936666
N20261005-S029,N20261005,2026-10-06T07:00:00Z,900,true,1.889400,0.710758,0.478409,0.812246
N20261005-S030,N20261005,2026-10-06T07:15:00Z,900,true,1.229843,0.450315,0.555145,0.859411
N20261005-S031,N20261005,2026-10-06T07:30:00Z,900,true,1.647929,0.759419,0.481430,0.820977
N20261005-S032,N20261005,2026-10-06T07:45:00Z,900,true,1.569783,0.526393,0.730377,0.861059
N20261005-S033,N20261005,2026-10-06T08:00:00Z,900,true,1.891739,0.460357,0.443189,0.913859
N20261005-S034,N20261005,2026-10-06T08:15:00Z,900,true,1.317380,0.548912,0.632413,0.780126
N20261005-S035,N20261005,2026-10-06T08:30:00Z,900,true,1.292897,0.512068,0.701229,0.777365
N20261006-S001,N20261006,2026-10-07T00:15:00Z,900,true,1.776953,0.447472,0.737047,0.846887
N20261006-S002,N20261006,2026-10-07T00:30:00Z,900,false,1.395680,0.466202,0.726341,0.782202
N20261006-S003,N20261006,2026-10-07T00:45:00Z,900,true,1.602093,0.615196,0.580136,0.787812
N20261006-S004,N20261006,2026-10-07T01:00:00Z,900,true,1.274221,0.695402,0.760915,0.925891
N20261006-S005,N20261006,2026-10-07T01:15:00Z,900,true,1.195165,0.483602,0.546810,0.884027
N20261006-S006,N20261006,2026-10-07T01:30:00Z,900,true,1.295385,0.707601,0.694544,0.821089
N20261006-S007,N20261006,2026-10-07T01:45:00Z,900,true,1.325835,0.448057,0.484693,0.920345
N20261006-S008,N20261006,2026-10-07T02:00:00Z,900,true,1.304221,0.496746,0.536968,0.884613
N20261006-S009,N20261006,2026-10-07T02:15:00Z,900,true,1.556653,0.480114,0.723881,0.833246
N20261006-S010,N20261006,2026-10-07T02:30:00Z,900,true,1.872362,0.527384,0.491550,0.791696
N20261006-S011,N20261006,2026-10-07T02:45:00Z,900,true,1.853912,0.592461,0.745142,0.854819
N20261006-S012,N20261006,2026-10-07T03:00:00Z,900,true,1.197961,0.603908,0.670681,0.816929
N20261006-S013,N20261006,2026-10-07T03:15:00Z,900,true,1.933355,0.494711,0.680445,0.798627
N20261006-S014,N20261006,2026-10-07T03:30:00Z,900,true,1.555852,0.522115,0.659889,0.863206
N20261006-S015,N20261006,2026-10-07T03:45:00Z,900,true,1.531915,0.745960,0.742764,0.871993
N20261006-S016,N20261006,2026-10-07T04:00:00Z,900,true,1.598705,0.546638,0.769865,0.858059
N20261006-S017,N20261006,2026-10-07T04:15:00Z,900,true,1.878056,0.596568,0.624659,0.915764
N20261006-S018,N20261006,2026-10-07T04:30:00Z,900,true,1.641350,0.570773,0.762500,0.779632
N20261006-S019,N20261006,2026-10-07T04:45:00Z,900,true,1.605672,0.779552,0.622519,0.786898
N20261006-S020,N20261006,2026-10-07T05:00:00Z,900,true,1.924589,0.764959,0.574631,0.847166
N20261006-S021,N20261006,2026-10-07T05:15:00Z,900,false,1.929245,0.692025,0.734696,0.893429
N20261006-S022,N20261006,2026-10-07T05:30:00Z,900,true,1.640517,0.549932,0.440086,0.864145
N20261006-S023,N20261006,2026-10-07T05:45:00Z,900,true,1.264641,0.498756,0.770456,0.843541
N20261006-S024,N20261006,2026-10-07T06:00:00Z,900,false,1.581969,0.700964,0.737577,0.777475
N20261006-S025,N20261006,2026-10-07T06:15:00Z,900,true,1.394674,0.728336,0.532668,0.851019
N20261006-S026,N20261006,2026-10-07T06:30:00Z,900,true,1.530899,0.528135,0.688702,0.816075
N20261006-S027,N20261006,2026-10-07T06:45:00Z,900,true,1.196563,0.691892,0.729899,0.838721
N20261006-S028,N20261006,2026-10-07T07:00:00Z,900,true,1.578191,0.641401,0.492338,0.862723
N20261006-S029,N20261006,2026-10-07T07:15:00Z,900,true,1.258160,0.775994,0.448633,0.861767
N20261006-S030,N20261006,2026-10-07T07:30:00Z,900,true,1.422389,0.631631,0.503310,0.792802
N20261006-S031,N20261006,2026-10-07T07:45:00Z,900,true,1.624140,0.540430,0.556554,0.815772
N20261006-S032,N20261006,2026-10-07T08:00:00Z,900,true,1.737583,0.726741,0.645334,0.807845
N20261006-S033,N20261006,2026-10-07T08:15:00Z,900,false,1.596119,0.571666,0.459890,0.914114
N20261006-S034,N20261006,2026-10-07T08:30:00Z,900,true,1.688569,0.514527,0.756349,0.820118
N20261007-S001,N20261007,2026-10-08T00:15:00Z,900,true,1.322522,0.520520,0.489076,0.860357
N20261007-S002,N20261007,2026-10-08T00:30:00Z,900,true,1.495800,0.603187,0.593700,0.803897
N20261007-S003,N20261007,2026-10-08T00:45:00Z,900,true,1.919902,0.607994,0.620343,0.844203
N20261007-S004,N20261007,2026-10-08T01:00:00Z,900,true,1.475217,0.579513,0.472163,0.782978
N20261007-S005,N20261007,2026-10-08T01:15:00Z,900,true,1.934575,0.595888,0.665598,0.897232
N20261007-S006,N20261007,2026-10-08T01:30:00Z,900,false,1.753328,0.770280,0.784020,0.917220
N20261007-S007,N20261007,2026-10-08T01:45:00Z,900,true,1.493558,0.594955,0.558535,0.914423
N20261007-S008,N20261007,2026-10-08T02:00:00Z,900,true,1.507076,0.685628,0.506128,0.783919
N20261007-S009,N20261007,2026-10-08T02:15:00Z,900,true,1.323820,0.479300,0.577902,0.891346
N20261007-S010,N20261007,2026-10-08T02:30:00Z,900,true,1.754731,0.639539,0.546383,0.853132
N20261007-S011,N20261007,2026-10-08T02:45:00Z,900,true,1.744157,0.562644,0.513650,0.882088
N20261007-S012,N20261007,2026-10-08T03:00:00Z,900,true,1.590719,0.491413,0.714360,0.777207
N20261007-S013,N20261007,2026-10-08T03:15:00Z,900,true,1.400241,0.469655,0.755275,0.900536
N20261007-S014,N20261007,2026-10-08T03:30:00Z,900,true,1.294616,0.550459,0.705299,0.893163
N20261007-S015,N20261007,2026-10-08T03:45:00Z,900,true,1.910312,0.475338,0.690542,0.877957
N20261007-S016,N20261007,2026-10-08T04:00:00Z,900,false,1.284264,0.501430,0.633158,0.928815
N20261007-S017,N20261007,2026-10-08T04:15:00Z,900,true,1.312577,0.549131,0.461643,0.934120
N20261007-S018,N20261007,2026-10-08T04:30:00Z,900,true,1.393933,0.697604,0.470566,0.899668
N20261007-S019,N20261007,2026-10-08T04:45:00Z,900,true,1.637585,0.771002,0.434931,0.817739
N20261007-S020,N20261007,2026-10-08T05:00:00Z,900,true,1.472300,0.610467,0.562258,0.851465
N20261007-S021,N20261007,2026-10-08T05:15:00Z,900,true,1.470631,0.732056,0.708039,0.827334
N20261007-S022,N20261007,2026-10-08T05:30:00Z,900,true,1.714635,0.783029,0.777557,0.873563
N20261007-S023,N20261007,2026-10-08T05:45:00Z,900,true,1.917999,0.754684,0.582304,0.842564
N20261007-S024,N20261007,2026-10-08T06:00:00Z,900,true,1.704924,0.450253,0.726048,0.835943
N20261007-S025,N20261007,2026-10-08T06:15:00Z,900,true,1.523487,0.684731,0.498260,0.783292
N20261007-S026,N20261007,2026-10-08T06:30:00Z,900,true,1.270241,0.636776,0.695322,0.822019
N20261007-S027,N20261007,2026-10-08T06:45:00Z,900,true,1.514448,0.759015,0.586372,0.801723
N20261007-S028,N20261007,2026-10-08T07:00:00Z,900,true,1.616690,0.503578,0.646027,0.869593
N20261007-S029,N20261007,2026-10-08T07:15:00Z,900,true,1.554262,0.635360,0.651904,0.859434
N20261007-S030,N20261007,2026-10-08T07:30:00Z,900,true,1.771794,0.481704,0.717909,0.884765
N20261007-S031,N20261007,2026-10-08T07:45:00Z,900,true,1.936616,0.760337,0.636819,0.917927
N20261007-S032,N20261007,2026-10-08T08:00:00Z,900,true,1.653968,0.653958,0.542431,0.854715
N20261007-S033,N20261007,2026-10-08T08:15:00Z,900,true,1.911882,0.521308,0.540176,0.912543
N20261007-S034,N20261007,2026-10-08T08:30:00Z,900,true,1.324391,0.692646,0.676544,0.902083
N20261008-S001,N20261008,2026-10-09T00:15:00Z,900,true,1.168768,0.935360,0.796319,0.882013
N20261008-S002,N20261008,2026-10-09T00:30:00Z,900,true,0.981490,0.902138,0.741459,0.881501
N20261008-S003,N20261008,2026-10-09T00:45:00Z,900,true,1.085470,0.839226,0.930961,0.894203
N20261008-S004,N20261008,2026-10-09T01:00:00Z,900,true,0.961733,0.745462,0.933171,0.980002
N20261008-S005,N20261008,2026-10-09T01:15:00Z,900,true,1.221973,0.872267,0.853960,0.952495
N20261008-S006,N20261008,2026-10-09T01:30:00Z,900,true,1.272897,0.855343,0.869765,0.974334
N20261008-S007,N20261008,2026-10-09T01:45:00Z,900,true,1.313885,0.912201,0.867255,0.918771
N20261008-S008,N20261008,2026-10-09T02:00:00Z,900,true,1.196332,0.909759,0.739285,0.942901
N20261008-S009,N20261008,2026-10-09T02:15:00Z,900,false,1.207638,0.937158,0.818533,0.881099
N20261008-S010,N20261008,2026-10-09T02:30:00Z,900,true,0.882516,0.827970,0.770823,0.897293
N20261008-S011,N20261008,2026-10-09T02:45:00Z,900,true,0.900019,0.878636,0.936616,0.937812
N20261008-S012,N20261008,2026-10-09T03:00:00Z,900,true,0.891540,0.837546,0.832822,0.979055
N20261008-S013,N20261008,2026-10-09T03:15:00Z,900,true,0.953777,0.821769,0.743053,0.936635
N20261008-S014,N20261008,2026-10-09T03:30:00Z,900,true,0.942607,0.903919,0.876567,0.914537
N20261008-S015,N20261008,2026-10-09T03:45:00Z,900,true,0.952529,0.768917,0.776051,0.953143
N20261008-S016,N20261008,2026-10-09T04:00:00Z,900,true,0.961965,0.915769,0.740865,0.945575
N20261008-S017,N20261008,2026-10-09T04:15:00Z,900,true,0.887160,0.922740,0.875816,0.921096
N20261008-S018,N20261008,2026-10-09T04:30:00Z,900,true,1.126786,0.846872,0.919697,0.949293
N20261008-S019,N20261008,2026-10-09T04:45:00Z,900,true,1.033038,0.777838,0.865952,0.931856
N20261008-S020,N20261008,2026-10-09T05:00:00Z,900,true,1.318618,0.838155,0.745474,0.985023
N20261008-S021,N20261008,2026-10-09T05:15:00Z,900,true,1.187429,0.777773,0.835042,0.898664
N20261008-S022,N20261008,2026-10-09T05:30:00Z,900,true,1.212269,0.806398,0.923578,0.953587
N20261008-S023,N20261008,2026-10-09T05:45:00Z,900,true,1.369183,0.882648,0.823539,0.949506
N20261008-S024,N20261008,2026-10-09T06:00:00Z,900,true,1.092243,0.751873,0.746578,0.885874
N20261008-S025,N20261008,2026-10-09T06:15:00Z,900,true,1.318824,0.880222,0.909965,0.972099
N20261008-S026,N20261008,2026-10-09T06:30:00Z,900,false,1.237731,0.771542,0.775710,0.893986
N20261008-S027,N20261008,2026-10-09T06:45:00Z,900,true,1.063981,0.849331,0.929581,0.946130
N20261008-S028,N20261008,2026-10-09T07:00:00Z,900,true,1.277463,0.944387,0.903181,0.970274
N20261008-S029,N20261008,2026-10-09T07:15:00Z,900,true,1.313064,0.808630,0.832763,0.918066
N20261008-S030,N20261008,2026-10-09T07:30:00Z,900,true,1.174559,0.810000,0.915838,0.979861
N20261008-S031,N20261008,2026-10-09T07:45:00Z,900,true,0.960875,0.870741,0.736912,0.885838
N20261008-S032,N20261008,2026-10-09T08:00:00Z,900,true,1.087051,0.888949,0.749107,0.919378
N20261008-S033,N20261008,2026-10-09T08:15:00Z,900,true,1.207138,0.827279,0.899172,0.926481
N20261008-S034,N20261008,2026-10-09T08:30:00Z,900,true,1.348366,0.826205,0.814416,0.895107
N20261009-S001,N20261009,2026-10-10T00:15:00Z,900,true,1.837631,0.253175,0.347830,0.826203
N20261009-S002,N20261009,2026-10-10T00:30:00Z,900,false,2.334099,0.241323,0.558812,0.834206
N20261009-S003,N20261009,2026-10-10T00:45:00Z,900,true,1.679564,0.454272,0.382859,0.730471
N20261009-S004,N20261009,2026-10-10T01:00:00Z,900,true,1.758987,0.520300,0.285027,0.768823
N20261009-S005,N20261009,2026-10-10T01:15:00Z,900,true,1.685389,0.285485,0.535016,0.840546
N20261009-S006,N20261009,2026-10-10T01:30:00Z,900,true,2.450072,0.257890,0.327341,0.675798
N20261009-S007,N20261009,2026-10-10T01:45:00Z,900,true,1.658328,0.395988,0.252975,0.824851
N20261009-S008,N20261009,2026-10-10T02:00:00Z,900,true,1.683266,0.295640,0.460065,0.748454
N20261009-S009,N20261009,2026-10-10T02:15:00Z,900,false,1.727641,0.499892,0.399285,0.626218
N20261009-S010,N20261009,2026-10-10T02:30:00Z,900,true,2.427708,0.506704,0.555781,0.729197
N20261009-S011,N20261009,2026-10-10T02:45:00Z,900,true,1.978314,0.517970,0.219685,0.694427
N20261009-S012,N20261009,2026-10-10T03:00:00Z,900,true,1.734080,0.349260,0.169032,0.731947
N20261009-S013,N20261009,2026-10-10T03:15:00Z,900,true,2.434025,0.293875,0.184036,0.645723
N20261009-S014,N20261009,2026-10-10T03:30:00Z,900,true,1.929404,0.231000,0.567003,0.711100
N20261009-S015,N20261009,2026-10-10T03:45:00Z,900,true,2.572739,0.326268,0.312600,0.649353
N20261009-S016,N20261009,2026-10-10T04:00:00Z,900,true,1.830148,0.467726,0.191008,0.809875
N20261009-S017,N20261009,2026-10-10T04:15:00Z,900,true,1.902479,0.541856,0.469191,0.642418
N20261009-S018,N20261009,2026-10-10T04:30:00Z,900,true,1.749323,0.499487,0.376040,0.736990
N20261009-S019,N20261009,2026-10-10T04:45:00Z,900,true,1.892531,0.399537,0.496852,0.734999
N20261009-S020,N20261009,2026-10-10T05:00:00Z,900,true,2.476147,0.432342,0.444919,0.803799
N20261009-S021,N20261009,2026-10-10T05:15:00Z,900,true,2.193452,0.489442,0.358403,0.695023
N20261009-S022,N20261009,2026-10-10T05:30:00Z,900,true,2.112144,0.293593,0.265974,0.846866
N20261009-S023,N20261009,2026-10-10T05:45:00Z,900,true,2.595928,0.453913,0.546325,0.779473
N20261009-S024,N20261009,2026-10-10T06:00:00Z,900,true,2.157559,0.281315,0.454866,0.749953
N20261009-S025,N20261009,2026-10-10T06:15:00Z,900,true,2.450158,0.389736,0.425413,0.754552
N20261009-S026,N20261009,2026-10-10T06:30:00Z,900,false,2.566724,0.308709,0.450125,0.701743
N20261009-S027,N20261009,2026-10-10T06:45:00Z,900,true,1.728944,0.268243,0.378654,0.672975
N20261009-S028,N20261009,2026-10-10T07:00:00Z,900,true,2.160654,0.435982,0.406373,0.728461
N20261009-S029,N20261009,2026-10-10T07:15:00Z,900,true,2.259551,0.491460,0.498071,0.732500
N20261009-S030,N20261009,2026-10-10T07:30:00Z,900,true,2.443371,0.318686,0.550634,0.750070
N20261009-S031,N20261009,2026-10-10T07:45:00Z,900,false,2.254388,0.206644,0.190142,0.822666
N20261009-S032,N20261009,2026-10-10T08:00:00Z,900,false,2.105710,0.435564,0.335981,0.842844
N20261009-S033,N20261009,2026-10-10T08:15:00Z,900,true,1.987779,0.421041,0.436828,0.778068
N20261009-S034,N20261009,2026-10-10T08:30:00Z,900,true,1.802409,0.299094,0.356144,0.642775
N20261010-S001,N20261010,2026-10-11T00:15:00Z,900,true,1.388822,0.799113,0.889423,0.948730
N20261010-S002,N20261010,2026-10-11T00:30:00Z,900,false,1.096063,0.877477,0.813943,0.952233
N20261010-S003,N20261010,2026-10-11T00:45:00Z,900,true,1.228715,0.933048,0.752647,0.981202
N20261010-S004,N20261010,2026-10-11T01:00:00Z,900,true,1.245144,0.917629,0.811080,0.960675
N20261010-S005,N20261010,2026-10-11T01:15:00Z,900,true,1.101486,0.806725,0.733616,0.960709
N20261010-S006,N20261010,2026-10-11T01:30:00Z,900,true,1.279431,0.856436,0.870019,0.930333
N20261010-S007,N20261010,2026-10-11T01:45:00Z,900,true,1.143700,0.762328,0.913749,0.948559
N20261010-S008,N20261010,2026-10-11T02:00:00Z,900,true,1.322568,0.785051,0.825468,0.905117
N20261010-S009,N20261010,2026-10-11T02:15:00Z,900,true,0.896363,0.824671,0.874446,0.930553
N20261010-S010,N20261010,2026-10-11T02:30:00Z,900,true,1.278843,0.812938,0.917935,0.899730
N20261010-S011,N20261010,2026-10-11T02:45:00Z,900,true,1.159386,0.883628,0.864474,0.965416
N20261010-S012,N20261010,2026-10-11T03:00:00Z,900,true,1.134672,0.802268,0.827671,0.985836
N20261010-S013,N20261010,2026-10-11T03:15:00Z,900,true,1.239128,0.943353,0.921493,0.878423
N20261010-S014,N20261010,2026-10-11T03:30:00Z,900,true,1.123058,0.874050,0.859520,0.922499
N20261010-S015,N20261010,2026-10-11T03:45:00Z,900,true,1.328610,0.791740,0.885567,0.977758
N20261010-S016,N20261010,2026-10-11T04:00:00Z,900,true,0.977879,0.889725,0.737705,0.900283
N20261010-S017,N20261010,2026-10-11T04:15:00Z,900,true,1.196446,0.814682,0.875409,0.905045
N20261010-S018,N20261010,2026-10-11T04:30:00Z,900,true,1.165662,0.825285,0.899997,0.893883
N20261010-S019,N20261010,2026-10-11T04:45:00Z,900,true,1.021079,0.848997,0.839839,0.957371
N20261010-S020,N20261010,2026-10-11T05:00:00Z,900,true,1.133892,0.798341,0.788410,0.919171
N20261010-S021,N20261010,2026-10-11T05:15:00Z,900,true,1.234436,0.924537,0.797500,0.968416
N20261010-S022,N20261010,2026-10-11T05:30:00Z,900,true,0.880422,0.850937,0.863699,0.891080
N20261010-S023,N20261010,2026-10-11T05:45:00Z,900,true,1.122307,0.786838,0.741687,0.948940
N20261010-S024,N20261010,2026-10-11T06:00:00Z,900,true,1.362557,0.831507,0.850956,0.903800
N20261010-S025,N20261010,2026-10-11T06:15:00Z,900,true,1.344948,0.745902,0.861040,0.986098
N20261010-S026,N20261010,2026-10-11T06:30:00Z,900,true,1.322271,0.902880,0.725137,0.941679
N20261010-S027,N20261010,2026-10-11T06:45:00Z,900,true,1.031531,0.887129,0.815353,0.985402
N20261010-S028,N20261010,2026-10-11T07:00:00Z,900,true,1.162994,0.766770,0.862360,0.906916
N20261010-S029,N20261010,2026-10-11T07:15:00Z,900,true,1.237800,0.806057,0.893714,0.906823
N20261010-S030,N20261010,2026-10-11T07:30:00Z,900,true,1.005857,0.864220,0.734757,0.979903
N20261010-S031,N20261010,2026-10-11T07:45:00Z,900,true,1.280828,0.863872,0.943962,0.883938
N20261010-S032,N20261010,2026-10-11T08:00:00Z,900,true,1.165674,0.825658,0.920474,0.943316
N20261010-S033,N20261010,2026-10-11T08:15:00Z,900,true,1.283224,0.846976,0.814497,0.948417
N20261010-S034,N20261010,2026-10-11T08:30:00Z,900,true,0.967235,0.934178,0.767479,0.911558
N20261011-S001,N20261011,2026-10-12T00:15:00Z,900,true,1.183186,0.750173,0.849447,0.962799
N20261011-S002,N20261011,2026-10-12T00:30:00Z,900,true,1.028276,0.776631,0.867895,0.920931
N20261011-S003,N20261011,2026-10-12T00:45:00Z,900,true,0.986853,0.927685,0.729635,0.913904
N20261011-S004,N20261011,2026-10-12T01:00:00Z,900,true,1.247491,0.918780,0.800281,0.924985
N20261011-S005,N20261011,2026-10-12T01:15:00Z,900,true,0.992554,0.880296,0.918992,0.930672
N20261011-S006,N20261011,2026-10-12T01:30:00Z,900,true,1.374642,0.745363,0.928102,0.886396
N20261011-S007,N20261011,2026-10-12T01:45:00Z,900,true,1.143380,0.823759,0.854173,0.913173
N20261011-S008,N20261011,2026-10-12T02:00:00Z,900,true,1.070101,0.931278,0.738411,0.883883
N20261011-S009,N20261011,2026-10-12T02:15:00Z,900,false,1.013002,0.800188,0.909126,0.978223
N20261011-S010,N20261011,2026-10-12T02:30:00Z,900,true,1.157380,0.905531,0.815954,0.964229
N20261011-S011,N20261011,2026-10-12T02:45:00Z,900,true,0.990504,0.940906,0.866451,0.934357
N20261011-S012,N20261011,2026-10-12T03:00:00Z,900,true,1.252454,0.895359,0.895322,0.948771
N20261011-S013,N20261011,2026-10-12T03:15:00Z,900,true,1.325072,0.850405,0.727340,0.880088
N20261011-S014,N20261011,2026-10-12T03:30:00Z,900,true,0.893722,0.746551,0.742160,0.969001
N20261011-S015,N20261011,2026-10-12T03:45:00Z,900,true,1.122110,0.779917,0.862108,0.890641
N20261011-S016,N20261011,2026-10-12T04:00:00Z,900,true,0.934131,0.945492,0.788146,0.877872
N20261011-S017,N20261011,2026-10-12T04:15:00Z,900,true,1.167067,0.906589,0.779026,0.939114
N20261011-S018,N20261011,2026-10-12T04:30:00Z,900,true,1.290301,0.940379,0.803128,0.894366
N20261011-S019,N20261011,2026-10-12T04:45:00Z,900,true,1.339473,0.931658,0.862202,0.969284
N20261011-S020,N20261011,2026-10-12T05:00:00Z,900,true,1.096910,0.861143,0.801643,0.897708
N20261011-S021,N20261011,2026-10-12T05:15:00Z,900,true,1.184616,0.767507,0.741042,0.962420
N20261011-S022,N20261011,2026-10-12T05:30:00Z,900,true,1.227234,0.834427,0.912226,0.897939
N20261011-S023,N20261011,2026-10-12T05:45:00Z,900,true,0.908635,0.939993,0.735398,0.889912
N20261011-S024,N20261011,2026-10-12T06:00:00Z,900,true,1.358690,0.905925,0.803049,0.955558
N20261011-S025,N20261011,2026-10-12T06:15:00Z,900,true,1.058596,0.892598,0.893230,0.901662
N20261011-S026,N20261011,2026-10-12T06:30:00Z,900,true,1.265618,0.768250,0.905874,0.975763
N20261011-S027,N20261011,2026-10-12T06:45:00Z,900,true,1.089740,0.747028,0.800100,0.962115
N20261011-S028,N20261011,2026-10-12T07:00:00Z,900,true,0.889935,0.882786,0.805048,0.914571
N20261011-S029,N20261011,2026-10-12T07:15:00Z,900,true,0.893667,0.859260,0.825024,0.946744
N20261011-S030,N20261011,2026-10-12T07:30:00Z,900,true,0.949440,0.831722,0.764585,0.929719
N20261011-S031,N20261011,2026-10-12T07:45:00Z,900,true,1.020405,0.807559,0.908243,0.887768
N20261011-S032,N20261011,2026-10-12T08:00:00Z,900,true,1.065667,0.823693,0.737064,0.914552
N20261011-S033,N20261011,2026-10-12T08:15:00Z,900,true,0.919168,0.751698,0.878935,0.888426
N20261011-S034,N20261011,2026-10-12T08:30:00Z,900,true,1.248644,0.764753,0.850569,0.976638
N20261012-S001,N20261012,2026-10-13T00:15:00Z,900,true,1.121394,0.940578,0.944319,0.938187
N20261012-S002,N20261012,2026-10-13T00:30:00Z,900,true,1.115235,0.775210,0.941110,0.944882
N20261012-S003,N20261012,2026-10-13T00:45:00Z,900,true,1.327867,0.859744,0.854672,0.934862
N20261012-S004,N20261012,2026-10-13T01:00:00Z,900,true,0.919369,0.918214,0.734634,0.977598
N20261012-S005,N20261012,2026-10-13T01:15:00Z,900,true,1.254263,0.938730,0.871359,0.933981
N20261012-S006,N20261012,2026-10-13T01:30:00Z,900,true,1.223384,0.750524,0.816961,0.981541
N20261012-S007,N20261012,2026-10-13T01:45:00Z,900,true,1.087358,0.912844,0.777017,0.935000
N20261012-S008,N20261012,2026-10-13T02:00:00Z,900,true,1.252482,0.787820,0.725257,0.899031
N20261012-S009,N20261012,2026-10-13T02:15:00Z,900,true,1.199169,0.761199,0.748112,0.978853
N20261012-S010,N20261012,2026-10-13T02:30:00Z,900,true,1.181186,0.772030,0.859730,0.959582
N20261012-S011,N20261012,2026-10-13T02:45:00Z,900,true,1.375722,0.749427,0.857232,0.927513
N20261012-S012,N20261012,2026-10-13T03:00:00Z,900,true,0.974834,0.765751,0.836512,0.926193
N20261012-S013,N20261012,2026-10-13T03:15:00Z,900,true,1.037594,0.953128,0.819304,0.941312
N20261012-S014,N20261012,2026-10-13T03:30:00Z,900,true,1.333360,0.818519,0.904059,0.913182
N20261012-S015,N20261012,2026-10-13T03:45:00Z,900,true,1.282186,0.787472,0.755029,0.893262
N20261012-S016,N20261012,2026-10-13T04:00:00Z,900,true,1.113981,0.754865,0.814703,0.944673
N20261012-S017,N20261012,2026-10-13T04:15:00Z,900,true,0.963019,0.746692,0.754983,0.964132
N20261012-S018,N20261012,2026-10-13T04:30:00Z,900,true,1.063172,0.760714,0.736541,0.953341
N20261012-S019,N20261012,2026-10-13T04:45:00Z,900,true,1.197320,0.750221,0.741774,0.883259
N20261012-S020,N20261012,2026-10-13T05:00:00Z,900,true,0.964856,0.911668,0.837896,0.974052
N20261012-S021,N20261012,2026-10-13T05:15:00Z,900,true,0.948506,0.746535,0.753949,0.985589
N20261012-S022,N20261012,2026-10-13T05:30:00Z,900,true,1.241926,0.937339,0.831342,0.964240
N20261012-S023,N20261012,2026-10-13T05:45:00Z,900,true,1.139226,0.836449,0.817840,0.938345
N20261012-S024,N20261012,2026-10-13T06:00:00Z,900,true,1.333812,0.780065,0.734907,0.923027
N20261012-S025,N20261012,2026-10-13T06:15:00Z,900,false,1.062990,0.937715,0.817322,0.930165
N20261012-S026,N20261012,2026-10-13T06:30:00Z,900,true,1.015920,0.857511,0.872045,0.952630
N20261012-S027,N20261012,2026-10-13T06:45:00Z,900,true,1.356149,0.940117,0.869156,0.883423
N20261012-S028,N20261012,2026-10-13T07:00:00Z,900,true,0.958478,0.898948,0.882163,0.938618
N20261012-S029,N20261012,2026-10-13T07:15:00Z,900,true,1.195449,0.810785,0.923859,0.920971
N20261012-S030,N20261012,2026-10-13T07:30:00Z,900,true,1.044016,0.874518,0.804326,0.897289
N20261012-S031,N20261012,2026-10-13T07:45:00Z,900,true,1.219890,0.900598,0.795225,0.938944
N20261012-S032,N20261012,2026-10-13T08:00:00Z,900,true,0.900750,0.821221,0.829805,0.941328
N20261012-S033,N20261012,2026-10-13T08:15:00Z,900,true,0.894755,0.868880,0.726108,0.883825
N20261012-S034,N20261012,2026-10-13T08:30:00Z,900,true,1.344020,0.748164,0.900730,0.985107
N20261013-S001,N20261013,2026-10-14T00:15:00Z,900,true,1.343725,0.610383,0.715766,0.799122
N20261013-S002,N20261013,2026-10-14T00:30:00Z,900,true,1.336346,0.683380,0.465720,0.789602
N20261013-S003,N20261013,2026-10-14T00:45:00Z,900,false,1.572493,0.514370,0.636555,0.837516
N20261013-S004,N20261013,2026-10-14T01:00:00Z,900,true,1.729029,0.741540,0.545889,0.785044
N20261013-S005,N20261013,2026-10-14T01:15:00Z,900,true,1.782589,0.531621,0.552125,0.800512
N20261013-S006,N20261013,2026-10-14T01:30:00Z,900,true,1.276648,0.538738,0.448147,0.859958
N20261013-S007,N20261013,2026-10-14T01:45:00Z,900,true,1.887743,0.760713,0.650959,0.889116
N20261013-S008,N20261013,2026-10-14T02:00:00Z,900,true,1.370482,0.500958,0.613588,0.821510
N20261013-S009,N20261013,2026-10-14T02:15:00Z,900,true,1.780241,0.696634,0.519081,0.916537
N20261013-S010,N20261013,2026-10-14T02:30:00Z,900,true,1.338502,0.677738,0.486655,0.886913
N20261013-S011,N20261013,2026-10-14T02:45:00Z,900,true,1.751461,0.771445,0.629465,0.796174
N20261013-S012,N20261013,2026-10-14T03:00:00Z,900,true,1.403276,0.472777,0.459463,0.805851
N20261013-S013,N20261013,2026-10-14T03:15:00Z,900,true,1.915909,0.704605,0.637949,0.794221
N20261013-S014,N20261013,2026-10-14T03:30:00Z,900,true,1.894668,0.652585,0.563696,0.856361
N20261013-S015,N20261013,2026-10-14T03:45:00Z,900,false,1.564767,0.638785,0.684940,0.798026
N20261013-S016,N20261013,2026-10-14T04:00:00Z,900,true,1.531323,0.678540,0.756792,0.863572
N20261013-S017,N20261013,2026-10-14T04:15:00Z,900,true,1.604261,0.752896,0.688270,0.843186
N20261013-S018,N20261013,2026-10-14T04:30:00Z,900,true,1.419554,0.486710,0.490376,0.840708
N20261013-S019,N20261013,2026-10-14T04:45:00Z,900,true,1.818567,0.478783,0.734614,0.825150
N20261013-S020,N20261013,2026-10-14T05:00:00Z,900,true,1.911830,0.594917,0.484773,0.844471
N20261013-S021,N20261013,2026-10-14T05:15:00Z,900,true,1.811512,0.623893,0.668291,0.779481
N20261013-S022,N20261013,2026-10-14T05:30:00Z,900,true,1.511006,0.649488,0.743074,0.927284
N20261013-S023,N20261013,2026-10-14T05:45:00Z,900,true,1.251759,0.686200,0.515245,0.921402
N20261013-S024,N20261013,2026-10-14T06:00:00Z,900,true,1.614938,0.453910,0.742080,0.888138
N20261013-S025,N20261013,2026-10-14T06:15:00Z,900,true,1.723558,0.620878,0.691127,0.818059
N20261013-S026,N20261013,2026-10-14T06:30:00Z,900,true,1.930674,0.571457,0.577454,0.811898
N20261013-S027,N20261013,2026-10-14T06:45:00Z,900,true,1.397657,0.477813,0.621607,0.904795
N20261013-S028,N20261013,2026-10-14T07:00:00Z,900,true,1.843632,0.564806,0.500945,0.910499
N20261013-S029,N20261013,2026-10-14T07:15:00Z,900,false,1.362390,0.622916,0.682326,0.815669
N20261013-S030,N20261013,2026-10-14T07:30:00Z,900,true,1.231736,0.671461,0.766377,0.816545
N20261013-S031,N20261013,2026-10-14T07:45:00Z,900,true,1.658399,0.666644,0.772895,0.907151
N20261013-S032,N20261013,2026-10-14T08:00:00Z,900,true,1.311206,0.670735,0.517656,0.778447
N20261013-S033,N20261013,2026-10-14T08:15:00Z,900,true,1.345112,0.506574,0.687228,0.900313
N20261013-S034,N20261013,2026-10-14T08:30:00Z,900,true,1.746827,0.652778,0.446800,0.894023
N20261014-S001,N20261014,2026-10-15T00:15:00Z,900,true,0.995165,0.925723,0.862184,0.906196
N20261014-S002,N20261014,2026-10-15T00:30:00Z,900,true,1.301844,0.914988,0.811290,0.891143
N20261014-S003,N20261014,2026-10-15T00:45:00Z,900,true,1.321336,0.791096,0.904426,0.933201
N20261014-S004,N20261014,2026-10-15T01:00:00Z,900,true,1.153429,0.871362,0.813363,0.929051
N20261014-S005,N20261014,2026-10-15T01:15:00Z,900,true,1.110049,0.950743,0.797769,0.966034
N20261014-S006,N20261014,2026-10-15T01:30:00Z,900,true,1.227516,0.810811,0.853400,0.889086
N20261014-S007,N20261014,2026-10-15T01:45:00Z,900,true,0.987676,0.760495,0.909069,0.981337
N20261014-S008,N20261014,2026-10-15T02:00:00Z,900,true,1.058391,0.953333,0.756500,0.926774
N20261014-S009,N20261014,2026-10-15T02:15:00Z,900,true,1.094131,0.840972,0.873760,0.892920
N20261014-S010,N20261014,2026-10-15T02:30:00Z,900,true,1.376636,0.748144,0.825351,0.985432
N20261014-S011,N20261014,2026-10-15T02:45:00Z,900,true,1.044228,0.808645,0.913764,0.941299
N20261014-S012,N20261014,2026-10-15T03:00:00Z,900,false,0.903324,0.862690,0.816785,0.965117
N20261014-S013,N20261014,2026-10-15T03:15:00Z,900,true,0.985989,0.870620,0.805013,0.910938
N20261014-S014,N20261014,2026-10-15T03:30:00Z,900,true,1.341897,0.789308,0.734861,0.947782
N20261014-S015,N20261014,2026-10-15T03:45:00Z,900,true,1.264024,0.808651,0.766952,0.895747
N20261014-S016,N20261014,2026-10-15T04:00:00Z,900,true,1.308230,0.893872,0.862301,0.900611
N20261014-S017,N20261014,2026-10-15T04:15:00Z,900,true,1.210742,0.794795,0.782945,0.910401
N20261014-S018,N20261014,2026-10-15T04:30:00Z,900,true,1.105360,0.880003,0.840494,0.913638
N20261014-S019,N20261014,2026-10-15T04:45:00Z,900,true,1.076026,0.801293,0.927858,0.891264
N20261014-S020,N20261014,2026-10-15T05:00:00Z,900,true,1.294109,0.772491,0.750436,0.882093
N20261014-S021,N20261014,2026-10-15T05:15:00Z,900,true,1.069099,0.820312,0.875673,0.904630
N20261014-S022,N20261014,2026-10-15T05:30:00Z,900,true,1.030229,0.852713,0.744212,0.884336
N20261014-S023,N20261014,2026-10-15T05:45:00Z,900,true,0.968529,0.851117,0.932595,0.979942
N20261014-S024,N20261014,2026-10-15T06:00:00Z,900,true,1.335360,0.824700,0.762647,0.972829
N20261014-S025,N20261014,2026-10-15T06:15:00Z,900,true,1.370286,0.877654,0.938488,0.968326
N20261014-S026,N20261014,2026-10-15T06:30:00Z,900,true,1.268649,0.885614,0.729311,0.940645
N20261014-S027,N20261014,2026-10-15T06:45:00Z,900,true,1.242243,0.785577,0.800135,0.887707
N20261014-S028,N20261014,2026-10-15T07:00:00Z,900,true,1.246487,0.919486,0.758452,0.950524
N20261014-S029,N20261014,2026-10-15T07:15:00Z,900,false,1.376468,0.778679,0.856701,0.906641
N20261014-S030,N20261014,2026-10-15T07:30:00Z,900,true,1.243009,0.748011,0.758440,0.888367
N20261014-S031,N20261014,2026-10-15T07:45:00Z,900,true,1.274137,0.843743,0.871162,0.926976
N20261014-S032,N20261014,2026-10-15T08:00:00Z,900,true,1.323163,0.882378,0.883241,0.972899
N20261014-S033,N20261014,2026-10-15T08:15:00Z,900,true,1.192417,0.929202,0.867747,0.955402
N20261014-S034,N20261014,2026-10-15T08:30:00Z,900,true,1.151275,0.953108,0.908327,0.886686
N20261015-S001,N20261015,2026-10-16T00:15:00Z,900,true,1.989525,0.478113,0.442334,0.687740
N20261015-S002,N20261015,2026-10-16T00:30:00Z,900,true,2.566347,0.506215,0.267202,0.639435
N20261015-S003,N20261015,2026-10-16T00:45:00Z,900,true,1.898562,0.270020,0.387569,0.724324
N20261015-S004,N20261015,2026-10-16T01:00:00Z,900,true,2.040710,0.450152,0.290575,0.661615
N20261015-S005,N20261015,2026-10-16T01:15:00Z,900,true,2.003546,0.212806,0.234449,0.757773
N20261015-S006,N20261015,2026-10-16T01:30:00Z,900,false,2.120817,0.381207,0.287544,0.780599
N20261015-S007,N20261015,2026-10-16T01:45:00Z,900,true,1.936350,0.170591,0.367141,0.834203
N20261015-S008,N20261015,2026-10-16T02:00:00Z,900,false,2.427611,0.515374,0.423965,0.680141
N20261015-S009,N20261015,2026-10-16T02:15:00Z,900,false,2.388078,0.273553,0.536673,0.727543
N20261015-S010,N20261015,2026-10-16T02:30:00Z,900,true,2.023699,0.221796,0.263361,0.712101
N20261015-S011,N20261015,2026-10-16T02:45:00Z,900,true,1.917928,0.241700,0.445498,0.842032
N20261015-S012,N20261015,2026-10-16T03:00:00Z,900,true,2.483431,0.521070,0.168183,0.736619
N20261015-S013,N20261015,2026-10-16T03:15:00Z,900,true,2.287775,0.415709,0.276706,0.771844
N20261015-S014,N20261015,2026-10-16T03:30:00Z,900,true,2.103068,0.321040,0.498034,0.624069
N20261015-S015,N20261015,2026-10-16T03:45:00Z,900,true,1.783305,0.343648,0.210770,0.762419
N20261015-S016,N20261015,2026-10-16T04:00:00Z,900,true,2.520795,0.543052,0.451397,0.776151
N20261015-S017,N20261015,2026-10-16T04:15:00Z,900,true,2.105063,0.277409,0.217105,0.754431
N20261015-S018,N20261015,2026-10-16T04:30:00Z,900,true,2.478095,0.427187,0.576651,0.790111
N20261015-S019,N20261015,2026-10-16T04:45:00Z,900,true,2.588792,0.221940,0.346203,0.757039
N20261015-S020,N20261015,2026-10-16T05:00:00Z,900,true,1.741232,0.295414,0.400187,0.738799
N20261015-S021,N20261015,2026-10-16T05:15:00Z,900,true,2.585427,0.260072,0.553477,0.660718
N20261015-S022,N20261015,2026-10-16T05:30:00Z,900,true,1.754301,0.507572,0.526383,0.703278
N20261015-S023,N20261015,2026-10-16T05:45:00Z,900,true,2.634618,0.492214,0.178147,0.792923
N20261015-S024,N20261015,2026-10-16T06:00:00Z,900,false,1.647612,0.484378,0.191489,0.673930
N20261015-S025,N20261015,2026-10-16T06:15:00Z,900,true,1.910432,0.340216,0.465155,0.752216
N20261015-S026,N20261015,2026-10-16T06:30:00Z,900,true,1.887170,0.280829,0.225850,0.673355
N20261015-S027,N20261015,2026-10-16T06:45:00Z,900,true,2.606561,0.435648,0.189890,0.750327
N20261015-S028,N20261015,2026-10-16T07:00:00Z,900,true,1.944168,0.481452,0.571387,0.652481
N20261015-S029,N20261015,2026-10-16T07:15:00Z,900,true,2.619686,0.293617,0.254727,0.738078
N20261015-S030,N20261015,2026-10-16T07:30:00Z,900,true,2.128350,0.530022,0.252662,0.743118
N20261015-S031,N20261015,2026-10-16T07:45:00Z,900,true,2.471400,0.216032,0.497600,0.647071
N20261015-S032,N20261015,2026-10-16T08:00:00Z,900,true,1.889956,0.380428,0.270748,0.777482
N20261015-S033,N20261015,2026-10-16T08:15:00Z,900,false,2.377147,0.292832,0.176689,0.816172
N20261015-S034,N20261015,2026-10-16T08:30:00Z,900,true,2.402653,0.384775,0.207521,0.646175
N20261016-S001,N20261016,2026-10-17T00:15:00Z,900,true,0.954204,0.912003,0.873537,0.895611
N20261016-S002,N20261016,2026-10-17T00:30:00Z,900,true,1.157365,0.774626,0.855329,0.977372
N20261016-S003,N20261016,2026-10-17T00:45:00Z,900,true,1.202422,0.792431,0.917759,0.879879
N20261016-S004,N20261016,2026-10-17T01:00:00Z,900,true,1.051508,0.904307,0.925175,0.883227
N20261016-S005,N20261016,2026-10-17T01:15:00Z,900,true,1.227146,0.848263,0.777422,0.885712
N20261016-S006,N20261016,2026-10-17T01:30:00Z,900,true,1.203621,0.844448,0.725665,0.908601
N20261016-S007,N20261016,2026-10-17T01:45:00Z,900,true,1.061960,0.895131,0.855103,0.894523
N20261016-S008,N20261016,2026-10-17T02:00:00Z,900,true,1.259128,0.880058,0.915292,0.902211
N20261016-S009,N20261016,2026-10-17T02:15:00Z,900,true,0.887921,0.813317,0.938755,0.986068
N20261016-S010,N20261016,2026-10-17T02:30:00Z,900,true,1.128658,0.932479,0.726874,0.922075
N20261016-S011,N20261016,2026-10-17T02:45:00Z,900,true,1.215286,0.768411,0.854330,0.920905
N20261016-S012,N20261016,2026-10-17T03:00:00Z,900,true,0.999003,0.814812,0.741562,0.946934
N20261016-S013,N20261016,2026-10-17T03:15:00Z,900,true,1.165320,0.828162,0.792521,0.895052
N20261016-S014,N20261016,2026-10-17T03:30:00Z,900,true,1.016338,0.951460,0.925977,0.952011
N20261016-S015,N20261016,2026-10-17T03:45:00Z,900,true,1.252066,0.821523,0.944725,0.935575
N20261016-S016,N20261016,2026-10-17T04:00:00Z,900,true,0.988586,0.865926,0.924917,0.884578
N20261016-S017,N20261016,2026-10-17T04:15:00Z,900,true,1.139025,0.828923,0.804548,0.951839
N20261016-S018,N20261016,2026-10-17T04:30:00Z,900,true,1.071873,0.936361,0.781100,0.915821
N20261016-S019,N20261016,2026-10-17T04:45:00Z,900,false,1.135436,0.889380,0.795254,0.947709
N20261016-S020,N20261016,2026-10-17T05:00:00Z,900,true,1.185438,0.864403,0.899812,0.933971
N20261016-S021,N20261016,2026-10-17T05:15:00Z,900,true,0.906013,0.906745,0.749873,0.938118
N20261016-S022,N20261016,2026-10-17T05:30:00Z,900,true,1.086449,0.754576,0.919654,0.955234
N20261016-S023,N20261016,2026-10-17T05:45:00Z,900,true,1.259943,0.905537,0.788495,0.963183
N20261016-S024,N20261016,2026-10-17T06:00:00Z,900,true,1.248212,0.752452,0.870391,0.936991
N20261016-S025,N20261016,2026-10-17T06:15:00Z,900,true,1.230829,0.841869,0.744031,0.944122
N20261016-S026,N20261016,2026-10-17T06:30:00Z,900,true,1.242089,0.914928,0.785997,0.968506
N20261016-S027,N20261016,2026-10-17T06:45:00Z,900,true,1.102921,0.832996,0.852645,0.922685
N20261016-S028,N20261016,2026-10-17T07:00:00Z,900,true,0.980072,0.787685,0.746882,0.984406
N20261016-S029,N20261016,2026-10-17T07:15:00Z,900,true,0.963717,0.924121,0.829521,0.879309
N20261016-S030,N20261016,2026-10-17T07:30:00Z,900,true,1.306039,0.748983,0.842034,0.960094
N20261016-S031,N20261016,2026-10-17T07:45:00Z,900,true,1.331935,0.954575,0.884051,0.917081
N20261016-S032,N20261016,2026-10-17T08:00:00Z,900,true,1.230919,0.761208,0.792815,0.928008
N20261016-S033,N20261016,2026-10-17T08:15:00Z,900,true,0.898425,0.851330,0.853556,0.945592
N20261016-S034,N20261016,2026-10-17T08:30:00Z,900,true,0.919304,0.751571,0.765742,0.986544
N20261017-S001,N20261017,2026-10-18T00:15:00Z,900,true,1.258307,0.587129,0.515713,0.777746
N20261017-S002,N20261017,2026-10-18T00:30:00Z,900,true,1.465009,0.642375,0.499210,0.813970
N20261017-S003,N20261017,2026-10-18T00:45:00Z,900,true,1.707987,0.609885,0.457485,0.845018
N20261017-S004,N20261017,2026-10-18T01:00:00Z,900,true,1.332765,0.464889,0.598414,0.799907
N20261017-S005,N20261017,2026-10-18T01:15:00Z,900,true,1.568207,0.729757,0.616795,0.790828
N20261017-S006,N20261017,2026-10-18T01:30:00Z,900,true,1.607354,0.557490,0.452312,0.865557
N20261017-S007,N20261017,2026-10-18T01:45:00Z,900,true,1.218326,0.527078,0.505336,0.907576
N20261017-S008,N20261017,2026-10-18T02:00:00Z,900,true,1.213230,0.729625,0.737496,0.832190
N20261017-S009,N20261017,2026-10-18T02:15:00Z,900,true,1.751620,0.767352,0.763791,0.879736
N20261017-S010,N20261017,2026-10-18T02:30:00Z,900,true,1.804868,0.701593,0.615913,0.846745
N20261017-S011,N20261017,2026-10-18T02:45:00Z,900,true,1.531766,0.694818,0.440088,0.867163
N20261017-S012,N20261017,2026-10-18T03:00:00Z,900,true,1.648356,0.482937,0.735497,0.853712
N20261017-S013,N20261017,2026-10-18T03:15:00Z,900,true,1.665698,0.450731,0.733693,0.854231
N20261017-S014,N20261017,2026-10-18T03:30:00Z,900,true,1.423689,0.738265,0.439846,0.778228
N20261017-S015,N20261017,2026-10-18T03:45:00Z,900,true,1.800233,0.565132,0.772115,0.836849
N20261017-S016,N20261017,2026-10-18T04:00:00Z,900,true,1.598889,0.753019,0.462762,0.874461
N20261017-S017,N20261017,2026-10-18T04:15:00Z,900,true,1.407561,0.534017,0.582236,0.830647
N20261017-S018,N20261017,2026-10-18T04:30:00Z,900,true,1.491126,0.643430,0.604060,0.902514
N20261017-S019,N20261017,2026-10-18T04:45:00Z,900,true,1.687982,0.607869,0.492692,0.935495
N20261017-S020,N20261017,2026-10-18T05:00:00Z,900,true,1.382649,0.598594,0.562735,0.834762
N20261017-S021,N20261017,2026-10-18T05:15:00Z,900,true,1.602256,0.611701,0.490666,0.891575
N20261017-S022,N20261017,2026-10-18T05:30:00Z,900,true,1.909240,0.602093,0.698231,0.795871
N20261017-S023,N20261017,2026-10-18T05:45:00Z,900,true,1.206932,0.752920,0.608158,0.875973
N20261017-S024,N20261017,2026-10-18T06:00:00Z,900,true,1.714782,0.511108,0.428800,0.935811
N20261017-S025,N20261017,2026-10-18T06:15:00Z,900,false,1.437206,0.447804,0.550655,0.864506
N20261017-S026,N20261017,2026-10-18T06:30:00Z,900,true,1.736589,0.621059,0.525017,0.840746
N20261017-S027,N20261017,2026-10-18T06:45:00Z,900,true,1.558826,0.715478,0.669935,0.837199
N20261017-S028,N20261017,2026-10-18T07:00:00Z,900,true,1.672080,0.740554,0.438353,0.790743
N20261017-S029,N20261017,2026-10-18T07:15:00Z,900,true,1.897376,0.659884,0.503603,0.869205
N20261017-S030,N20261017,2026-10-18T07:30:00Z,900,true,1.892288,0.466889,0.745851,0.913705
N20261017-S031,N20261017,2026-10-18T07:45:00Z,900,true,1.667394,0.768905,0.601711,0.851832
N20261017-S032,N20261017,2026-10-18T08:00:00Z,900,true,1.345422,0.673131,0.730345,0.909541
N20261017-S033,N20261017,2026-10-18T08:15:00Z,900,true,1.711844,0.471008,0.613369,0.815933
N20261017-S034,N20261017,2026-10-18T08:30:00Z,900,true,1.699870,0.445210,0.670068,0.923122
N20261018-S001,N20261018,2026-10-19T00:15:00Z,900,true,1.236066,0.772389,0.803256,0.927003
N20261018-S002,N20261018,2026-10-19T00:30:00Z,900,true,1.065001,0.954361,0.802254,0.907025
N20261018-S003,N20261018,2026-10-19T00:45:00Z,900,true,0.991501,0.786733,0.761795,0.924176
N20261018-S004,N20261018,2026-10-19T01:00:00Z,900,true,0.944206,0.844735,0.894851,0.901676
N20261018-S005,N20261018,2026-10-19T01:15:00Z,900,true,1.367267,0.843007,0.914911,0.918817
N20261018-S006,N20261018,2026-10-19T01:30:00Z,900,true,1.327140,0.824623,0.825171,0.966003
N20261018-S007,N20261018,2026-10-19T01:45:00Z,900,true,1.142354,0.935118,0.800027,0.940403
N20261018-S008,N20261018,2026-10-19T02:00:00Z,900,true,1.298798,0.876912,0.727443,0.952340
N20261018-S009,N20261018,2026-10-19T02:15:00Z,900,true,1.263016,0.789041,0.909670,0.900994
N20261018-S010,N20261018,2026-10-19T02:30:00Z,900,true,0.878215,0.765068,0.907106,0.929535
N20261018-S011,N20261018,2026-10-19T02:45:00Z,900,true,1.278832,0.785738,0.754119,0.968808
N20261018-S012,N20261018,2026-10-19T03:00:00Z,900,true,1.096823,0.832650,0.813131,0.903157
N20261018-S013,N20261018,2026-10-19T03:15:00Z,900,true,1.277723,0.775159,0.800567,0.960904
N20261018-S014,N20261018,2026-10-19T03:30:00Z,900,true,1.361687,0.780394,0.807689,0.962921
N20261018-S015,N20261018,2026-10-19T03:45:00Z,900,true,0.883465,0.838000,0.805278,0.943285
N20261018-S016,N20261018,2026-10-19T04:00:00Z,900,true,1.329927,0.800885,0.844990,0.932584
N20261018-S017,N20261018,2026-10-19T04:15:00Z,900,true,1.304549,0.881870,0.895677,0.950405
N20261018-S018,N20261018,2026-10-19T04:30:00Z,900,true,0.973128,0.761877,0.870401,0.965437
N20261018-S019,N20261018,2026-10-19T04:45:00Z,900,true,0.961245,0.747909,0.841817,0.986723
N20261018-S020,N20261018,2026-10-19T05:00:00Z,900,true,0.871130,0.768259,0.750029,0.955715
N20261018-S021,N20261018,2026-10-19T05:15:00Z,900,true,1.113203,0.795978,0.889800,0.924489
N20261018-S022,N20261018,2026-10-19T05:30:00Z,900,true,1.353797,0.934510,0.748867,0.894825
N20261018-S023,N20261018,2026-10-19T05:45:00Z,900,true,1.154083,0.945285,0.758034,0.981914
N20261018-S024,N20261018,2026-10-19T06:00:00Z,900,false,1.040813,0.882004,0.775681,0.948022
N20261018-S025,N20261018,2026-10-19T06:15:00Z,900,true,1.352428,0.754517,0.766897,0.911271
N20261018-S026,N20261018,2026-10-19T06:30:00Z,900,false,1.242867,0.860876,0.822439,0.910473
N20261018-S027,N20261018,2026-10-19T06:45:00Z,900,true,1.316494,0.773816,0.900512,0.914061
N20261018-S028,N20261018,2026-10-19T07:00:00Z,900,false,1.378723,0.754469,0.936996,0.953040
N20261018-S029,N20261018,2026-10-19T07:15:00Z,900,true,1.012153,0.811918,0.846633,0.882477
N20261018-S030,N20261018,2026-10-19T07:30:00Z,900,true,1.036703,0.749232,0.898837,0.900578
N20261018-S031,N20261018,2026-10-19T07:45:00Z,900,true,1.365186,0.806166,0.769038,0.977238
N20261018-S032,N20261018,2026-10-19T08:00:00Z,900,true,0.966667,0.810936,0.837601,0.894454
N20261018-S033,N20261018,2026-10-19T08:15:00Z,900,true,1.023081,0.836884,0.821098,0.881122
N20261018-S034,N20261018,2026-10-19T08:30:00Z,900,true,1.321804,0.755253,0.881595,0.919034
N20261019-S001,N20261019,2026-10-20T00:15:00Z,900,true,1.186065,0.859757,0.755724,0.917939
N20261019-S002,N20261019,2026-10-20T00:30:00Z,900,true,1.243286,0.808907,0.764464,0.895571
N20261019-S003,N20261019,2026-10-20T00:45:00Z,900,true,1.307182,0.780811,0.841789,0.959029
N20261019-S004,N20261019,2026-10-20T01:00:00Z,900,true,1.322578,0.855502,0.761155,0.929084
N20261019-S005,N20261019,2026-10-20T01:15:00Z,900,true,1.010679,0.928168,0.787990,0.922758
N20261019-S006,N20261019,2026-10-20T01:30:00Z,900,true,0.939036,0.863360,0.875813,0.926589
N20261019-S007,N20261019,2026-10-20T01:45:00Z,900,true,1.261745,0.904343,0.899218,0.921721
N20261019-S008,N20261019,2026-10-20T02:00:00Z,900,true,1.120730,0.824886,0.755923,0.902396
N20261019-S009,N20261019,2026-10-20T02:15:00Z,900,true,1.369322,0.844636,0.869916,0.930689
N20261019-S010,N20261019,2026-10-20T02:30:00Z,900,true,1.022058,0.894168,0.926802,0.890669
N20261019-S011,N20261019,2026-10-20T02:45:00Z,900,true,1.378891,0.817866,0.815946,0.957201
N20261019-S012,N20261019,2026-10-20T03:00:00Z,900,true,1.353192,0.754836,0.897842,0.940941
N20261019-S013,N20261019,2026-10-20T03:15:00Z,900,true,1.249198,0.890413,0.804770,0.877829
N20261019-S014,N20261019,2026-10-20T03:30:00Z,900,false,0.986667,0.854995,0.779865,0.961042
N20261019-S015,N20261019,2026-10-20T03:45:00Z,900,true,1.041224,0.914766,0.835573,0.982957
N20261019-S016,N20261019,2026-10-20T04:00:00Z,900,true,1.223492,0.853265,0.879651,0.898688
N20261019-S017,N20261019,2026-10-20T04:15:00Z,900,false,1.043232,0.872010,0.772630,0.963781
N20261019-S018,N20261019,2026-10-20T04:30:00Z,900,true,1.290868,0.948453,0.884882,0.955843
N20261019-S019,N20261019,2026-10-20T04:45:00Z,900,true,1.171024,0.874817,0.740596,0.936217
N20261019-S020,N20261019,2026-10-20T05:00:00Z,900,true,1.270782,0.951376,0.903849,0.922049
N20261019-S021,N20261019,2026-10-20T05:15:00Z,900,true,0.907472,0.799577,0.901426,0.957967
N20261019-S022,N20261019,2026-10-20T05:30:00Z,900,true,1.052908,0.930280,0.923722,0.970498
N20261019-S023,N20261019,2026-10-20T05:45:00Z,900,true,1.274748,0.759352,0.885186,0.916857
N20261019-S024,N20261019,2026-10-20T06:00:00Z,900,true,1.146172,0.812177,0.925226,0.981153
N20261019-S025,N20261019,2026-10-20T06:15:00Z,900,true,1.378467,0.873066,0.840266,0.982666
N20261019-S026,N20261019,2026-10-20T06:30:00Z,900,true,1.322861,0.941555,0.781756,0.896673
N20261019-S027,N20261019,2026-10-20T06:45:00Z,900,true,1.281491,0.937998,0.779777,0.908753
N20261019-S028,N20261019,2026-10-20T07:00:00Z,900,true,1.297855,0.783967,0.933031,0.976421
N20261019-S029,N20261019,2026-10-20T07:15:00Z,900,true,1.321079,0.809544,0.876647,0.900834
N20261019-S030,N20261019,2026-10-20T07:30:00Z,900,true,1.183319,0.767958,0.753180,0.898687
N20261019-S031,N20261019,2026-10-20T07:45:00Z,900,true,1.136949,0.938382,0.772101,0.896211
N20261019-S032,N20261019,2026-10-20T08:00:00Z,900,true,1.374194,0.866232,0.816576,0.947644
N20261019-S033,N20261019,2026-10-20T08:15:00Z,900,true,0.899282,0.840196,0.745145,0.921763
N20261020-S001,N20261020,2026-10-21T00:15:00Z,900,true,1.150521,0.898786,0.845810,0.962808
N20261020-S002,N20261020,2026-10-21T00:30:00Z,900,true,0.999401,0.784032,0.885082,0.904995
N20261020-S003,N20261020,2026-10-21T00:45:00Z,900,true,1.238257,0.836285,0.909303,0.882784
N20261020-S004,N20261020,2026-10-21T01:00:00Z,900,true,0.894267,0.920671,0.839705,0.954893
N20261020-S005,N20261020,2026-10-21T01:15:00Z,900,true,1.064922,0.774940,0.831805,0.974046
N20261020-S006,N20261020,2026-10-21T01:30:00Z,900,true,1.250155,0.919391,0.836986,0.925537
N20261020-S007,N20261020,2026-10-21T01:45:00Z,900,true,1.278560,0.936800,0.814886,0.979137
N20261020-S008,N20261020,2026-10-21T02:00:00Z,900,true,0.928624,0.904268,0.852209,0.911974
N20261020-S009,N20261020,2026-10-21T02:15:00Z,900,true,1.209441,0.836887,0.906821,0.937573
N20261020-S010,N20261020,2026-10-21T02:30:00Z,900,true,0.962960,0.823675,0.929607,0.980826
N20261020-S011,N20261020,2026-10-21T02:45:00Z,900,true,0.983890,0.883237,0.825121,0.978108
N20261020-S012,N20261020,2026-10-21T03:00:00Z,900,false,1.179035,0.837712,0.822180,0.964987
N20261020-S013,N20261020,2026-10-21T03:15:00Z,900,true,1.239144,0.916278,0.816806,0.954579
N20261020-S014,N20261020,2026-10-21T03:30:00Z,900,true,0.890012,0.895339,0.781698,0.905311
N20261020-S015,N20261020,2026-10-21T03:45:00Z,900,true,1.066322,0.761591,0.754558,0.946672
N20261020-S016,N20261020,2026-10-21T04:00:00Z,900,true,1.044120,0.793572,0.774532,0.978756
N20261020-S017,N20261020,2026-10-21T04:15:00Z,900,true,1.287115,0.930285,0.815140,0.878034
N20261020-S018,N20261020,2026-10-21T04:30:00Z,900,true,1.183302,0.751564,0.784693,0.899983
N20261020-S019,N20261020,2026-10-21T04:45:00Z,900,true,1.312633,0.822054,0.816404,0.952266
N20261020-S020,N20261020,2026-10-21T05:00:00Z,900,true,1.280531,0.808274,0.915314,0.958129
N20261020-S021,N20261020,2026-10-21T05:15:00Z,900,true,0.887034,0.895499,0.940132,0.982863
N20261020-S022,N20261020,2026-10-21T05:30:00Z,900,true,1.356194,0.846897,0.861313,0.974737
N20261020-S023,N20261020,2026-10-21T05:45:00Z,900,true,1.042367,0.854864,0.909626,0.947005
N20261020-S024,N20261020,2026-10-21T06:00:00Z,900,true,1.016702,0.794913,0.790657,0.947266
N20261020-S025,N20261020,2026-10-21T06:15:00Z,900,true,1.226696,0.813552,0.747225,0.954082
N20261020-S026,N20261020,2026-10-21T06:30:00Z,900,true,1.102517,0.939832,0.799155,0.979040
N20261020-S027,N20261020,2026-10-21T06:45:00Z,900,true,1.101490,0.864540,0.865559,0.954658
N20261020-S028,N20261020,2026-10-21T07:00:00Z,900,true,1.306788,0.790532,0.774453,0.936106
N20261020-S029,N20261020,2026-10-21T07:15:00Z,900,true,1.300512,0.845178,0.815991,0.916743
N20261020-S030,N20261020,2026-10-21T07:30:00Z,900,true,0.877456,0.902157,0.833763,0.903929
N20261020-S031,N20261020,2026-10-21T07:45:00Z,900,false,0.999452,0.915033,0.725594,0.900821
N20261020-S032,N20261020,2026-10-21T08:00:00Z,900,true,1.338252,0.773027,0.854070,0.955994
N20261020-S033,N20261020,2026-10-21T08:15:00Z,900,true,1.148350,0.906377,0.726633,0.911938
N20261021-S001,N20261021,2026-10-22T00:15:00Z,900,true,1.081566,0.954900,0.933871,0.893236
N20261021-S002,N20261021,2026-10-22T00:30:00Z,900,false,1.367699,0.879756,0.798599,0.940257
N20261021-S003,N20261021,2026-10-22T00:45:00Z,900,true,1.041066,0.951340,0.914956,0.925218
N20261021-S004,N20261021,2026-10-22T01:00:00Z,900,true,1.066301,0.778102,0.921832,0.909961
N20261021-S005,N20261021,2026-10-22T01:15:00Z,900,true,1.166678,0.800627,0.828511,0.899412
N20261021-S006,N20261021,2026-10-22T01:30:00Z,900,true,1.260829,0.787836,0.766662,0.918821
N20261021-S007,N20261021,2026-10-22T01:45:00Z,900,true,1.057646,0.831873,0.761447,0.974786
N20261021-S008,N20261021,2026-10-22T02:00:00Z,900,true,1.270894,0.826357,0.893926,0.887060
N20261021-S009,N20261021,2026-10-22T02:15:00Z,900,true,0.989478,0.845128,0.917689,0.898911
N20261021-S010,N20261021,2026-10-22T02:30:00Z,900,true,1.363442,0.791428,0.909888,0.937406
N20261021-S011,N20261021,2026-10-22T02:45:00Z,900,true,1.201854,0.799784,0.843103,0.920892
N20261021-S012,N20261021,2026-10-22T03:00:00Z,900,true,0.963469,0.953707,0.839753,0.914650
N20261021-S013,N20261021,2026-10-22T03:15:00Z,900,true,1.081327,0.845920,0.901129,0.884101
N20261021-S014,N20261021,2026-10-22T03:30:00Z,900,true,1.225998,0.836182,0.847859,0.890547
N20261021-S015,N20261021,2026-10-22T03:45:00Z,900,true,0.938599,0.783554,0.847039,0.951341
N20261021-S016,N20261021,2026-10-22T04:00:00Z,900,true,1.171460,0.916214,0.779280,0.937220
N20261021-S017,N20261021,2026-10-22T04:15:00Z,900,true,1.155872,0.776559,0.884526,0.947802
N20261021-S018,N20261021,2026-10-22T04:30:00Z,900,true,1.160863,0.848300,0.927557,0.877985
N20261021-S019,N20261021,2026-10-22T04:45:00Z,900,true,0.893116,0.839912,0.788667,0.943390
N20261021-S020,N20261021,2026-10-22T05:00:00Z,900,true,1.299259,0.865899,0.733703,0.921419
N20261021-S021,N20261021,2026-10-22T05:15:00Z,900,true,1.371151,0.909362,0.898702,0.952537
N20261021-S022,N20261021,2026-10-22T05:30:00Z,900,true,1.240833,0.949530,0.727827,0.970239
N20261021-S023,N20261021,2026-10-22T05:45:00Z,900,true,1.227123,0.810516,0.826166,0.942157
N20261021-S024,N20261021,2026-10-22T06:00:00Z,900,true,1.028794,0.932434,0.921537,0.884732
N20261021-S025,N20261021,2026-10-22T06:15:00Z,900,true,1.356737,0.771137,0.931774,0.952887
N20261021-S026,N20261021,2026-10-22T06:30:00Z,900,true,1.273290,0.954536,0.822382,0.942019
N20261021-S027,N20261021,2026-10-22T06:45:00Z,900,true,1.058845,0.752742,0.832822,0.921888
N20261021-S028,N20261021,2026-10-22T07:00:00Z,900,true,1.301820,0.838785,0.817135,0.916269
N20261021-S029,N20261021,2026-10-22T07:15:00Z,900,false,1.388929,0.941642,0.862029,0.950634
N20261021-S030,N20261021,2026-10-22T07:30:00Z,900,true,1.143492,0.823919,0.877967,0.976160
N20261021-S031,N20261021,2026-10-22T07:45:00Z,900,true,1.359028,0.830145,0.931076,0.973782
N20261021-S032,N20261021,2026-10-22T08:00:00Z,900,true,0.981405,0.771804,0.790439,0.972459
N20261021-S033,N20261021,2026-10-22T08:15:00Z,900,true,1.190047,0.840939,0.930510,0.978055
N20261022-S001,N20261022,2026-10-23T00:15:00Z,900,true,1.610205,0.532167,0.484188,0.882390
N20261022-S002,N20261022,2026-10-23T00:30:00Z,900,true,1.667459,0.634975,0.731974,0.832590
N20261022-S003,N20261022,2026-10-23T00:45:00Z,900,true,1.594308,0.542888,0.541620,0.778930
N20261022-S004,N20261022,2026-10-23T01:00:00Z,900,false,1.667738,0.778221,0.641355,0.877916
N20261022-S005,N20261022,2026-10-23T01:15:00Z,900,true,1.283578,0.575828,0.735612,0.866109
N20261022-S006,N20261022,2026-10-23T01:30:00Z,900,false,1.315365,0.588455,0.429339,0.832352
N20261022-S007,N20261022,2026-10-23T01:45:00Z,900,true,1.909597,0.664370,0.566036,0.815313
N20261022-S008,N20261022,2026-10-23T02:00:00Z,900,true,1.384407,0.451567,0.628564,0.797423
N20261022-S009,N20261022,2026-10-23T02:15:00Z,900,true,1.469767,0.592498,0.517032,0.867067
N20261022-S010,N20261022,2026-10-23T02:30:00Z,900,true,1.521829,0.558565,0.517327,0.863484
N20261022-S011,N20261022,2026-10-23T02:45:00Z,900,true,1.913842,0.535312,0.761049,0.934314
N20261022-S012,N20261022,2026-10-23T03:00:00Z,900,true,1.265806,0.515320,0.469108,0.824554
N20261022-S013,N20261022,2026-10-23T03:15:00Z,900,true,1.343715,0.448353,0.699225,0.796993
N20261022-S014,N20261022,2026-10-23T03:30:00Z,900,true,1.811839,0.647107,0.554005,0.859830
N20261022-S015,N20261022,2026-10-23T03:45:00Z,900,true,1.277086,0.732654,0.563866,0.795442
N20261022-S016,N20261022,2026-10-23T04:00:00Z,900,true,1.455696,0.713358,0.586501,0.804124
N20261022-S017,N20261022,2026-10-23T04:15:00Z,900,true,1.863433,0.486469,0.647366,0.894436
N20261022-S018,N20261022,2026-10-23T04:30:00Z,900,true,1.576678,0.774834,0.563112,0.796394
N20261022-S019,N20261022,2026-10-23T04:45:00Z,900,true,1.691810,0.470027,0.512464,0.792147
N20261022-S020,N20261022,2026-10-23T05:00:00Z,900,true,1.529934,0.758523,0.735592,0.852076
N20261022-S021,N20261022,2026-10-23T05:15:00Z,900,true,1.496396,0.696597,0.614909,0.926254
N20261022-S022,N20261022,2026-10-23T05:30:00Z,900,true,1.768103,0.470249,0.784013,0.898479
N20261022-S023,N20261022,2026-10-23T05:45:00Z,900,true,1.773329,0.534211,0.525865,0.878553
N20261022-S024,N20261022,2026-10-23T06:00:00Z,900,true,1.815251,0.588841,0.654072,0.839015
N20261022-S025,N20261022,2026-10-23T06:15:00Z,900,true,1.661753,0.573552,0.524269,0.924844
N20261022-S026,N20261022,2026-10-23T06:30:00Z,900,true,1.765161,0.551071,0.655382,0.778681
N20261022-S027,N20261022,2026-10-23T06:45:00Z,900,true,1.569207,0.704489,0.658148,0.910588
N20261022-S028,N20261022,2026-10-23T07:00:00Z,900,true,1.330762,0.476262,0.428273,0.871033
N20261022-S029,N20261022,2026-10-23T07:15:00Z,900,true,1.407663,0.510279,0.714689,0.800170
N20261022-S030,N20261022,2026-10-23T07:30:00Z,900,true,1.199022,0.572329,0.489232,0.894519
N20261022-S031,N20261022,2026-10-23T07:45:00Z,900,true,1.281427,0.524193,0.627961,0.790469
N20261022-S032,N20261022,2026-10-23T08:00:00Z,900,true,1.846081,0.636328,0.469928,0.814408
N20261022-S033,N20261022,2026-10-23T08:15:00Z,900,true,1.714990,0.651584,0.714070,0.777219
N20261023-S001,N20261023,2026-10-24T00:15:00Z,900,true,1.135883,0.884365,0.883164,0.938779
N20261023-S002,N20261023,2026-10-24T00:30:00Z,900,false,1.099500,0.763059,0.727395,0.886533
N20261023-S003,N20261023,2026-10-24T00:45:00Z,900,true,1.222174,0.842933,0.850246,0.943491
N20261023-S004,N20261023,2026-10-24T01:00:00Z,900,true,1.159163,0.773742,0.765359,0.888189
N20261023-S005,N20261023,2026-10-24T01:15:00Z,900,true,1.254735,0.831671,0.847962,0.917595
N20261023-S006,N20261023,2026-10-24T01:30:00Z,900,true,1.373489,0.911612,0.756859,0.910789
N20261023-S007,N20261023,2026-10-24T01:45:00Z,900,true,1.091410,0.822558,0.842716,0.896827
N20261023-S008,N20261023,2026-10-24T02:00:00Z,900,true,1.125447,0.768311,0.933797,0.926242
N20261023-S009,N20261023,2026-10-24T02:15:00Z,900,true,1.089697,0.791792,0.817800,0.975761
N20261023-S010,N20261023,2026-10-24T02:30:00Z,900,true,1.331328,0.843715,0.831998,0.932652
N20261023-S011,N20261023,2026-10-24T02:45:00Z,900,true,1.262072,0.799243,0.929795,0.962311
N20261023-S012,N20261023,2026-10-24T03:00:00Z,900,true,1.329804,0.808100,0.873681,0.911465
N20261023-S013,N20261023,2026-10-24T03:15:00Z,900,true,0.947157,0.875390,0.741699,0.948390
N20261023-S014,N20261023,2026-10-24T03:30:00Z,900,true,1.008391,0.880722,0.919798,0.929536
N20261023-S015,N20261023,2026-10-24T03:45:00Z,900,true,1.012399,0.895671,0.944619,0.945758
N20261023-S016,N20261023,2026-10-24T04:00:00Z,900,true,1.055523,0.914072,0.917951,0.959150
N20261023-S017,N20261023,2026-10-24T04:15:00Z,900,true,1.159332,0.793376,0.729176,0.979071
N20261023-S018,N20261023,2026-10-24T04:30:00Z,900,true,1.033870,0.868392,0.794104,0.884928
N20261023-S019,N20261023,2026-10-24T04:45:00Z,900,true,1.301107,0.826149,0.850291,0.947921
N20261023-S020,N20261023,2026-10-24T05:00:00Z,900,true,0.897117,0.810791,0.905526,0.912062
N20261023-S021,N20261023,2026-10-24T05:15:00Z,900,true,0.896004,0.911324,0.943231,0.945951
N20261023-S022,N20261023,2026-10-24T05:30:00Z,900,true,1.174021,0.848955,0.750035,0.936238
N20261023-S023,N20261023,2026-10-24T05:45:00Z,900,false,1.352250,0.860514,0.839567,0.968236
N20261023-S024,N20261023,2026-10-24T06:00:00Z,900,true,1.265465,0.811177,0.806632,0.940718
N20261023-S025,N20261023,2026-10-24T06:15:00Z,900,true,0.990400,0.770520,0.905973,0.915108
N20261023-S026,N20261023,2026-10-24T06:30:00Z,900,true,1.308332,0.760493,0.870099,0.964299
N20261023-S027,N20261023,2026-10-24T06:45:00Z,900,true,0.935044,0.822548,0.839518,0.933767
N20261023-S028,N20261023,2026-10-24T07:00:00Z,900,true,1.278432,0.879742,0.891507,0.982603
N20261023-S029,N20261023,2026-10-24T07:15:00Z,900,true,1.322782,0.764774,0.863028,0.928475
N20261023-S030,N20261023,2026-10-24T07:30:00Z,900,true,1.327222,0.891420,0.743758,0.962834
N20261023-S031,N20261023,2026-10-24T07:45:00Z,900,true,1.052473,0.885176,0.725814,0.964428
N20261023-S032,N20261023,2026-10-24T08:00:00Z,900,true,1.120482,0.881294,0.862126,0.900656
N20261023-S033,N20261023,2026-10-24T08:15:00Z,900,true,1.280376,0.830109,0.942600,0.943680
N20261024-S001,N20261024,2026-10-25T00:15:00Z,900,true,1.719403,0.762623,0.522946,0.933210
N20261024-S002,N20261024,2026-10-25T00:30:00Z,900,true,1.597719,0.782928,0.642830,0.929555
N20261024-S003,N20261024,2026-10-25T00:45:00Z,900,true,1.902036,0.635038,0.731338,0.854936
N20261024-S004,N20261024,2026-10-25T01:00:00Z,900,true,1.611429,0.756702,0.445315,0.828678
N20261024-S005,N20261024,2026-10-25T01:15:00Z,900,true,1.844768,0.620726,0.755957,0.805230
N20261024-S006,N20261024,2026-10-25T01:30:00Z,900,true,1.684311,0.718838,0.746015,0.810313
N20261024-S007,N20261024,2026-10-25T01:45:00Z,900,true,1.767713,0.454250,0.510048,0.871118
N20261024-S008,N20261024,2026-10-25T02:00:00Z,900,true,1.577819,0.446789,0.653354,0.875510
N20261024-S009,N20261024,2026-10-25T02:15:00Z,900,true,1.299991,0.469799,0.527476,0.910986
N20261024-S010,N20261024,2026-10-25T02:30:00Z,900,true,1.493230,0.777990,0.613708,0.872505
N20261024-S011,N20261024,2026-10-25T02:45:00Z,900,true,1.884159,0.453593,0.553446,0.835871
N20261024-S012,N20261024,2026-10-25T03:00:00Z,900,true,1.528730,0.463735,0.468656,0.909780
N20261024-S013,N20261024,2026-10-25T03:15:00Z,900,true,1.192036,0.457324,0.748115,0.837981
N20261024-S014,N20261024,2026-10-25T03:30:00Z,900,true,1.574890,0.558253,0.740477,0.817521
N20261024-S015,N20261024,2026-10-25T03:45:00Z,900,true,1.545160,0.516197,0.526953,0.865561
N20261024-S016,N20261024,2026-10-25T04:00:00Z,900,true,1.446823,0.708135,0.697127,0.853713
N20261024-S017,N20261024,2026-10-25T04:15:00Z,900,true,1.658399,0.452807,0.570754,0.834498
N20261024-S018,N20261024,2026-10-25T04:30:00Z,900,true,1.527062,0.652902,0.682607,0.827855
N20261024-S019,N20261024,2026-10-25T04:45:00Z,900,true,1.459997,0.723892,0.573928,0.910848
N20261024-S020,N20261024,2026-10-25T05:00:00Z,900,true,1.387814,0.659258,0.452592,0.852584
N20261024-S021,N20261024,2026-10-25T05:15:00Z,900,false,1.352606,0.664496,0.579496,0.916333
N20261024-S022,N20261024,2026-10-25T05:30:00Z,900,true,1.810433,0.453617,0.538718,0.834637
N20261024-S023,N20261024,2026-10-25T05:45:00Z,900,true,1.702462,0.752910,0.596454,0.830497
N20261024-S024,N20261024,2026-10-25T06:00:00Z,900,true,1.851020,0.676744,0.486345,0.804404
N20261024-S025,N20261024,2026-10-25T06:15:00Z,900,true,1.824697,0.574458,0.708954,0.805950
N20261024-S026,N20261024,2026-10-25T06:30:00Z,900,true,1.436137,0.491034,0.458837,0.896060
N20261024-S027,N20261024,2026-10-25T06:45:00Z,900,true,1.886096,0.510523,0.679979,0.791055
N20261024-S028,N20261024,2026-10-25T07:00:00Z,900,true,1.843959,0.539048,0.671979,0.889530
N20261024-S029,N20261024,2026-10-25T07:15:00Z,900,true,1.757539,0.455806,0.580010,0.794688
N20261024-S030,N20261024,2026-10-25T07:30:00Z,900,true,1.610005,0.483388,0.532014,0.808648
N20261024-S031,N20261024,2026-10-25T07:45:00Z,900,true,1.520813,0.754624,0.778956,0.885976
N20261024-S032,N20261024,2026-10-25T08:00:00Z,900,false,1.812482,0.616191,0.565561,0.910494
N20261024-S033,N20261024,2026-10-25T08:15:00Z,900,true,1.696384,0.597569,0.488890,0.842007
N20261025-S001,N20261025,2026-10-26T00:15:00Z,900,true,1.194806,0.767064,0.864245,0.986645
N20261025-S002,N20261025,2026-10-26T00:30:00Z,900,true,1.005078,0.813036,0.873425,0.905186
N20261025-S003,N20261025,2026-10-26T00:45:00Z,900,true,1.298753,0.843460,0.882452,0.903061
N20261025-S004,N20261025,2026-10-26T01:00:00Z,900,true,0.873146,0.896988,0.914134,0.877953
N20261025-S005,N20261025,2026-10-26T01:15:00Z,900,true,1.389949,0.921534,0.767399,0.910800
N20261025-S006,N20261025,2026-10-26T01:30:00Z,900,true,1.130434,0.905570,0.793756,0.885614
N20261025-S007,N20261025,2026-10-26T01:45:00Z,900,true,1.002236,0.926888,0.858615,0.907959
N20261025-S008,N20261025,2026-10-26T02:00:00Z,900,true,0.929809,0.769432,0.898031,0.907424
N20261025-S009,N20261025,2026-10-26T02:15:00Z,900,true,1.259858,0.883571,0.935223,0.939294
N20261025-S010,N20261025,2026-10-26T02:30:00Z,900,true,0.941325,0.811820,0.732041,0.900144
N20261025-S011,N20261025,2026-10-26T02:45:00Z,900,true,1.340108,0.828594,0.897369,0.948494
N20261025-S012,N20261025,2026-10-26T03:00:00Z,900,true,1.096202,0.862733,0.856318,0.984893
N20261025-S013,N20261025,2026-10-26T03:15:00Z,900,true,0.953344,0.875538,0.920474,0.933455
N20261025-S014,N20261025,2026-10-26T03:30:00Z,900,true,1.148359,0.864656,0.913485,0.911945
N20261025-S015,N20261025,2026-10-26T03:45:00Z,900,true,1.252176,0.844616,0.854484,0.882813
N20261025-S016,N20261025,2026-10-26T04:00:00Z,900,true,1.084380,0.934345,0.794173,0.905253
N20261025-S017,N20261025,2026-10-26T04:15:00Z,900,true,0.904748,0.811249,0.923446,0.904866
N20261025-S018,N20261025,2026-10-26T04:30:00Z,900,true,1.210338,0.771133,0.762072,0.882610
N20261025-S019,N20261025,2026-10-26T04:45:00Z,900,true,1.265839,0.952248,0.901851,0.885910
N20261025-S020,N20261025,2026-10-26T05:00:00Z,900,true,1.086830,0.934410,0.929905,0.900671
N20261025-S021,N20261025,2026-10-26T05:15:00Z,900,true,1.271331,0.767205,0.820696,0.958217
N20261025-S022,N20261025,2026-10-26T05:30:00Z,900,true,1.386853,0.799444,0.771909,0.925121
N20261025-S023,N20261025,2026-10-26T05:45:00Z,900,true,0.915766,0.838855,0.836602,0.882941
N20261025-S024,N20261025,2026-10-26T06:00:00Z,900,true,0.968692,0.809107,0.833846,0.898033
N20261025-S025,N20261025,2026-10-26T06:15:00Z,900,true,1.326505,0.936157,0.940353,0.904246
N20261025-S026,N20261025,2026-10-26T06:30:00Z,900,true,0.942192,0.926953,0.749031,0.906829
N20261025-S027,N20261025,2026-10-26T06:45:00Z,900,true,1.141746,0.809964,0.808201,0.929784
N20261025-S028,N20261025,2026-10-26T07:00:00Z,900,true,1.052188,0.862619,0.758623,0.965387
N20261025-S029,N20261025,2026-10-26T07:15:00Z,900,true,0.874872,0.809240,0.939319,0.909302
N20261025-S030,N20261025,2026-10-26T07:30:00Z,900,true,0.968043,0.806947,0.823034,0.917405
N20261025-S031,N20261025,2026-10-26T07:45:00Z,900,true,0.930034,0.766215,0.766130,0.902459
N20261025-S032,N20261025,2026-10-26T08:00:00Z,900,true,1.145785,0.915200,0.797802,0.980352
N20261025-S033,N20261025,2026-10-26T08:15:00Z,900,true,0.905911,0.948764,0.883079,0.985214
N20261026-S001,N20261026,2026-10-27T00:15:00Z,900,true,1.267823,0.942127,0.769503,0.961104
N20261026-S002,N20261026,2026-10-27T00:30:00Z,900,true,1.359803,0.839477,0.914882,0.955795
N20261026-S003,N20261026,2026-10-27T00:45:00Z,900,true,1.089461,0.932814,0.871216,0.979554
N20261026-S004,N20261026,2026-10-27T01:00:00Z,900,true,1.185169,0.871682,0.906795,0.934570
N20261026-S005,N20261026,2026-10-27T01:15:00Z,900,true,1.119047,0.876576,0.735265,0.900893
N20261026-S006,N20261026,2026-10-27T01:30:00Z,900,true,0.882527,0.820799,0.779872,0.942032
N20261026-S007,N20261026,2026-10-27T01:45:00Z,900,true,1.066145,0.928111,0.924915,0.976268
N20261026-S008,N20261026,2026-10-27T02:00:00Z,900,true,1.352705,0.776868,0.942016,0.920695
N20261026-S009,N20261026,2026-10-27T02:15:00Z,900,true,1.217056,0.753741,0.800866,0.888752
N20261026-S010,N20261026,2026-10-27T02:30:00Z,900,true,1.252352,0.746001,0.933883,0.980694
N20261026-S011,N20261026,2026-10-27T02:45:00Z,900,true,1.007592,0.886623,0.762062,0.919635
N20261026-S012,N20261026,2026-10-27T03:00:00Z,900,true,1.293630,0.747199,0.795939,0.915303
N20261026-S013,N20261026,2026-10-27T03:15:00Z,900,true,1.302059,0.796642,0.839228,0.956428
N20261026-S014,N20261026,2026-10-27T03:30:00Z,900,true,1.361731,0.820800,0.801186,0.894300
N20261026-S015,N20261026,2026-10-27T03:45:00Z,900,true,1.213277,0.809574,0.913666,0.960183
N20261026-S016,N20261026,2026-10-27T04:00:00Z,900,true,1.262159,0.765335,0.942119,0.953911
N20261026-S017,N20261026,2026-10-27T04:15:00Z,900,true,1.368465,0.953904,0.789899,0.910872
N20261026-S018,N20261026,2026-10-27T04:30:00Z,900,true,0.946892,0.803590,0.783036,0.953307
N20261026-S019,N20261026,2026-10-27T04:45:00Z,900,true,1.266338,0.900378,0.890142,0.905541
N20261026-S020,N20261026,2026-10-27T05:00:00Z,900,true,1.147937,0.868416,0.821512,0.939750
N20261026-S021,N20261026,2026-10-27T05:15:00Z,900,true,1.346222,0.807149,0.917761,0.979553
N20261026-S022,N20261026,2026-10-27T05:30:00Z,900,true,1.332749,0.853545,0.772208,0.975107
N20261026-S023,N20261026,2026-10-27T05:45:00Z,900,true,1.244659,0.947895,0.785740,0.960493
N20261026-S024,N20261026,2026-10-27T06:00:00Z,900,true,1.288405,0.808180,0.904798,0.965636
N20261026-S025,N20261026,2026-10-27T06:15:00Z,900,false,0.972579,0.881671,0.889168,0.954527
N20261026-S026,N20261026,2026-10-27T06:30:00Z,900,true,1.272771,0.941043,0.938114,0.979651
N20261026-S027,N20261026,2026-10-27T06:45:00Z,900,false,1.366459,0.908061,0.760580,0.978074
N20261026-S028,N20261026,2026-10-27T07:00:00Z,900,true,1.036483,0.760720,0.770385,0.973242
N20261026-S029,N20261026,2026-10-27T07:15:00Z,900,true,0.921022,0.782646,0.901590,0.887608
N20261026-S030,N20261026,2026-10-27T07:30:00Z,900,true,1.289605,0.934742,0.746421,0.962761
N20261026-S031,N20261026,2026-10-27T07:45:00Z,900,true,1.225996,0.945424,0.845938,0.908847
N20261026-S032,N20261026,2026-10-27T08:00:00Z,900,true,1.188344,0.804341,0.792324,0.930990
N20261026-S033,N20261026,2026-10-27T08:15:00Z,900,false,1.259074,0.768161,0.901038,0.880041
N20261027-S001,N20261027,2026-10-28T00:15:00Z,900,true,1.319112,0.749226,0.876813,0.910353
N20261027-S002,N20261027,2026-10-28T00:30:00Z,900,true,0.931706,0.766579,0.815629,0.968138
N20261027-S003,N20261027,2026-10-28T00:45:00Z,900,true,1.240951,0.873608,0.746284,0.932528
N20261027-S004,N20261027,2026-10-28T01:00:00Z,900,true,1.110761,0.813625,0.820794,0.970701
N20261027-S005,N20261027,2026-10-28T01:15:00Z,900,true,1.301453,0.907897,0.854549,0.958511
N20261027-S006,N20261027,2026-10-28T01:30:00Z,900,true,1.170973,0.772615,0.911617,0.945823
N20261027-S007,N20261027,2026-10-28T01:45:00Z,900,true,0.966008,0.813889,0.736343,0.928842
N20261027-S008,N20261027,2026-10-28T02:00:00Z,900,true,0.956642,0.842065,0.853825,0.967715
N20261027-S009,N20261027,2026-10-28T02:15:00Z,900,true,1.292789,0.904280,0.832256,0.967425
N20261027-S010,N20261027,2026-10-28T02:30:00Z,900,true,0.883136,0.928413,0.832831,0.895841
N20261027-S011,N20261027,2026-10-28T02:45:00Z,900,true,1.068350,0.780148,0.827293,0.888488
N20261027-S012,N20261027,2026-10-28T03:00:00Z,900,true,1.024596,0.747105,0.759311,0.974581
N20261027-S013,N20261027,2026-10-28T03:15:00Z,900,true,1.380755,0.906718,0.787914,0.904887
N20261027-S014,N20261027,2026-10-28T03:30:00Z,900,true,1.209064,0.949592,0.799119,0.922805
N20261027-S015,N20261027,2026-10-28T03:45:00Z,900,true,1.374162,0.912147,0.740033,0.937260
N20261027-S016,N20261027,2026-10-28T04:00:00Z,900,true,1.016555,0.950659,0.809806,0.913344
N20261027-S017,N20261027,2026-10-28T04:15:00Z,900,true,0.924124,0.823996,0.766859,0.898847
N20261027-S018,N20261027,2026-10-28T04:30:00Z,900,true,0.943377,0.935340,0.871832,0.920650
N20261027-S019,N20261027,2026-10-28T04:45:00Z,900,true,1.114453,0.757117,0.752690,0.964789
N20261027-S020,N20261027,2026-10-28T05:00:00Z,900,true,1.286850,0.773682,0.937557,0.946434
N20261027-S021,N20261027,2026-10-28T05:15:00Z,900,true,1.006266,0.823818,0.941823,0.965475
N20261027-S022,N20261027,2026-10-28T05:30:00Z,900,true,1.197737,0.917645,0.871096,0.913653
N20261027-S023,N20261027,2026-10-28T05:45:00Z,900,true,1.379871,0.851080,0.832802,0.942032
N20261027-S024,N20261027,2026-10-28T06:00:00Z,900,true,1.286019,0.761806,0.891010,0.971182
N20261027-S025,N20261027,2026-10-28T06:15:00Z,900,true,1.139272,0.809421,0.936000,0.897349
N20261027-S026,N20261027,2026-10-28T06:30:00Z,900,true,1.064038,0.777797,0.744796,0.986394
N20261027-S027,N20261027,2026-10-28T06:45:00Z,900,true,1.326721,0.804209,0.843659,0.938434
N20261027-S028,N20261027,2026-10-28T07:00:00Z,900,true,1.017566,0.950042,0.874689,0.884474
N20261027-S029,N20261027,2026-10-28T07:15:00Z,900,true,1.040050,0.795005,0.922468,0.894316
N20261027-S030,N20261027,2026-10-28T07:30:00Z,900,true,0.987202,0.761512,0.727914,0.894922
N20261027-S031,N20261027,2026-10-28T07:45:00Z,900,true,1.198408,0.907310,0.935853,0.879803
N20261027-S032,N20261027,2026-10-28T08:00:00Z,900,true,0.905505,0.885725,0.929551,0.881102
N20261027-S033,N20261027,2026-10-28T08:15:00Z,900,true,1.015896,0.752886,0.777708,0.937216
N20261028-S001,N20261028,2026-10-29T00:15:00Z,900,true,1.354622,0.864095,0.910967,0.882958
N20261028-S002,N20261028,2026-10-29T00:30:00Z,900,true,1.086958,0.855782,0.904136,0.933366
N20261028-S003,N20261028,2026-10-29T00:45:00Z,900,true,0.964675,0.830436,0.903955,0.894551
N20261028-S004,N20261028,2026-10-29T01:00:00Z,900,true,0.961009,0.938826,0.801078,0.962084
N20261028-S005,N20261028,2026-10-29T01:15:00Z,900,true,1.256592,0.882398,0.848344,0.928915
N20261028-S006,N20261028,2026-10-29T01:30:00Z,900,false,1.333473,0.952908,0.778246,0.934053
N20261028-S007,N20261028,2026-10-29T01:45:00Z,900,true,1.316440,0.954682,0.831630,0.972195
N20261028-S008,N20261028,2026-10-29T02:00:00Z,900,true,0.958547,0.856945,0.877228,0.899703
N20261028-S009,N20261028,2026-10-29T02:15:00Z,900,true,0.981295,0.951901,0.781827,0.904631
N20261028-S010,N20261028,2026-10-29T02:30:00Z,900,true,1.086047,0.789241,0.778237,0.909962
N20261028-S011,N20261028,2026-10-29T02:45:00Z,900,true,1.069293,0.785367,0.813725,0.915442
N20261028-S012,N20261028,2026-10-29T03:00:00Z,900,true,1.358045,0.845413,0.843828,0.954344
N20261028-S013,N20261028,2026-10-29T03:15:00Z,900,true,0.987155,0.954191,0.834120,0.885734
N20261028-S014,N20261028,2026-10-29T03:30:00Z,900,true,0.913875,0.777009,0.903882,0.913624
N20261028-S015,N20261028,2026-10-29T03:45:00Z,900,true,0.965066,0.811273,0.757976,0.914063
N20261028-S016,N20261028,2026-10-29T04:00:00Z,900,true,1.353870,0.913786,0.845216,0.886708
N20261028-S017,N20261028,2026-10-29T04:15:00Z,900,true,1.135233,0.825386,0.738556,0.952003
N20261028-S018,N20261028,2026-10-29T04:30:00Z,900,true,1.309719,0.761918,0.785750,0.890567
N20261028-S019,N20261028,2026-10-29T04:45:00Z,900,true,1.307991,0.841748,0.803319,0.924963
N20261028-S020,N20261028,2026-10-29T05:00:00Z,900,true,0.990018,0.947711,0.813213,0.964393
N20261028-S021,N20261028,2026-10-29T05:15:00Z,900,true,1.070346,0.890219,0.890455,0.879597
N20261028-S022,N20261028,2026-10-29T05:30:00Z,900,true,0.889265,0.763269,0.917197,0.925827
N20261028-S023,N20261028,2026-10-29T05:45:00Z,900,true,1.297910,0.835959,0.912292,0.983009
N20261028-S024,N20261028,2026-10-29T06:00:00Z,900,true,1.355508,0.809412,0.777625,0.971753
N20261028-S025,N20261028,2026-10-29T06:15:00Z,900,true,0.982080,0.866582,0.886364,0.967007
N20261028-S026,N20261028,2026-10-29T06:30:00Z,900,true,1.048797,0.829279,0.871682,0.907447
N20261028-S027,N20261028,2026-10-29T06:45:00Z,900,true,1.183073,0.762252,0.824774,0.925594
N20261028-S028,N20261028,2026-10-29T07:00:00Z,900,true,0.895421,0.869686,0.822072,0.940780
N20261028-S029,N20261028,2026-10-29T07:15:00Z,900,true,0.917037,0.817512,0.851063,0.979035
N20261028-S030,N20261028,2026-10-29T07:30:00Z,900,true,1.386284,0.746764,0.809448,0.878584
N20261028-S031,N20261028,2026-10-29T07:45:00Z,900,true,0.931921,0.839263,0.941809,0.930520
N20261028-S032,N20261028,2026-10-29T08:00:00Z,900,true,1.126272,0.942656,0.864812,0.945836
N20261028-S033,N20261028,2026-10-29T08:15:00Z,900,true,0.882645,0.801925,0.842880,0.930092
N20261029-S001,N20261029,2026-10-30T00:30:00Z,900,true,1.645336,0.319619,0.171232,0.720573
N20261029-S002,N20261029,2026-10-30T00:45:00Z,900,true,2.180580,0.460578,0.233319,0.687889
N20261029-S003,N20261029,2026-10-30T01:00:00Z,900,true,2.251369,0.480968,0.231698,0.638580
N20261029-S004,N20261029,2026-10-30T01:15:00Z,900,true,2.041676,0.483782,0.343043,0.699046
N20261029-S005,N20261029,2026-10-30T01:30:00Z,900,false,2.639989,0.517892,0.365663,0.766873
N20261029-S006,N20261029,2026-10-30T01:45:00Z,900,true,2.010166,0.307758,0.235427,0.776302
N20261029-S007,N20261029,2026-10-30T02:00:00Z,900,false,1.844304,0.232508,0.239418,0.778025
N20261029-S008,N20261029,2026-10-30T02:15:00Z,900,true,1.909057,0.382966,0.435293,0.716620
N20261029-S009,N20261029,2026-10-30T02:30:00Z,900,true,2.188035,0.225854,0.171154,0.706530
N20261029-S010,N20261029,2026-10-30T02:45:00Z,900,true,2.086193,0.345835,0.191610,0.701135
N20261029-S011,N20261029,2026-10-30T03:00:00Z,900,true,1.702049,0.255532,0.478048,0.703272
N20261029-S012,N20261029,2026-10-30T03:15:00Z,900,true,2.343999,0.372064,0.453655,0.784444
N20261029-S013,N20261029,2026-10-30T03:30:00Z,900,true,1.864487,0.465256,0.176634,0.851229
N20261029-S014,N20261029,2026-10-30T03:45:00Z,900,true,1.762310,0.319426,0.525289,0.701186
N20261029-S015,N20261029,2026-10-30T04:00:00Z,900,true,2.250106,0.193449,0.189570,0.618250
N20261029-S016,N20261029,2026-10-30T04:15:00Z,900,true,1.892577,0.326703,0.545899,0.784578
N20261029-S017,N20261029,2026-10-30T04:30:00Z,900,true,2.350390,0.347551,0.376785,0.771574
N20261029-S018,N20261029,2026-10-30T04:45:00Z,900,true,2.027518,0.362471,0.415679,0.654115
N20261029-S019,N20261029,2026-10-30T05:00:00Z,900,true,1.704010,0.176597,0.240443,0.818024
N20261029-S020,N20261029,2026-10-30T05:15:00Z,900,true,2.269985,0.537125,0.519526,0.681133
N20261029-S021,N20261029,2026-10-30T05:30:00Z,900,true,1.816193,0.421928,0.381235,0.836350
N20261029-S022,N20261029,2026-10-30T05:45:00Z,900,true,2.008393,0.191654,0.263696,0.760930
N20261029-S023,N20261029,2026-10-30T06:00:00Z,900,true,1.790775,0.381729,0.331154,0.732455
N20261029-S024,N20261029,2026-10-30T06:15:00Z,900,true,1.722985,0.442644,0.428317,0.796449
N20261029-S025,N20261029,2026-10-30T06:30:00Z,900,false,2.313235,0.417271,0.481073,0.849497
N20261029-S026,N20261029,2026-10-30T06:45:00Z,900,true,1.766960,0.202990,0.202198,0.618109
N20261029-S027,N20261029,2026-10-30T07:00:00Z,900,true,2.290966,0.408523,0.549987,0.720626
N20261029-S028,N20261029,2026-10-30T07:15:00Z,900,true,1.883144,0.238986,0.362200,0.709039
N20261029-S029,N20261029,2026-10-30T07:30:00Z,900,false,2.310234,0.522182,0.394816,0.801642
N20261029-S030,N20261029,2026-10-30T07:45:00Z,900,true,1.674215,0.311212,0.446634,0.772410
N20261029-S031,N20261029,2026-10-30T08:00:00Z,900,true,2.328114,0.418177,0.472340,0.748069
N20261029-S032,N20261029,2026-10-30T08:15:00Z,900,true,2.450581,0.384803,0.280162,0.666962
N20261030-S001,N20261030,2026-10-31T00:30:00Z,900,false,1.251267,0.752497,0.867076,0.888996
N20261030-S002,N20261030,2026-10-31T00:45:00Z,900,true,0.916444,0.801509,0.931253,0.877847
N20261030-S003,N20261030,2026-10-31T01:00:00Z,900,true,1.299174,0.827579,0.844173,0.920731
N20261030-S004,N20261030,2026-10-31T01:15:00Z,900,true,1.034295,0.801417,0.777208,0.909844
N20261030-S005,N20261030,2026-10-31T01:30:00Z,900,true,1.055826,0.948117,0.830666,0.981569
N20261030-S006,N20261030,2026-10-31T01:45:00Z,900,true,1.038229,0.922611,0.890782,0.954918
N20261030-S007,N20261030,2026-10-31T02:00:00Z,900,true,0.870939,0.856746,0.768269,0.939984
N20261030-S008,N20261030,2026-10-31T02:15:00Z,900,true,1.015153,0.751386,0.936197,0.929784
N20261030-S009,N20261030,2026-10-31T02:30:00Z,900,true,0.877647,0.756514,0.810024,0.940146
N20261030-S010,N20261030,2026-10-31T02:45:00Z,900,false,1.156277,0.823282,0.898890,0.933855
N20261030-S011,N20261030,2026-10-31T03:00:00Z,900,true,1.109701,0.794686,0.796792,0.951885
N20261030-S012,N20261030,2026-10-31T03:15:00Z,900,false,1.325419,0.817011,0.739116,0.934136
N20261030-S013,N20261030,2026-10-31T03:30:00Z,900,true,1.025703,0.764128,0.941888,0.889831
N20261030-S014,N20261030,2026-10-31T03:45:00Z,900,true,1.092610,0.804896,0.900612,0.899894
N20261030-S015,N20261030,2026-10-31T04:00:00Z,900,true,1.273156,0.925193,0.751826,0.981357
N20261030-S016,N20261030,2026-10-31T04:15:00Z,900,true,1.275642,0.803115,0.872457,0.959730
N20261030-S017,N20261030,2026-10-31T04:30:00Z,900,true,1.213011,0.827402,0.835610,0.930710
N20261030-S018,N20261030,2026-10-31T04:45:00Z,900,true,0.948520,0.796348,0.938815,0.969839
N20261030-S019,N20261030,2026-10-31T05:00:00Z,900,true,1.145398,0.833015,0.789527,0.979732
N20261030-S020,N20261030,2026-10-31T05:15:00Z,900,true,1.113526,0.936365,0.830937,0.936159
N20261030-S021,N20261030,2026-10-31T05:30:00Z,900,false,1.321409,0.835271,0.829000,0.919052
N20261030-S022,N20261030,2026-10-31T05:45:00Z,900,true,1.376497,0.833403,0.939789,0.910705
N20261030-S023,N20261030,2026-10-31T06:00:00Z,900,true,0.947272,0.912647,0.781913,0.898564
N20261030-S024,N20261030,2026-10-31T06:15:00Z,900,true,1.086267,0.789986,0.863148,0.945960
N20261030-S025,N20261030,2026-10-31T06:30:00Z,900,true,1.359182,0.912089,0.942711,0.957189
N20261030-S026,N20261030,2026-10-31T06:45:00Z,900,true,1.333097,0.852296,0.785793,0.938529
N20261030-S027,N20261030,2026-10-31T07:00:00Z,900,true,1.268699,0.790586,0.785192,0.887695
N20261030-S028,N20261030,2026-10-31T07:15:00Z,900,true,1.281325,0.881547,0.931094,0.980505
N20261030-S029,N20261030,2026-10-31T07:30:00Z,900,true,1.209496,0.839591,0.767847,0.903086
N20261030-S030,N20261030,2026-10-31T07:45:00Z,900,true,0.908427,0.881850,0.904337,0.939336
N20261030-S031,N20261030,2026-10-31T08:00:00Z,900,true,0.996803,0.794100,0.900602,0.928257
N20261030-S032,N20261030,2026-10-31T08:15:00Z,900,true,1.108829,0.913165,0.897441,0.906736
N20261031-S001,N20261031,2026-11-01T00:30:00Z,900,true,0.928803,0.842781,0.829046,0.881406
N20261031-S002,N20261031,2026-11-01T00:45:00Z,900,true,1.056322,0.767791,0.898665,0.912326
N20261031-S003,N20261031,2026-11-01T01:00:00Z,900,true,1.277688,0.903560,0.866532,0.968188
N20261031-S004,N20261031,2026-11-01T01:15:00Z,900,true,0.988958,0.745322,0.901950,0.963094
N20261031-S005,N20261031,2026-11-01T01:30:00Z,900,true,1.284089,0.904369,0.747763,0.893561
N20261031-S006,N20261031,2026-11-01T01:45:00Z,900,true,1.205737,0.812149,0.741203,0.946201
N20261031-S007,N20261031,2026-11-01T02:00:00Z,900,true,1.370544,0.757165,0.734466,0.946122
N20261031-S008,N20261031,2026-11-01T02:15:00Z,900,true,1.236399,0.866713,0.767031,0.931418
N20261031-S009,N20261031,2026-11-01T02:30:00Z,900,true,1.347102,0.940959,0.750313,0.935900
N20261031-S010,N20261031,2026-11-01T02:45:00Z,900,true,1.021761,0.949831,0.750966,0.920853
N20261031-S011,N20261031,2026-11-01T03:00:00Z,900,true,1.251269,0.787740,0.822970,0.946847
N20261031-S012,N20261031,2026-11-01T03:15:00Z,900,true,1.010580,0.896274,0.739045,0.906229
N20261031-S013,N20261031,2026-11-01T03:30:00Z,900,true,1.158333,0.927519,0.793719,0.930280
N20261031-S014,N20261031,2026-11-01T03:45:00Z,900,true,1.376152,0.794990,0.881862,0.933746
N20261031-S015,N20261031,2026-11-01T04:00:00Z,900,true,1.199347,0.763356,0.894023,0.964255
N20261031-S016,N20261031,2026-11-01T04:15:00Z,900,true,0.994414,0.782352,0.903126,0.980226
N20261031-S017,N20261031,2026-11-01T04:30:00Z,900,true,0.996824,0.926782,0.944889,0.966939
N20261031-S018,N20261031,2026-11-01T04:45:00Z,900,true,1.071884,0.747343,0.888873,0.958811
N20261031-S019,N20261031,2026-11-01T05:00:00Z,900,true,1.306907,0.762701,0.937147,0.952089
N20261031-S020,N20261031,2026-11-01T05:15:00Z,900,false,1.345217,0.828114,0.869102,0.953224
N20261031-S021,N20261031,2026-11-01T05:30:00Z,900,true,1.129832,0.836043,0.884962,0.986324
N20261031-S022,N20261031,2026-11-01T05:45:00Z,900,true,1.077192,0.880741,0.927681,0.917077
N20261031-S023,N20261031,2026-11-01T06:00:00Z,900,true,1.276916,0.888763,0.789731,0.946105
N20261031-S024,N20261031,2026-11-01T06:15:00Z,900,true,1.103165,0.751362,0.937664,0.962881
N20261031-S025,N20261031,2026-11-01T06:30:00Z,900,true,1.059448,0.925016,0.915567,0.926227
N20261031-S026,N20261031,2026-11-01T06:45:00Z,900,true,1.149294,0.815800,0.888077,0.890112
N20261031-S027,N20261031,2026-11-01T07:00:00Z,900,true,1.117109,0.745899,0.772133,0.983963
N20261031-S028,N20261031,2026-11-01T07:15:00Z,900,true,1.008370,0.885837,0.837982,0.919283
N20261031-S029,N20261031,2026-11-01T07:30:00Z,900,true,1.310893,0.766655,0.876982,0.973811
N20261031-S030,N20261031,2026-11-01T07:45:00Z,900,true,1.276886,0.830009,0.780781,0.968757
N20261031-S031,N20261031,2026-11-01T08:00:00Z,900,true,1.356152,0.900709,0.927480,0.953999
N20261031-S032,N20261031,2026-11-01T08:15:00Z,900,true,0.924130,0.935886,0.876154,0.880595
N20261101-S001,N20261101,2026-11-02T00:30:00Z,900,true,1.876980,0.526199,0.695402,0.804947
N20261101-S002,N20261101,2026-11-02T00:45:00Z,900,false,1.419162,0.509620,0.632020,0.819935
N20261101-S003,N20261101,2026-11-02T01:00:00Z,900,true,1.219869,0.458551,0.612018,0.799998
N20261101-S004,N20261101,2026-11-02T01:15:00Z,900,true,1.372840,0.484161,0.543010,0.837222
N20261101-S005,N20261101,2026-11-02T01:30:00Z,900,true,1.291114,0.686797,0.671184,0.921389
N20261101-S006,N20261101,2026-11-02T01:45:00Z,900,true,1.242535,0.557904,0.756440,0.799105
N20261101-S007,N20261101,2026-11-02T02:00:00Z,900,true,1.191321,0.621645,0.712881,0.925780
N20261101-S008,N20261101,2026-11-02T02:15:00Z,900,true,1.761738,0.665694,0.639328,0.928823
N20261101-S009,N20261101,2026-11-02T02:30:00Z,900,true,1.855417,0.691457,0.726132,0.837202
N20261101-S010,N20261101,2026-11-02T02:45:00Z,900,true,1.800279,0.548561,0.756195,0.898950
N20261101-S011,N20261101,2026-11-02T03:00:00Z,900,false,1.796570,0.720663,0.445752,0.910989
N20261101-S012,N20261101,2026-11-02T03:15:00Z,900,true,1.219006,0.613247,0.651650,0.910155
N20261101-S013,N20261101,2026-11-02T03:30:00Z,900,true,1.213655,0.536186,0.672409,0.895906
N20261101-S014,N20261101,2026-11-02T03:45:00Z,900,true,1.824007,0.506670,0.578877,0.910649
N20261101-S015,N20261101,2026-11-02T04:00:00Z,900,true,1.723783,0.704968,0.645911,0.906280
N20261101-S016,N20261101,2026-11-02T04:15:00Z,900,true,1.909674,0.689598,0.443293,0.853257
N20261101-S017,N20261101,2026-11-02T04:30:00Z,900,true,1.218214,0.722045,0.746868,0.777113
N20261101-S018,N20261101,2026-11-02T04:45:00Z,900,true,1.463131,0.656061,0.654674,0.815667
N20261101-S019,N20261101,2026-11-02T05:00:00Z,900,true,1.423154,0.693233,0.766663,0.889535
N20261101-S020,N20261101,2026-11-02T05:15:00Z,900,true,1.350307,0.448993,0.552888,0.821279
N20261101-S021,N20261101,2026-11-02T05:30:00Z,900,true,1.824590,0.535012,0.692229,0.825449
N20261101-S022,N20261101,2026-11-02T05:45:00Z,900,true,1.499792,0.563027,0.556390,0.848943
N20261101-S023,N20261101,2026-11-02T06:00:00Z,900,true,1.678845,0.623903,0.600777,0.795243
N20261101-S024,N20261101,2026-11-02T06:15:00Z,900,true,1.379560,0.456174,0.562313,0.806144
N20261101-S025,N20261101,2026-11-02T06:30:00Z,900,true,1.749849,0.679013,0.546272,0.817172
N20261101-S026,N20261101,2026-11-02T06:45:00Z,900,true,1.361392,0.717806,0.552145,0.855656
N20261101-S027,N20261101,2026-11-02T07:00:00Z,900,true,1.307997,0.493376,0.714253,0.877998
N20261101-S028,N20261101,2026-11-02T07:15:00Z,900,true,1.690857,0.575302,0.727774,0.889583
N20261101-S029,N20261101,2026-11-02T07:30:00Z,900,true,1.248398,0.726642,0.665817,0.825003
N20261101-S030,N20261101,2026-11-02T07:45:00Z,900,true,1.596595,0.592188,0.696698,0.865732
N20261101-S031,N20261101,2026-11-02T08:00:00Z,900,true,1.543654,0.732894,0.455343,0.935227
N20261101-S032,N20261101,2026-11-02T08:15:00Z,900,true,1.397790,0.524646,0.717273,0.867253
N20261102-S001,N20261102,2026-11-03T00:30:00Z,900,true,1.334443,0.949257,0.790671,0.933096
N20261102-S002,N20261102,2026-11-03T00:45:00Z,900,true,1.360192,0.771869,0.906640,0.952493
N20261102-S003,N20261102,2026-11-03T01:00:00Z,900,true,1.283089,0.925803,0.773576,0.986115
N20261102-S004,N20261102,2026-11-03T01:15:00Z,900,true,1.136143,0.779213,0.743045,0.973286
N20261102-S005,N20261102,2026-11-03T01:30:00Z,900,true,1.363377,0.903050,0.841912,0.952645
N20261102-S006,N20261102,2026-11-03T01:45:00Z,900,false,1.184132,0.869746,0.865575,0.929533
N20261102-S007,N20261102,2026-11-03T02:00:00Z,900,true,1.117137,0.937645,0.929452,0.966590
N20261102-S008,N20261102,2026-11-03T02:15:00Z,900,true,1.018211,0.902490,0.769165,0.909579
N20261102-S009,N20261102,2026-11-03T02:30:00Z,900,true,1.225612,0.758487,0.766774,0.943667
N20261102-S010,N20261102,2026-11-03T02:45:00Z,900,true,1.330841,0.871548,0.933664,0.968415
N20261102-S011,N20261102,2026-11-03T03:00:00Z,900,true,1.103152,0.889621,0.913533,0.969783
N20261102-S012,N20261102,2026-11-03T03:15:00Z,900,false,1.212482,0.946119,0.855133,0.985548
N20261102-S013,N20261102,2026-11-03T03:30:00Z,900,true,1.248562,0.785501,0.785229,0.922465
N20261102-S014,N20261102,2026-11-03T03:45:00Z,900,true,0.897805,0.748085,0.777710,0.914463
N20261102-S015,N20261102,2026-11-03T04:00:00Z,900,true,1.257082,0.776242,0.840984,0.894289
N20261102-S016,N20261102,2026-11-03T04:15:00Z,900,true,1.192682,0.752464,0.747482,0.926988
N20261102-S017,N20261102,2026-11-03T04:30:00Z,900,true,1.309443,0.823471,0.767917,0.880509
N20261102-S018,N20261102,2026-11-03T04:45:00Z,900,true,1.256303,0.785911,0.731679,0.965515
N20261102-S019,N20261102,2026-11-03T05:00:00Z,900,true,1.103291,0.763203,0.876676,0.968239
N20261102-S020,N20261102,2026-11-03T05:15:00Z,900,true,1.316250,0.887504,0.930223,0.902970
N20261102-S021,N20261102,2026-11-03T05:30:00Z,900,true,1.235444,0.788639,0.926447,0.941857
N20261102-S022,N20261102,2026-11-03T05:45:00Z,900,true,1.046487,0.824715,0.924713,0.960192
N20261102-S023,N20261102,2026-11-03T06:00:00Z,900,true,1.305374,0.949588,0.824656,0.907958
N20261102-S024,N20261102,2026-11-03T06:15:00Z,900,true,1.014285,0.917480,0.775711,0.966917
N20261102-S025,N20261102,2026-11-03T06:30:00Z,900,true,1.314895,0.915789,0.812731,0.893996
N20261102-S026,N20261102,2026-11-03T06:45:00Z,900,true,1.249472,0.840110,0.803762,0.891673
N20261102-S027,N20261102,2026-11-03T07:00:00Z,900,true,1.068304,0.899931,0.871444,0.921313
N20261102-S028,N20261102,2026-11-03T07:15:00Z,900,true,1.309899,0.798100,0.813074,0.879611
N20261102-S029,N20261102,2026-11-03T07:30:00Z,900,true,1.092298,0.817361,0.733907,0.897620
N20261102-S030,N20261102,2026-11-03T07:45:00Z,900,false,1.149710,0.823095,0.936564,0.928749
N20261102-S031,N20261102,2026-11-03T08:00:00Z,900,true,0.908555,0.945221,0.796737,0.966417
N20261102-S032,N20261102,2026-11-03T08:15:00Z,900,true,0.894032,0.776893,0.908914,0.883414
N20261103-S001,N20261103,2026-11-04T00:30:00Z,900,true,0.966559,0.841858,0.799682,0.877593
N20261103-S002,N20261103,2026-11-04T00:45:00Z,900,true,1.373905,0.767035,0.898268,0.939000
N20261103-S003,N20261103,2026-11-04T01:00:00Z,900,true,0.895675,0.890729,0.805429,0.952698
N20261103-S004,N20261103,2026-11-04T01:15:00Z,900,true,1.140216,0.811566,0.784332,0.911910
N20261103-S005,N20261103,2026-11-04T01:30:00Z,900,true,1.335119,0.750302,0.788863,0.983626
N20261103-S006,N20261103,2026-11-04T01:45:00Z,900,true,0.890774,0.806588,0.766973,0.946209
N20261103-S007,N20261103,2026-11-04T02:00:00Z,900,true,1.308033,0.837985,0.928747,0.940126
N20261103-S008,N20261103,2026-11-04T02:15:00Z,900,true,1.030651,0.779314,0.842552,0.882773
N20261103-S009,N20261103,2026-11-04T02:30:00Z,900,true,1.115547,0.886232,0.762815,0.929583
N20261103-S010,N20261103,2026-11-04T02:45:00Z,900,true,0.912039,0.752580,0.781412,0.878374
N20261103-S011,N20261103,2026-11-04T03:00:00Z,900,true,1.123175,0.888779,0.892674,0.951686
N20261103-S012,N20261103,2026-11-04T03:15:00Z,900,true,0.876883,0.784200,0.860763,0.950536
N20261103-S013,N20261103,2026-11-04T03:30:00Z,900,true,1.332177,0.816724,0.827351,0.944313
N20261103-S014,N20261103,2026-11-04T03:45:00Z,900,true,1.136145,0.907129,0.780974,0.921677
N20261103-S015,N20261103,2026-11-04T04:00:00Z,900,false,0.985286,0.929327,0.749118,0.960323
N20261103-S016,N20261103,2026-11-04T04:15:00Z,900,true,1.257899,0.799120,0.781696,0.880288
N20261103-S017,N20261103,2026-11-04T04:30:00Z,900,true,0.953297,0.795359,0.791594,0.984085
N20261103-S018,N20261103,2026-11-04T04:45:00Z,900,true,1.209477,0.900053,0.770428,0.890944
N20261103-S019,N20261103,2026-11-04T05:00:00Z,900,true,1.090180,0.831196,0.929766,0.943625
N20261103-S020,N20261103,2026-11-04T05:15:00Z,900,true,1.184681,0.876731,0.809226,0.889840
N20261103-S021,N20261103,2026-11-04T05:30:00Z,900,true,1.384201,0.835465,0.792588,0.894739
N20261103-S022,N20261103,2026-11-04T05:45:00Z,900,true,0.975505,0.862188,0.900016,0.892211
N20261103-S023,N20261103,2026-11-04T06:00:00Z,900,true,1.303092,0.941176,0.939782,0.964941
N20261103-S024,N20261103,2026-11-04T06:15:00Z,900,true,1.208886,0.941981,0.785359,0.910331
N20261103-S025,N20261103,2026-11-04T06:30:00Z,900,true,1.033233,0.796086,0.862592,0.922556
N20261103-S026,N20261103,2026-11-04T06:45:00Z,900,true,0.951144,0.791828,0.813568,0.959581
N20261103-S027,N20261103,2026-11-04T07:00:00Z,900,true,1.277808,0.835118,0.792699,0.914754
N20261103-S028,N20261103,2026-11-04T07:15:00Z,900,true,1.091404,0.925719,0.942753,0.904507
N20261103-S029,N20261103,2026-11-04T07:30:00Z,900,true,0.997103,0.938185,0.861261,0.958455
N20261103-S030,N20261103,2026-11-04T07:45:00Z,900,true,1.059873,0.883287,0.926034,0.922250
N20261103-S031,N20261103,2026-11-04T08:00:00Z,900,true,1.365303,0.794154,0.804999,0.958866
N20261103-S032,N20261103,2026-11-04T08:15:00Z,900,true,0.942067,0.857143,0.773835,0.924529
N20261104-S001,N20261104,2026-11-05T00:30:00Z,900,true,1.138593,0.769255,0.897666,0.880490
N20261104-S002,N20261104,2026-11-05T00:45:00Z,900,true,0.961563,0.850847,0.926255,0.956752
N20261104-S003,N20261104,2026-11-05T01:00:00Z,900,true,0.900754,0.889301,0.778247,0.957901
N20261104-S004,N20261104,2026-11-05T01:15:00Z,900,true,1.218114,0.930181,0.806110,0.931674
N20261104-S005,N20261104,2026-11-05T01:30:00Z,900,true,0.965865,0.940997,0.914732,0.944485
N20261104-S006,N20261104,2026-11-05T01:45:00Z,900,true,1.059371,0.774845,0.860343,0.884459
N20261104-S007,N20261104,2026-11-05T02:00:00Z,900,true,1.070856,0.835943,0.828839,0.917259
N20261104-S008,N20261104,2026-11-05T02:15:00Z,900,false,0.930299,0.827513,0.887058,0.896216
N20261104-S009,N20261104,2026-11-05T02:30:00Z,900,true,1.022791,0.894119,0.929470,0.954273
N20261104-S010,N20261104,2026-11-05T02:45:00Z,900,true,0.960730,0.814618,0.742771,0.910100
N20261104-S011,N20261104,2026-11-05T03:00:00Z,900,true,1.030550,0.766657,0.878126,0.930145
N20261104-S012,N20261104,2026-11-05T03:15:00Z,900,true,1.384711,0.809792,0.762571,0.959110
N20261104-S013,N20261104,2026-11-05T03:30:00Z,900,true,0.970258,0.912583,0.882005,0.899428
N20261104-S014,N20261104,2026-11-05T03:45:00Z,900,true,0.990514,0.933332,0.758958,0.884751
N20261104-S015,N20261104,2026-11-05T04:00:00Z,900,true,0.989187,0.906019,0.789036,0.893329
N20261104-S016,N20261104,2026-11-05T04:15:00Z,900,true,1.028987,0.842829,0.924845,0.897718
N20261104-S017,N20261104,2026-11-05T04:30:00Z,900,true,1.232558,0.943315,0.747585,0.926663
N20261104-S018,N20261104,2026-11-05T04:45:00Z,900,true,1.285621,0.863589,0.900181,0.972475
N20261104-S019,N20261104,2026-11-05T05:00:00Z,900,true,1.305724,0.929078,0.778013,0.923814
N20261104-S020,N20261104,2026-11-05T05:15:00Z,900,true,1.328180,0.768173,0.878231,0.938386
N20261104-S021,N20261104,2026-11-05T05:30:00Z,900,true,1.005493,0.918734,0.746459,0.910179
N20261104-S022,N20261104,2026-11-05T05:45:00Z,900,true,1.063271,0.905226,0.756307,0.925711
N20261104-S023,N20261104,2026-11-05T06:00:00Z,900,true,1.203696,0.788514,0.790943,0.883398
N20261104-S024,N20261104,2026-11-05T06:15:00Z,900,true,1.151997,0.783876,0.909475,0.976693
N20261104-S025,N20261104,2026-11-05T06:30:00Z,900,true,1.233120,0.747808,0.758361,0.938020
N20261104-S026,N20261104,2026-11-05T06:45:00Z,900,true,0.955987,0.749743,0.755108,0.976539
N20261104-S027,N20261104,2026-11-05T07:00:00Z,900,true,1.002009,0.772975,0.921112,0.905120
N20261104-S028,N20261104,2026-11-05T07:15:00Z,900,true,1.200911,0.948575,0.921671,0.898463
N20261104-S029,N20261104,2026-11-05T07:30:00Z,900,true,1.080633,0.774549,0.938396,0.899203
N20261104-S030,N20261104,2026-11-05T07:45:00Z,900,true,1.074986,0.776021,0.810129,0.900074
N20261104-S031,N20261104,2026-11-05T08:00:00Z,900,true,0.896143,0.847606,0.797073,0.925704
N20261105-S001,N20261105,2026-11-06T00:30:00Z,900,false,1.475247,0.646838,0.475397,0.833205
N20261105-S002,N20261105,2026-11-06T00:45:00Z,900,true,1.765170,0.505702,0.571007,0.845405
N20261105-S003,N20261105,2026-11-06T01:00:00Z,900,true,1.656476,0.617906,0.455937,0.826243
N20261105-S004,N20261105,2026-11-06T01:15:00Z,900,true,1.518871,0.646525,0.730891,0.789535
N20261105-S005,N20261105,2026-11-06T01:30:00Z,900,true,1.931177,0.597092,0.554256,0.779546
N20261105-S006,N20261105,2026-11-06T01:45:00Z,900,true,1.615382,0.549689,0.753923,0.885938
N20261105-S007,N20261105,2026-11-06T02:00:00Z,900,true,1.601808,0.514171,0.439809,0.843339
N20261105-S008,N20261105,2026-11-06T02:15:00Z,900,true,1.215176,0.532305,0.432966,0.899984
N20261105-S009,N20261105,2026-11-06T02:30:00Z,900,true,1.562097,0.457897,0.726703,0.926416
N20261105-S010,N20261105,2026-11-06T02:45:00Z,900,true,1.597086,0.615419,0.631827,0.836725
N20261105-S011,N20261105,2026-11-06T03:00:00Z,900,true,1.360448,0.683417,0.730240,0.834844
N20261105-S012,N20261105,2026-11-06T03:15:00Z,900,false,1.277911,0.727406,0.429039,0.812813
N20261105-S013,N20261105,2026-11-06T03:30:00Z,900,false,1.768108,0.511863,0.750050,0.782077
N20261105-S014,N20261105,2026-11-06T03:45:00Z,900,true,1.414961,0.617472,0.754630,0.790678
N20261105-S015,N20261105,2026-11-06T04:00:00Z,900,true,1.208520,0.538458,0.689570,0.815817
N20261105-S016,N20261105,2026-11-06T04:15:00Z,900,true,1.868543,0.737975,0.718104,0.786200
N20261105-S017,N20261105,2026-11-06T04:30:00Z,900,false,1.259921,0.470307,0.450410,0.795511
N20261105-S018,N20261105,2026-11-06T04:45:00Z,900,true,1.536727,0.749264,0.663078,0.798165
N20261105-S019,N20261105,2026-11-06T05:00:00Z,900,true,1.744908,0.472991,0.692034,0.783071
N20261105-S020,N20261105,2026-11-06T05:15:00Z,900,true,1.939382,0.608607,0.570195,0.896235
N20261105-S021,N20261105,2026-11-06T05:30:00Z,900,true,1.310439,0.589550,0.502984,0.848515
N20261105-S022,N20261105,2026-11-06T05:45:00Z,900,true,1.474776,0.563582,0.599716,0.911328
N20261105-S023,N20261105,2026-11-06T06:00:00Z,900,true,1.820642,0.503758,0.538355,0.885367
N20261105-S024,N20261105,2026-11-06T06:15:00Z,900,true,1.504350,0.714887,0.586788,0.852517
N20261105-S025,N20261105,2026-11-06T06:30:00Z,900,true,1.502403,0.652111,0.749374,0.874791
N20261105-S026,N20261105,2026-11-06T06:45:00Z,900,true,1.197658,0.583148,0.640389,0.907036
N20261105-S027,N20261105,2026-11-06T07:00:00Z,900,true,1.489191,0.496689,0.678395,0.803661
N20261105-S028,N20261105,2026-11-06T07:15:00Z,900,true,1.286515,0.699436,0.705672,0.840768
N20261105-S029,N20261105,2026-11-06T07:30:00Z,900,true,1.219260,0.456363,0.565216,0.834409
N20261105-S030,N20261105,2026-11-06T07:45:00Z,900,true,1.616285,0.735114,0.736778,0.927900
N20261105-S031,N20261105,2026-11-06T08:00:00Z,900,true,1.481422,0.658609,0.550564,0.911598
N20261106-S001,N20261106,2026-11-07T00:30:00Z,900,true,1.198459,0.945493,0.780485,0.939667
N20261106-S002,N20261106,2026-11-07T00:45:00Z,900,true,1.076570,0.850747,0.927204,0.888588
N20261106-S003,N20261106,2026-11-07T01:00:00Z,900,true,0.926510,0.872059,0.859497,0.906962
N20261106-S004,N20261106,2026-11-07T01:15:00Z,900,true,0.962388,0.762287,0.757926,0.934543
N20261106-S005,N20261106,2026-11-07T01:30:00Z,900,false,1.266993,0.824266,0.890244,0.929633
N20261106-S006,N20261106,2026-11-07T01:45:00Z,900,true,1.042020,0.894480,0.807559,0.937366
N20261106-S007,N20261106,2026-11-07T02:00:00Z,900,true,1.388362,0.906517,0.918707,0.916452
N20261106-S008,N20261106,2026-11-07T02:15:00Z,900,true,1.281305,0.821904,0.768146,0.965039
N20261106-S009,N20261106,2026-11-07T02:30:00Z,900,true,1.108492,0.827364,0.872064,0.881262
N20261106-S010,N20261106,2026-11-07T02:45:00Z,900,true,1.239739,0.833767,0.815047,0.917761
N20261106-S011,N20261106,2026-11-07T03:00:00Z,900,true,1.140346,0.924393,0.763712,0.912366
N20261106-S012,N20261106,2026-11-07T03:15:00Z,900,true,1.157239,0.769898,0.849928,0.985592
N20261106-S013,N20261106,2026-11-07T03:30:00Z,900,true,1.248838,0.909738,0.746719,0.978383
N20261106-S014,N20261106,2026-11-07T03:45:00Z,900,true,0.957867,0.899399,0.828604,0.984990
N20261106-S015,N20261106,2026-11-07T04:00:00Z,900,true,0.906451,0.854025,0.923103,0.942258
N20261106-S016,N20261106,2026-11-07T04:15:00Z,900,true,1.319156,0.838796,0.808337,0.887446
N20261106-S017,N20261106,2026-11-07T04:30:00Z,900,true,1.176746,0.941593,0.929111,0.967575
N20261106-S018,N20261106,2026-11-07T04:45:00Z,900,true,1.216827,0.768911,0.837109,0.896390
N20261106-S019,N20261106,2026-11-07T05:00:00Z,900,true,1.229507,0.910388,0.840933,0.894077
N20261106-S020,N20261106,2026-11-07T05:15:00Z,900,true,1.325064,0.796761,0.770573,0.907356
N20261106-S021,N20261106,2026-11-07T05:30:00Z,900,true,0.953787,0.811889,0.764937,0.883138
N20261106-S022,N20261106,2026-11-07T05:45:00Z,900,true,1.369556,0.943384,0.890707,0.910584
N20261106-S023,N20261106,2026-11-07T06:00:00Z,900,false,1.153450,0.752949,0.837675,0.915383
N20261106-S024,N20261106,2026-11-07T06:15:00Z,900,true,1.084901,0.752215,0.907152,0.972432
N20261106-S025,N20261106,2026-11-07T06:30:00Z,900,true,0.891443,0.945900,0.917074,0.938667
N20261106-S026,N20261106,2026-11-07T06:45:00Z,900,true,1.193868,0.851392,0.795282,0.943211
N20261106-S027,N20261106,2026-11-07T07:00:00Z,900,true,0.994654,0.787740,0.844332,0.966353
N20261106-S028,N20261106,2026-11-07T07:15:00Z,900,true,1.046482,0.864876,0.899087,0.953682
N20261106-S029,N20261106,2026-11-07T07:30:00Z,900,true,0.940731,0.899336,0.771243,0.920452
N20261106-S030,N20261106,2026-11-07T07:45:00Z,900,false,1.215480,0.939453,0.805558,0.881399
N20261106-S031,N20261106,2026-11-07T08:00:00Z,900,true,1.007728,0.861893,0.932078,0.977279
N20261107-S001,N20261107,2026-11-08T00:30:00Z,900,false,0.945157,0.823337,0.725055,0.942007
N20261107-S002,N20261107,2026-11-08T00:45:00Z,900,true,0.938702,0.888173,0.939759,0.956456
N20261107-S003,N20261107,2026-11-08T01:00:00Z,900,true,0.941920,0.747296,0.761255,0.955890
N20261107-S004,N20261107,2026-11-08T01:15:00Z,900,true,0.962748,0.820878,0.777453,0.902217
N20261107-S005,N20261107,2026-11-08T01:30:00Z,900,true,0.897587,0.884168,0.815392,0.903554
N20261107-S006,N20261107,2026-11-08T01:45:00Z,900,true,1.302841,0.842318,0.803972,0.978830
N20261107-S007,N20261107,2026-11-08T02:00:00Z,900,true,1.216243,0.953499,0.856879,0.913485
N20261107-S008,N20261107,2026-11-08T02:15:00Z,900,true,1.371247,0.811198,0.817120,0.944914
N20261107-S009,N20261107,2026-11-08T02:30:00Z,900,true,1.135978,0.833384,0.765740,0.892727
N20261107-S010,N20261107,2026-11-08T02:45:00Z,900,true,0.940866,0.757472,0.790326,0.935555
N20261107-S011,N20261107,2026-11-08T03:00:00Z,900,true,0.877556,0.786934,0.730328,0.965999
N20261107-S012,N20261107,2026-11-08T03:15:00Z,900,true,0.897134,0.934876,0.738141,0.965191
N20261107-S013,N20261107,2026-11-08T03:30:00Z,900,true,0.994748,0.761515,0.743239,0.905629
N20261107-S014,N20261107,2026-11-08T03:45:00Z,900,true,1.097117,0.807186,0.902571,0.887406
N20261107-S015,N20261107,2026-11-08T04:00:00Z,900,true,1.138560,0.853184,0.746339,0.970139
N20261107-S016,N20261107,2026-11-08T04:15:00Z,900,true,1.069481,0.856859,0.852712,0.949190
N20261107-S017,N20261107,2026-11-08T04:30:00Z,900,true,0.938864,0.918952,0.941324,0.931127
N20261107-S018,N20261107,2026-11-08T04:45:00Z,900,true,1.020509,0.785190,0.940494,0.952179
N20261107-S019,N20261107,2026-11-08T05:00:00Z,900,true,1.121409,0.919936,0.777138,0.930653
N20261107-S020,N20261107,2026-11-08T05:15:00Z,900,true,1.348616,0.771341,0.866124,0.984681
N20261107-S021,N20261107,2026-11-08T05:30:00Z,900,true,1.348315,0.788714,0.798441,0.951949
N20261107-S022,N20261107,2026-11-08T05:45:00Z,900,true,1.077787,0.775960,0.934748,0.933569
N20261107-S023,N20261107,2026-11-08T06:00:00Z,900,true,1.310163,0.948298,0.791728,0.895484
N20261107-S024,N20261107,2026-11-08T06:15:00Z,900,true,0.903245,0.942872,0.885930,0.886622
N20261107-S025,N20261107,2026-11-08T06:30:00Z,900,true,1.184662,0.923559,0.866583,0.928834
N20261107-S026,N20261107,2026-11-08T06:45:00Z,900,true,1.311050,0.785650,0.728261,0.910759
N20261107-S027,N20261107,2026-11-08T07:00:00Z,900,false,1.209074,0.922773,0.833780,0.942188
N20261107-S028,N20261107,2026-11-08T07:15:00Z,900,true,1.044125,0.793837,0.880135,0.894906
N20261107-S029,N20261107,2026-11-08T07:30:00Z,900,true,1.226144,0.945375,0.814853,0.893499
N20261107-S030,N20261107,2026-11-08T07:45:00Z,900,true,1.141431,0.909356,0.832502,0.962095
N20261107-S031,N20261107,2026-11-08T08:00:00Z,900,true,1.357936,0.920218,0.886470,0.932117
N20261108-S001,N20261108,2026-11-09T00:30:00Z,900,true,1.245958,0.479977,0.669100,0.865384
N20261108-S002,N20261108,2026-11-09T00:45:00Z,900,true,1.503905,0.492866,0.732665,0.911214
N20261108-S003,N20261108,2026-11-09T01:00:00Z,900,true,1.606662,0.726536,0.606386,0.928913
N20261108-S004,N20261108,2026-11-09T01:15:00Z,900,false,1.617290,0.629492,0.447991,0.871426
N20261108-S005,N20261108,2026-11-09T01:30:00Z,900,true,1.427867,0.563421,0.465635,0.861931
N20261108-S006,N20261108,2026-11-09T01:45:00Z,900,true,1.798351,0.750379,0.680219,0.924872
N20261108-S007,N20261108,2026-11-09T02:00:00Z,900,true,1.699750,0.486822,0.574843,0.922359
N20261108-S008,N20261108,2026-11-09T02:15:00Z,900,true,1.630082,0.675548,0.635362,0.869600
N20261108-S009,N20261108,2026-11-09T02:30:00Z,900,true,1.624100,0.734254,0.606905,0.816626
N20261108-S010,N20261108,2026-11-09T02:45:00Z,900,true,1.660853,0.463523,0.658699,0.849215
N20261108-S011,N20261108,2026-11-09T03:00:00Z,900,true,1.765037,0.629428,0.469941,0.819694
N20261108-S012,N20261108,2026-11-09T03:15:00Z,900,true,1.876471,0.659867,0.480665,0.877477
N20261108-S013,N20261108,2026-11-09T03:30:00Z,900,true,1.262328,0.581781,0.460876,0.785570
N20261108-S014,N20261108,2026-11-09T03:45:00Z,900,true,1.887672,0.654804,0.620314,0.929242
N20261108-S015,N20261108,2026-11-09T04:00:00Z,900,true,1.741078,0.749644,0.609522,0.800655
N20261108-S016,N20261108,2026-11-09T04:15:00Z,900,true,1.307396,0.691341,0.432262,0.886471
N20261108-S017,N20261108,2026-11-09T04:30:00Z,900,true,1.277068,0.665753,0.509245,0.917989
N20261108-S018,N20261108,2026-11-09T04:45:00Z,900,true,1.649684,0.516297,0.733101,0.934079
N20261108-S019,N20261108,2026-11-09T05:00:00Z,900,true,1.655622,0.569374,0.591226,0.852861
N20261108-S020,N20261108,2026-11-09T05:15:00Z,900,true,1.488918,0.704453,0.505191,0.777748
N20261108-S021,N20261108,2026-11-09T05:30:00Z,900,true,1.909461,0.588743,0.749644,0.917221
N20261108-S022,N20261108,2026-11-09T05:45:00Z,900,true,1.218053,0.691247,0.594557,0.907149
N20261108-S023,N20261108,2026-11-09T06:00:00Z,900,true,1.709078,0.703536,0.483620,0.787290
N20261108-S024,N20261108,2026-11-09T06:15:00Z,900,true,1.926187,0.602312,0.434732,0.829043
N20261108-S025,N20261108,2026-11-09T06:30:00Z,900,true,1.445105,0.661944,0.529034,0.927168
N20261108-S026,N20261108,2026-11-09T06:45:00Z,900,true,1.570438,0.532031,0.727095,0.898728
N20261108-S027,N20261108,2026-11-09T07:00:00Z,900,true,1.358915,0.554309,0.432775,0.882359
N20261108-S028,N20261108,2026-11-09T07:15:00Z,900,true,1.901495,0.715908,0.667174,0.862151
N20261108-S029,N20261108,2026-11-09T07:30:00Z,900,true,1.872665,0.764557,0.502793,0.906787
N20261108-S030,N20261108,2026-11-09T07:45:00Z,900,true,1.236919,0.751140,0.669432,0.810590
N20261108-S031,N20261108,2026-11-09T08:00:00Z,900,false,1.457275,0.695093,0.538177,0.862671
N20261109-S001,N20261109,2026-11-10T00:30:00Z,900,true,0.945779,0.901900,0.725711,0.924731
N20261109-S002,N20261109,2026-11-10T00:45:00Z,900,true,0.879107,0.905313,0.868456,0.953488
N20261109-S003,N20261109,2026-11-10T01:00:00Z,900,true,1.200502,0.777141,0.845796,0.891316
N20261109-S004,N20261109,2026-11-10T01:15:00Z,900,true,1.275813,0.820430,0.853969,0.885217
N20261109-S005,N20261109,2026-11-10T01:30:00Z,900,true,1.317894,0.820127,0.885480,0.984508
N20261109-S006,N20261109,2026-11-10T01:45:00Z,900,true,1.053802,0.808562,0.798904,0.981497
N20261109-S007,N20261109,2026-11-10T02:00:00Z,900,true,0.978253,0.809121,0.909234,0.918457
N20261109-S008,N20261109,2026-11-10T02:15:00Z,900,true,1.384611,0.929114,0.872128,0.959859
N20261109-S009,N20261109,2026-11-10T02:30:00Z,900,true,1.082276,0.809060,0.894033,0.914642
N20261109-S010,N20261109,2026-11-10T02:45:00Z,900,true,0.928843,0.773905,0.861225,0.925633
N20261109-S011,N20261109,2026-11-10T03:00:00Z,900,true,1.143639,0.879709,0.753556,0.898720
N20261109-S012,N20261109,2026-11-10T03:15:00Z,900,true,1.322480,0.811055,0.839996,0.885175
N20261109-S013,N20261109,2026-11-10T03:30:00Z,900,true,0.944504,0.859385,0.798795,0.917260
N20261109-S014,N20261109,2026-11-10T03:45:00Z,900,true,0.980397,0.819949,0.866715,0.936154
N20261109-S015,N20261109,2026-11-10T04:00:00Z,900,false,1.371936,0.800968,0.788191,0.983034
N20261109-S016,N20261109,2026-11-10T04:15:00Z,900,true,0.911913,0.802744,0.821781,0.923150
N20261109-S017,N20261109,2026-11-10T04:30:00Z,900,true,1.214889,0.800487,0.847019,0.892353
N20261109-S018,N20261109,2026-11-10T04:45:00Z,900,true,0.986959,0.947916,0.757040,0.892473
N20261109-S019,N20261109,2026-11-10T05:00:00Z,900,true,1.326609,0.851674,0.800772,0.890523
N20261109-S020,N20261109,2026-11-10T05:15:00Z,900,true,1.295484,0.805380,0.857742,0.948965
N20261109-S021,N20261109,2026-11-10T05:30:00Z,900,true,1.254469,0.897193,0.736501,0.880714
N20261109-S022,N20261109,2026-11-10T05:45:00Z,900,true,1.016355,0.854505,0.827373,0.962172
N20261109-S023,N20261109,2026-11-10T06:00:00Z,900,true,1.137034,0.940206,0.785285,0.939243
N20261109-S024,N20261109,2026-11-10T06:15:00Z,900,true,0.888648,0.793806,0.903740,0.917357
N20261109-S025,N20261109,2026-11-10T06:30:00Z,900,true,0.922905,0.751526,0.832851,0.953941
N20261109-S026,N20261109,2026-11-10T06:45:00Z,900,false,0.979096,0.777893,0.880361,0.973802
N20261109-S027,N20261109,2026-11-10T07:00:00Z,900,true,1.052443,0.928017,0.890565,0.921900
N20261109-S028,N20261109,2026-11-10T07:15:00Z,900,false,1.305399,0.936243,0.857448,0.891661
N20261109-S029,N20261109,2026-11-10T07:30:00Z,900,true,1.137043,0.936449,0.803061,0.958419
N20261109-S030,N20261109,2026-11-10T07:45:00Z,900,true,1.127456,0.768105,0.767679,0.934710
N20261109-S031,N20261109,2026-11-10T08:00:00Z,900,true,1.334326,0.905969,0.847622,0.967719
N20261110-S001,N20261110,2026-11-11T00:30:00Z,900,true,0.872940,0.915239,0.821361,0.922892
N20261110-S002,N20261110,2026-11-11T00:45:00Z,900,true,1.006399,0.862341,0.832026,0.984999
N20261110-S003,N20261110,2026-11-11T01:00:00Z,900,true,1.015532,0.945203,0.910628,0.970212
N20261110-S004,N20261110,2026-11-11T01:15:00Z,900,false,1.293200,0.862727,0.847385,0.890225
N20261110-S005,N20261110,2026-11-11T01:30:00Z,900,true,1.357622,0.745515,0.750896,0.968951
N20261110-S006,N20261110,2026-11-11T01:45:00Z,900,true,1.121438,0.758206,0.797790,0.904425
N20261110-S007,N20261110,2026-11-11T02:00:00Z,900,true,0.961113,0.863992,0.891343,0.968046
N20261110-S008,N20261110,2026-11-11T02:15:00Z,900,true,0.933276,0.746146,0.936499,0.943834
N20261110-S009,N20261110,2026-11-11T02:30:00Z,900,true,0.939727,0.826168,0.779878,0.983548
N20261110-S010,N20261110,2026-11-11T02:45:00Z,900,true,1.340624,0.798202,0.744314,0.884118
N20261110-S011,N20261110,2026-11-11T03:00:00Z,900,true,1.209623,0.954660,0.856235,0.963624
N20261110-S012,N20261110,2026-11-11T03:15:00Z,900,true,1.357687,0.769993,0.904044,0.935213
N20261110-S013,N20261110,2026-11-11T03:30:00Z,900,true,1.122940,0.850924,0.767858,0.962649
N20261110-S014,N20261110,2026-11-11T03:45:00Z,900,true,1.108073,0.831558,0.779409,0.953111
N20261110-S015,N20261110,2026-11-11T04:00:00Z,900,true,1.145210,0.822300,0.738715,0.881354
N20261110-S016,N20261110,2026-11-11T04:15:00Z,900,true,1.046878,0.904956,0.815233,0.927941
N20261110-S017,N20261110,2026-11-11T04:30:00Z,900,true,1.151948,0.895158,0.773039,0.957565
N20261110-S018,N20261110,2026-11-11T04:45:00Z,900,true,1.265648,0.838672,0.844393,0.920291
N20261110-S019,N20261110,2026-11-11T05:00:00Z,900,true,1.182424,0.790334,0.734938,0.897487
N20261110-S020,N20261110,2026-11-11T05:15:00Z,900,true,1.063635,0.954301,0.906551,0.956079
N20261110-S021,N20261110,2026-11-11T05:30:00Z,900,true,1.345019,0.801148,0.902964,0.888328
N20261110-S022,N20261110,2026-11-11T05:45:00Z,900,true,0.895573,0.820452,0.726722,0.893235
N20261110-S023,N20261110,2026-11-11T06:00:00Z,900,false,1.228175,0.747270,0.836746,0.888956
N20261110-S024,N20261110,2026-11-11T06:15:00Z,900,true,1.065717,0.763665,0.890642,0.897749
N20261110-S025,N20261110,2026-11-11T06:30:00Z,900,true,1.114498,0.885166,0.774597,0.887763
N20261110-S026,N20261110,2026-11-11T06:45:00Z,900,true,1.042197,0.865334,0.823085,0.878349
N20261110-S027,N20261110,2026-11-11T07:00:00Z,900,true,1.202680,0.811838,0.808896,0.897721
N20261110-S028,N20261110,2026-11-11T07:15:00Z,900,true,1.007434,0.889178,0.869271,0.980527
N20261110-S029,N20261110,2026-11-11T07:30:00Z,900,true,1.252423,0.785964,0.766769,0.958622
N20261110-S030,N20261110,2026-11-11T07:45:00Z,900,true,0.943026,0.785804,0.754201,0.957897
N20261110-S031,N20261110,2026-11-11T08:00:00Z,900,true,1.295989,0.783391,0.754678,0.967739
